49153 1
0
144
288
432
576
720
864
1008
1152
1296
1440
1584
1728
1872
2016
2160
2304
2448
2592
2736
2880
3024
3168
3312
3456
3600
3744
3888
4032
4176
4320
4464
4608
4752
4896
5040
5184
5328
5472
5616
5760
5904
6048
6192
6336
6480
6624
6768
6912
7056
7200
7344
7488
7632
7776
7920
8064
8208
8352
8496
8640
8784
8928
9072
9216
9360
9504
9648
9792
9936
10080
10224
10368
10512
10656
10800
10944
11088
11232
11376
11520
11664
11808
11952
12096
12240
12384
12528
12672
12816
12960
13104
13248
13392
13536
13680
13824
13968
14112
14256
14400
14544
14688
14832
14976
15120
15264
15408
15552
15696
15840
15984
16128
16272
16416
16560
16704
16848
16992
17136
17280
17424
17568
17712
17856
18000
18144
18288
18432
18576
18720
18864
19008
19152
19296
19440
19584
19728
19872
20016
20160
20304
20448
20592
20736
20880
21024
21168
21312
21456
21600
21744
21888
22032
22176
22320
22464
22608
22752
22896
23040
23184
23328
23472
23616
23760
23904
24048
24192
24336
24480
24624
24768
24912
25056
25200
25344
25488
25632
25776
25920
26064
26208
26352
26496
26640
26784
26928
27072
27216
27360
27504
27648
27792
27936
28080
28224
28368
28512
28656
28800
28944
29088
29232
29376
29520
29664
29808
29952
30096
30240
30384
30528
30672
30816
30960
31104
31248
31392
31536
31680
31824
31968
32112
32256
32400
32544
32688
32832
32976
33120
33264
33408
33552
33696
33840
33984
34128
34272
34416
34560
34704
34848
34992
35136
35280
35424
35568
35712
35856
36000
36144
36288
36432
36576
36720
36864
37008
37152
37296
37440
37584
37728
37872
38016
38160
38304
38448
38592
38736
38880
39024
39168
39312
39456
39600
39744
39888
40032
40176
40320
40464
40608
40752
40896
41040
41184
41328
41472
41616
41760
41904
42048
42192
42336
42480
42624
42768
42912
43056
43200
43344
43488
43632
43776
43920
44064
44208
44352
44496
44640
44784
44928
45072
45216
45360
45504
45648
45792
45936
46080
46224
46368
46512
46656
46800
46944
47088
47232
47376
47520
47664
47808
47952
48096
48240
48384
48528
48672
48816
48960
49104
49248
49392
49536
49680
49824
49968
50112
50256
50400
50544
50688
50832
50976
51120
51264
51408
51552
51696
51840
51984
52128
52272
52416
52560
52704
52848
52992
53136
53280
53424
53568
53712
53856
54000
54144
54288
54432
54576
54720
54864
55008
55152
55296
55440
55584
55728
55872
56016
56160
56304
56448
56592
56736
56880
57024
57168
57312
57456
57600
57744
57888
58032
58176
58320
58464
58608
58752
58896
59040
59184
59328
59472
59616
59760
59904
60048
60192
60336
60480
60624
60768
60912
61056
61200
61344
61488
61632
61776
61920
62064
62208
62352
62496
62640
62784
62928
63072
63216
63360
63504
63648
63792
63936
64080
64224
64368
64512
64656
64800
64944
65088
65232
65376
65520
65664
65808
65952
66096
66240
66384
66528
66672
66816
66960
67104
67248
67392
67536
67680
67824
67968
68112
68256
68400
68544
68688
68832
68976
69120
69264
69408
69552
69696
69840
69984
70128
70272
70416
70560
70704
70848
70992
71136
71280
71424
71568
71712
71856
72000
72144
72288
72432
72576
72720
72864
73008
73152
73296
73440
73584
73728
73872
74016
74160
74304
74448
74592
74736
74880
75024
75168
75312
75456
75600
75744
75888
76032
76176
76320
76464
76608
76752
76896
77040
77184
77328
77472
77616
77760
77904
78048
78192
78336
78480
78624
78768
78912
79056
79200
79344
79488
79632
79776
79920
80064
80208
80352
80496
80640
80784
80928
81072
81216
81360
81504
81648
81792
81936
82080
82224
82368
82512
82656
82800
82944
83088
83232
83376
83520
83664
83808
83952
84096
84240
84384
84528
84672
84816
84960
85104
85248
85392
85536
85680
85824
85968
86112
86256
86400
86544
86688
86832
86976
87120
87264
87408
87552
87696
87840
87984
88128
88272
88416
88560
88704
88848
88992
89136
89280
89424
89568
89712
89856
90000
90144
90288
90432
90576
90720
90864
91008
91152
91296
91440
91584
91728
91872
92016
92160
92304
92448
92592
92736
92880
93024
93168
93312
93456
93600
93744
93888
94032
94176
94320
94464
94608
94752
94896
95040
95184
95328
95472
95616
95760
95904
96048
96192
96336
96480
96624
96768
96912
97056
97200
97344
97488
97632
97776
97920
98064
98208
98352
98496
98640
98784
98928
99072
99216
99360
99504
99648
99792
99936
100080
100224
100368
100512
100656
100800
100944
101088
101232
101376
101520
101664
101808
101952
102096
102240
102384
102528
102672
102816
102960
103104
103248
103392
103536
103680
103824
103968
104112
104256
104400
104544
104688
104832
104976
105120
105264
105408
105552
105696
105840
105984
106128
106272
106416
106560
106704
106848
106992
107136
107280
107424
107568
107712
107856
108000
108144
108288
108432
108576
108720
108864
109008
109152
109296
109440
109584
109728
109872
110016
110160
110304
110448
110592
110736
110880
111024
111168
111312
111456
111600
111744
111888
112032
112176
112320
112464
112608
112752
112896
113040
113184
113328
113472
113616
113760
113904
114048
114192
114336
114480
114624
114768
114912
115056
115200
115344
115488
115632
115776
115920
116064
116208
116352
116496
116640
116784
116928
117072
117216
117360
117504
117648
117792
117936
118080
118224
118368
118512
118656
118800
118944
119088
119232
119376
119520
119664
119808
119952
120096
120240
120384
120528
120672
120816
120960
121104
121248
121392
121536
121680
121824
121968
122112
122256
122400
122544
122688
122832
122976
123120
123264
123408
123552
123696
123840
123984
124128
124272
124416
124560
124704
124848
124992
125136
125280
125424
125568
125712
125856
126000
126144
126288
126432
126576
126720
126864
127008
127152
127296
127440
127584
127728
127872
128016
128160
128304
128448
128592
128736
128880
129024
129168
129312
129456
129600
129744
129888
130032
130176
130320
130464
130608
130752
130896
131040
131184
131328
131472
131616
131760
131904
132048
132192
132336
132480
132624
132768
132912
133056
133200
133344
133488
133632
133776
133920
134064
134208
134352
134496
134640
134784
134928
135072
135216
135360
135504
135648
135792
135936
136080
136224
136368
136512
136656
136800
136944
137088
137232
137376
137520
137664
137808
137952
138096
138240
138384
138528
138672
138816
138960
139104
139248
139392
139536
139680
139824
139968
140112
140256
140400
140544
140688
140832
140976
141120
141264
141408
141552
141696
141840
141984
142128
142272
142416
142560
142704
142848
142992
143136
143280
143424
143568
143712
143856
144000
144144
144288
144432
144576
144720
144864
145008
145152
145296
145440
145584
145728
145872
146016
146160
146304
146448
146592
146736
146880
147024
147168
147312
147456
147600
147744
147888
148032
148176
148320
148464
148608
148752
148896
149040
149184
149328
149472
149616
149760
149904
150048
150192
150336
150480
150624
150768
150912
151056
151200
151344
151488
151632
151776
151920
152064
152208
152352
152496
152640
152784
152928
153072
153216
153360
153504
153648
153792
153936
154080
154224
154368
154512
154656
154800
154944
155088
155232
155376
155520
155664
155808
155952
156096
156240
156384
156528
156672
156816
156960
157104
157248
157392
157536
157680
157824
157968
158112
158256
158400
158544
158688
158832
158976
159120
159264
159408
159552
159696
159840
159984
160128
160272
160416
160560
160704
160848
160992
161136
161280
161424
161568
161712
161856
162000
162144
162288
162432
162576
162720
162864
163008
163152
163296
163440
163584
163728
163872
164016
164160
164304
164448
164592
164736
164880
165024
165168
165312
165456
165600
165744
165888
166032
166176
166320
166464
166608
166752
166896
167040
167184
167328
167472
167616
167760
167904
168048
168192
168336
168480
168624
168768
168912
169056
169200
169344
169488
169632
169776
169920
170064
170208
170352
170496
170640
170784
170928
171072
171216
171360
171504
171648
171792
171936
172080
172224
172368
172512
172656
172800
172944
173088
173232
173376
173520
173664
173808
173952
174096
174240
174384
174528
174672
174816
174960
175104
175248
175392
175536
175680
175824
175968
176112
176256
176400
176544
176688
176832
176976
177120
177264
177408
177552
177696
177840
177984
178128
178272
178416
178560
178704
178848
178992
179136
179280
179424
179568
179712
179856
180000
180144
180288
180432
180576
180720
180864
181008
181152
181296
181440
181584
181728
181872
182016
182160
182304
182448
182592
182736
182880
183024
183168
183312
183456
183600
183744
183888
184032
184176
184320
184464
184608
184752
184896
185040
185184
185328
185472
185616
185760
185904
186048
186192
186336
186480
186624
186768
186912
187056
187200
187344
187488
187632
187776
187920
188064
188208
188352
188496
188640
188784
188928
189072
189216
189360
189504
189648
189792
189936
190080
190224
190368
190512
190656
190800
190944
191088
191232
191376
191520
191664
191808
191952
192096
192240
192384
192528
192672
192816
192960
193104
193248
193392
193536
193680
193824
193968
194112
194256
194400
194544
194688
194832
194976
195120
195264
195408
195552
195696
195840
195984
196128
196272
196416
196560
196704
196848
196992
197136
197280
197424
197568
197712
197856
198000
198144
198288
198432
198576
198720
198864
199008
199152
199296
199440
199584
199728
199872
200016
200160
200304
200448
200592
200736
200880
201024
201168
201312
201456
201600
201744
201888
202032
202176
202320
202464
202608
202752
202896
203040
203184
203328
203472
203616
203760
203904
204048
204192
204336
204480
204624
204768
204912
205056
205200
205344
205488
205632
205776
205920
206064
206208
206352
206496
206640
206784
206928
207072
207216
207360
207504
207648
207792
207936
208080
208224
208368
208512
208656
208800
208944
209088
209232
209376
209520
209664
209808
209952
210096
210240
210384
210528
210672
210816
210960
211104
211248
211392
211536
211680
211824
211968
212112
212256
212400
212544
212688
212832
212976
213120
213264
213408
213552
213696
213840
213984
214128
214272
214416
214560
214704
214848
214992
215136
215280
215424
215568
215712
215856
216000
216144
216288
216432
216576
216720
216864
217008
217152
217296
217440
217584
217728
217872
218016
218160
218304
218448
218592
218736
218880
219024
219168
219312
219456
219600
219744
219888
220032
220176
220320
220464
220608
220752
220896
221040
221184
221328
221472
221616
221760
221904
222048
222192
222336
222480
222624
222768
222912
223056
223200
223344
223488
223632
223776
223920
224064
224208
224352
224496
224640
224784
224928
225072
225216
225360
225504
225648
225792
225936
226080
226224
226368
226512
226656
226800
226944
227088
227232
227376
227520
227664
227808
227952
228096
228240
228384
228528
228672
228816
228960
229104
229248
229392
229536
229680
229824
229968
230112
230256
230400
230544
230688
230832
230976
231120
231264
231408
231552
231696
231840
231984
232128
232272
232416
232560
232704
232848
232992
233136
233280
233424
233568
233712
233856
234000
234144
234288
234432
234576
234720
234864
235008
235152
235296
235440
235584
235728
235872
236016
236160
236304
236448
236592
236736
236880
237024
237168
237312
237456
237600
237744
237888
238032
238176
238320
238464
238608
238752
238896
239040
239184
239328
239472
239616
239760
239904
240048
240192
240336
240480
240624
240768
240912
241056
241200
241344
241488
241632
241776
241920
242064
242208
242352
242496
242640
242784
242928
243072
243216
243360
243504
243648
243792
243936
244080
244224
244368
244512
244656
244800
244944
245088
245232
245376
245520
245664
245808
245952
246096
246240
246384
246528
246672
246816
246960
247104
247248
247392
247536
247680
247824
247968
248112
248256
248400
248544
248688
248832
248976
249120
249264
249408
249552
249696
249840
249984
250128
250272
250416
250560
250704
250848
250992
251136
251280
251424
251568
251712
251856
252000
252144
252288
252432
252576
252720
252864
253008
253152
253296
253440
253584
253728
253872
254016
254160
254304
254448
254592
254736
254880
255024
255168
255312
255456
255600
255744
255888
256032
256176
256320
256464
256608
256752
256896
257040
257184
257328
257472
257616
257760
257904
258048
258192
258336
258480
258624
258768
258912
259056
259200
259344
259488
259632
259776
259920
260064
260208
260352
260496
260640
260784
260928
261072
261216
261360
261504
261648
261792
261936
262080
262224
262368
262512
262656
262800
262944
263088
263232
263376
263520
263664
263808
263952
264096
264240
264384
264528
264672
264816
264960
265104
265248
265392
265536
265680
265824
265968
266112
266256
266400
266544
266688
266832
266976
267120
267264
267408
267552
267696
267840
267984
268128
268272
268416
268560
268704
268848
268992
269136
269280
269424
269568
269712
269856
270000
270144
270288
270432
270576
270720
270864
271008
271152
271296
271440
271584
271728
271872
272016
272160
272304
272448
272592
272736
272880
273024
273168
273312
273456
273600
273744
273888
274032
274176
274320
274464
274608
274752
274896
275040
275184
275328
275472
275616
275760
275904
276048
276192
276336
276480
276624
276768
276912
277056
277200
277344
277488
277632
277776
277920
278064
278208
278352
278496
278640
278784
278928
279072
279216
279360
279504
279648
279792
279936
280080
280224
280368
280512
280656
280800
280944
281088
281232
281376
281520
281664
281808
281952
282096
282240
282384
282528
282672
282816
282960
283104
283248
283392
283536
283680
283824
283968
284112
284256
284400
284544
284688
284832
284976
285120
285264
285408
285552
285696
285840
285984
286128
286272
286416
286560
286704
286848
286992
287136
287280
287424
287568
287712
287856
288000
288144
288288
288432
288576
288720
288864
289008
289152
289296
289440
289584
289728
289872
290016
290160
290304
290448
290592
290736
290880
291024
291168
291312
291456
291600
291744
291888
292032
292176
292320
292464
292608
292752
292896
293040
293184
293328
293472
293616
293760
293904
294048
294192
294336
294480
294624
294768
294912
295056
295200
295344
295488
295632
295776
295920
296064
296208
296352
296496
296640
296784
296928
297072
297216
297360
297504
297648
297792
297936
298080
298224
298368
298512
298656
298800
298944
299088
299232
299376
299520
299664
299808
299952
300096
300240
300384
300528
300672
300816
300960
301104
301248
301392
301536
301680
301824
301968
302112
302256
302400
302544
302688
302832
302976
303120
303264
303408
303552
303696
303840
303984
304128
304272
304416
304560
304704
304848
304992
305136
305280
305424
305568
305712
305856
306000
306144
306288
306432
306576
306720
306864
307008
307152
307296
307440
307584
307728
307872
308016
308160
308304
308448
308592
308736
308880
309024
309168
309312
309456
309600
309744
309888
310032
310176
310320
310464
310608
310752
310896
311040
311184
311328
311472
311616
311760
311904
312048
312192
312336
312480
312624
312768
312912
313056
313200
313344
313488
313632
313776
313920
314064
314208
314352
314496
314640
314784
314928
315072
315216
315360
315504
315648
315792
315936
316080
316224
316368
316512
316656
316800
316944
317088
317232
317376
317520
317664
317808
317952
318096
318240
318384
318528
318672
318816
318960
319104
319248
319392
319536
319680
319824
319968
320112
320256
320400
320544
320688
320832
320976
321120
321264
321408
321552
321696
321840
321984
322128
322272
322416
322560
322704
322848
322992
323136
323280
323424
323568
323712
323856
324000
324144
324288
324432
324576
324720
324864
325008
325152
325296
325440
325584
325728
325872
326016
326160
326304
326448
326592
326736
326880
327024
327168
327312
327456
327600
327744
327888
328032
328176
328320
328464
328608
328752
328896
329040
329184
329328
329472
329616
329760
329904
330048
330192
330336
330480
330624
330768
330912
331056
331200
331344
331488
331632
331776
331920
332064
332208
332352
332496
332640
332784
332928
333072
333216
333360
333504
333648
333792
333936
334080
334224
334368
334512
334656
334800
334944
335088
335232
335376
335520
335664
335808
335952
336096
336240
336384
336528
336672
336816
336960
337104
337248
337392
337536
337680
337824
337968
338112
338256
338400
338544
338688
338832
338976
339120
339264
339408
339552
339696
339840
339984
340128
340272
340416
340560
340704
340848
340992
341136
341280
341424
341568
341712
341856
342000
342144
342288
342432
342576
342720
342864
343008
343152
343296
343440
343584
343728
343872
344016
344160
344304
344448
344592
344736
344880
345024
345168
345312
345456
345600
345744
345888
346032
346176
346320
346464
346608
346752
346896
347040
347184
347328
347472
347616
347760
347904
348048
348192
348336
348480
348624
348768
348912
349056
349200
349344
349488
349632
349776
349920
350064
350208
350352
350496
350640
350784
350928
351072
351216
351360
351504
351648
351792
351936
352080
352224
352368
352512
352656
352800
352944
353088
353232
353376
353520
353664
353808
353952
354096
354240
354384
354528
354672
354816
354960
355104
355248
355392
355536
355680
355824
355968
356112
356256
356400
356544
356688
356832
356976
357120
357264
357408
357552
357696
357840
357984
358128
358272
358416
358560
358704
358848
358992
359136
359280
359424
359568
359712
359856
360000
360144
360288
360432
360576
360720
360864
361008
361152
361296
361440
361584
361728
361872
362016
362160
362304
362448
362592
362736
362880
363024
363168
363312
363456
363600
363744
363888
364032
364176
364320
364464
364608
364752
364896
365040
365184
365328
365472
365616
365760
365904
366048
366192
366336
366480
366624
366768
366912
367056
367200
367344
367488
367632
367776
367920
368064
368208
368352
368496
368640
368784
368928
369072
369216
369360
369504
369648
369792
369936
370080
370224
370368
370512
370656
370800
370944
371088
371232
371376
371520
371664
371808
371952
372096
372240
372384
372528
372672
372816
372960
373104
373248
373392
373536
373680
373824
373968
374112
374256
374400
374544
374688
374832
374976
375120
375264
375408
375552
375696
375840
375984
376128
376272
376416
376560
376704
376848
376992
377136
377280
377424
377568
377712
377856
378000
378144
378288
378432
378576
378720
378864
379008
379152
379296
379440
379584
379728
379872
380016
380160
380304
380448
380592
380736
380880
381024
381168
381312
381456
381600
381744
381888
382032
382176
382320
382464
382608
382752
382896
383040
383184
383328
383472
383616
383760
383904
384048
384192
384336
384480
384624
384768
384912
385056
385200
385344
385488
385632
385776
385920
386064
386208
386352
386496
386640
386784
386928
387072
387216
387360
387504
387648
387792
387936
388080
388224
388368
388512
388656
388800
388944
389088
389232
389376
389520
389664
389808
389952
390096
390240
390384
390528
390672
390816
390960
391104
391248
391392
391536
391680
391824
391968
392112
392256
392400
392544
392688
392832
392976
393120
393264
393408
393552
393696
393840
393984
394128
394272
394416
394560
394704
394848
394992
395136
395280
395424
395568
395712
395856
396000
396144
396288
396432
396576
396720
396864
397008
397152
397296
397440
397584
397728
397872
398016
398160
398304
398448
398592
398736
398880
399024
399168
399312
399456
399600
399744
399888
400032
400176
400320
400464
400608
400752
400896
401040
401184
401328
401472
401616
401760
401904
402048
402192
402336
402480
402624
402768
402912
403056
403200
403344
403488
403632
403776
403920
404064
404208
404352
404496
404640
404784
404928
405072
405216
405360
405504
405648
405792
405936
406080
406224
406368
406512
406656
406800
406944
407088
407232
407376
407520
407664
407808
407952
408096
408240
408384
408528
408672
408816
408960
409104
409248
409392
409536
409680
409824
409968
410112
410256
410400
410544
410688
410832
410976
411120
411264
411408
411552
411696
411840
411984
412128
412272
412416
412560
412704
412848
412992
413136
413280
413424
413568
413712
413856
414000
414144
414288
414432
414576
414720
414864
415008
415152
415296
415440
415584
415728
415872
416016
416160
416304
416448
416592
416736
416880
417024
417168
417312
417456
417600
417744
417888
418032
418176
418320
418464
418608
418752
418896
419040
419184
419328
419472
419616
419760
419904
420048
420192
420336
420480
420624
420768
420912
421056
421200
421344
421488
421632
421776
421920
422064
422208
422352
422496
422640
422784
422928
423072
423216
423360
423504
423648
423792
423936
424080
424224
424368
424512
424656
424800
424944
425088
425232
425376
425520
425664
425808
425952
426096
426240
426384
426528
426672
426816
426960
427104
427248
427392
427536
427680
427824
427968
428112
428256
428400
428544
428688
428832
428976
429120
429264
429408
429552
429696
429840
429984
430128
430272
430416
430560
430704
430848
430992
431136
431280
431424
431568
431712
431856
432000
432144
432288
432432
432576
432720
432864
433008
433152
433296
433440
433584
433728
433872
434016
434160
434304
434448
434592
434736
434880
435024
435168
435312
435456
435600
435744
435888
436032
436176
436320
436464
436608
436752
436896
437040
437184
437328
437472
437616
437760
437904
438048
438192
438336
438480
438624
438768
438912
439056
439200
439344
439488
439632
439776
439920
440064
440208
440352
440496
440640
440784
440928
441072
441216
441360
441504
441648
441792
441936
442080
442224
442368
442512
442656
442800
442944
443088
443232
443376
443520
443664
443808
443952
444096
444240
444384
444528
444672
444816
444960
445104
445248
445392
445536
445680
445824
445968
446112
446256
446400
446544
446688
446832
446976
447120
447264
447408
447552
447696
447840
447984
448128
448272
448416
448560
448704
448848
448992
449136
449280
449424
449568
449712
449856
450000
450144
450288
450432
450576
450720
450864
451008
451152
451296
451440
451584
451728
451872
452016
452160
452304
452448
452592
452736
452880
453024
453168
453312
453456
453600
453744
453888
454032
454176
454320
454464
454608
454752
454896
455040
455184
455328
455472
455616
455760
455904
456048
456192
456336
456480
456624
456768
456912
457056
457200
457344
457488
457632
457776
457920
458064
458208
458352
458496
458640
458784
458928
459072
459216
459360
459504
459648
459792
459936
460080
460224
460368
460512
460656
460800
460944
461088
461232
461376
461520
461664
461808
461952
462096
462240
462384
462528
462672
462816
462960
463104
463248
463392
463536
463680
463824
463968
464112
464256
464400
464544
464688
464832
464976
465120
465264
465408
465552
465696
465840
465984
466128
466272
466416
466560
466704
466848
466992
467136
467280
467424
467568
467712
467856
468000
468144
468288
468432
468576
468720
468864
469008
469152
469296
469440
469584
469728
469872
470016
470160
470304
470448
470592
470736
470880
471024
471168
471312
471456
471600
471744
471888
472032
472176
472320
472464
472608
472752
472896
473040
473184
473328
473472
473616
473760
473904
474048
474192
474336
474480
474624
474768
474912
475056
475200
475344
475488
475632
475776
475920
476064
476208
476352
476496
476640
476784
476928
477072
477216
477360
477504
477648
477792
477936
478080
478224
478368
478512
478656
478800
478944
479088
479232
479376
479520
479664
479808
479952
480096
480240
480384
480528
480672
480816
480960
481104
481248
481392
481536
481680
481824
481968
482112
482256
482400
482544
482688
482832
482976
483120
483264
483408
483552
483696
483840
483984
484128
484272
484416
484560
484704
484848
484992
485136
485280
485424
485568
485712
485856
486000
486144
486288
486432
486576
486720
486864
487008
487152
487296
487440
487584
487728
487872
488016
488160
488304
488448
488592
488736
488880
489024
489168
489312
489456
489600
489744
489888
490032
490176
490320
490464
490608
490752
490896
491040
491184
491328
491472
491616
491760
491904
492048
492192
492336
492480
492624
492768
492912
493056
493200
493344
493488
493632
493776
493920
494064
494208
494352
494496
494640
494784
494928
495072
495216
495360
495504
495648
495792
495936
496080
496224
496368
496512
496656
496800
496944
497088
497232
497376
497520
497664
497808
497952
498096
498240
498384
498528
498672
498816
498960
499104
499248
499392
499536
499680
499824
499968
500112
500256
500400
500544
500688
500832
500976
501120
501264
501408
501552
501696
501840
501984
502128
502272
502416
502560
502704
502848
502992
503136
503280
503424
503568
503712
503856
504000
504144
504288
504432
504576
504720
504864
505008
505152
505296
505440
505584
505728
505872
506016
506160
506304
506448
506592
506736
506880
507024
507168
507312
507456
507600
507744
507888
508032
508176
508320
508464
508608
508752
508896
509040
509184
509328
509472
509616
509760
509904
510048
510192
510336
510480
510624
510768
510912
511056
511200
511344
511488
511632
511776
511920
512064
512208
512352
512496
512640
512784
512928
513072
513216
513360
513504
513648
513792
513936
514080
514224
514368
514512
514656
514800
514944
515088
515232
515376
515520
515664
515808
515952
516096
516240
516384
516528
516672
516816
516960
517104
517248
517392
517536
517680
517824
517968
518112
518256
518400
518544
518688
518832
518976
519120
519264
519408
519552
519696
519840
519984
520128
520272
520416
520560
520704
520848
520992
521136
521280
521424
521568
521712
521856
522000
522144
522288
522432
522576
522720
522864
523008
523152
523296
523440
523584
523728
523872
524016
524160
524304
524448
524592
524736
524880
525024
525168
525312
525456
525600
525744
525888
526032
526176
526320
526464
526608
526752
526896
527040
527184
527328
527472
527616
527760
527904
528048
528192
528336
528480
528624
528768
528912
529056
529200
529344
529488
529632
529776
529920
530064
530208
530352
530496
530640
530784
530928
531072
531216
531360
531504
531648
531792
531936
532080
532224
532368
532512
532656
532800
532944
533088
533232
533376
533520
533664
533808
533952
534096
534240
534384
534528
534672
534816
534960
535104
535248
535392
535536
535680
535824
535968
536112
536256
536400
536544
536688
536832
536976
537120
537264
537408
537552
537696
537840
537984
538128
538272
538416
538560
538704
538848
538992
539136
539280
539424
539568
539712
539856
540000
540144
540288
540432
540576
540720
540864
541008
541152
541296
541440
541584
541728
541872
542016
542160
542304
542448
542592
542736
542880
543024
543168
543312
543456
543600
543744
543888
544032
544176
544320
544464
544608
544752
544896
545040
545184
545328
545472
545616
545760
545904
546048
546192
546336
546480
546624
546768
546912
547056
547200
547344
547488
547632
547776
547920
548064
548208
548352
548496
548640
548784
548928
549072
549216
549360
549504
549648
549792
549936
550080
550224
550368
550512
550656
550800
550944
551088
551232
551376
551520
551664
551808
551952
552096
552240
552384
552528
552672
552816
552960
553104
553248
553392
553536
553680
553824
553968
554112
554256
554400
554544
554688
554832
554976
555120
555264
555408
555552
555696
555840
555984
556128
556272
556416
556560
556704
556848
556992
557136
557280
557424
557568
557712
557856
558000
558144
558288
558432
558576
558720
558864
559008
559152
559296
559440
559584
559728
559872
560016
560160
560304
560448
560592
560736
560880
561024
561168
561312
561456
561600
561744
561888
562032
562176
562320
562464
562608
562752
562896
563040
563184
563328
563472
563616
563760
563904
564048
564192
564336
564480
564624
564768
564912
565056
565200
565344
565488
565632
565776
565920
566064
566208
566352
566496
566640
566784
566928
567072
567216
567360
567504
567648
567792
567936
568080
568224
568368
568512
568656
568800
568944
569088
569232
569376
569520
569664
569808
569952
570096
570240
570384
570528
570672
570816
570960
571104
571248
571392
571536
571680
571824
571968
572112
572256
572400
572544
572688
572832
572976
573120
573264
573408
573552
573696
573840
573984
574128
574272
574416
574560
574704
574848
574992
575136
575280
575424
575568
575712
575856
576000
576144
576288
576432
576576
576720
576864
577008
577152
577296
577440
577584
577728
577872
578016
578160
578304
578448
578592
578736
578880
579024
579168
579312
579456
579600
579744
579888
580032
580176
580320
580464
580608
580752
580896
581040
581184
581328
581472
581616
581760
581904
582048
582192
582336
582480
582624
582768
582912
583056
583200
583344
583488
583632
583776
583920
584064
584208
584352
584496
584640
584784
584928
585072
585216
585360
585504
585648
585792
585936
586080
586224
586368
586512
586656
586800
586944
587088
587232
587376
587520
587664
587808
587952
588096
588240
588384
588528
588672
588816
588960
589104
589248
589392
589536
589680
589824
589968
590112
590256
590400
590544
590688
590832
590976
591120
591264
591408
591552
591696
591840
591984
592128
592272
592416
592560
592704
592848
592992
593136
593280
593424
593568
593712
593856
594000
594144
594288
594432
594576
594720
594864
595008
595152
595296
595440
595584
595728
595872
596016
596160
596304
596448
596592
596736
596880
597024
597168
597312
597456
597600
597744
597888
598032
598176
598320
598464
598608
598752
598896
599040
599184
599328
599472
599616
599760
599904
600048
600192
600336
600480
600624
600768
600912
601056
601200
601344
601488
601632
601776
601920
602064
602208
602352
602496
602640
602784
602928
603072
603216
603360
603504
603648
603792
603936
604080
604224
604368
604512
604656
604800
604944
605088
605232
605376
605520
605664
605808
605952
606096
606240
606384
606528
606672
606816
606960
607104
607248
607392
607536
607680
607824
607968
608112
608256
608400
608544
608688
608832
608976
609120
609264
609408
609552
609696
609840
609984
610128
610272
610416
610560
610704
610848
610992
611136
611280
611424
611568
611712
611856
612000
612144
612288
612432
612576
612720
612864
613008
613152
613296
613440
613584
613728
613872
614016
614160
614304
614448
614592
614736
614880
615024
615168
615312
615456
615600
615744
615888
616032
616176
616320
616464
616608
616752
616896
617040
617184
617328
617472
617616
617760
617904
618048
618192
618336
618480
618624
618768
618912
619056
619200
619344
619488
619632
619776
619920
620064
620208
620352
620496
620640
620784
620928
621072
621216
621360
621504
621648
621792
621936
622080
622224
622368
622512
622656
622800
622944
623088
623232
623376
623520
623664
623808
623952
624096
624240
624384
624528
624672
624816
624960
625104
625248
625392
625536
625680
625824
625968
626112
626256
626400
626544
626688
626832
626976
627120
627264
627408
627552
627696
627840
627984
628128
628272
628416
628560
628704
628848
628992
629136
629280
629424
629568
629712
629856
630000
630144
630288
630432
630576
630720
630864
631008
631152
631296
631440
631584
631728
631872
632016
632160
632304
632448
632592
632736
632880
633024
633168
633312
633456
633600
633744
633888
634032
634176
634320
634464
634608
634752
634896
635040
635184
635328
635472
635616
635760
635904
636048
636192
636336
636480
636624
636768
636912
637056
637200
637344
637488
637632
637776
637920
638064
638208
638352
638496
638640
638784
638928
639072
639216
639360
639504
639648
639792
639936
640080
640224
640368
640512
640656
640800
640944
641088
641232
641376
641520
641664
641808
641952
642096
642240
642384
642528
642672
642816
642960
643104
643248
643392
643536
643680
643824
643968
644112
644256
644400
644544
644688
644832
644976
645120
645264
645408
645552
645696
645840
645984
646128
646272
646416
646560
646704
646848
646992
647136
647280
647424
647568
647712
647856
648000
648144
648288
648432
648576
648720
648864
649008
649152
649296
649440
649584
649728
649872
650016
650160
650304
650448
650592
650736
650880
651024
651168
651312
651456
651600
651744
651888
652032
652176
652320
652464
652608
652752
652896
653040
653184
653328
653472
653616
653760
653904
654048
654192
654336
654480
654624
654768
654912
655056
655200
655344
655488
655632
655776
655920
656064
656208
656352
656496
656640
656784
656928
657072
657216
657360
657504
657648
657792
657936
658080
658224
658368
658512
658656
658800
658944
659088
659232
659376
659520
659664
659808
659952
660096
660240
660384
660528
660672
660816
660960
661104
661248
661392
661536
661680
661824
661968
662112
662256
662400
662544
662688
662832
662976
663120
663264
663408
663552
663696
663840
663984
664128
664272
664416
664560
664704
664848
664992
665136
665280
665424
665568
665712
665856
666000
666144
666288
666432
666576
666720
666864
667008
667152
667296
667440
667584
667728
667872
668016
668160
668304
668448
668592
668736
668880
669024
669168
669312
669456
669600
669744
669888
670032
670176
670320
670464
670608
670752
670896
671040
671184
671328
671472
671616
671760
671904
672048
672192
672336
672480
672624
672768
672912
673056
673200
673344
673488
673632
673776
673920
674064
674208
674352
674496
674640
674784
674928
675072
675216
675360
675504
675648
675792
675936
676080
676224
676368
676512
676656
676800
676944
677088
677232
677376
677520
677664
677808
677952
678096
678240
678384
678528
678672
678816
678960
679104
679248
679392
679536
679680
679824
679968
680112
680256
680400
680544
680688
680832
680976
681120
681264
681408
681552
681696
681840
681984
682128
682272
682416
682560
682704
682848
682992
683136
683280
683424
683568
683712
683856
684000
684144
684288
684432
684576
684720
684864
685008
685152
685296
685440
685584
685728
685872
686016
686160
686304
686448
686592
686736
686880
687024
687168
687312
687456
687600
687744
687888
688032
688176
688320
688464
688608
688752
688896
689040
689184
689328
689472
689616
689760
689904
690048
690192
690336
690480
690624
690768
690912
691056
691200
691344
691488
691632
691776
691920
692064
692208
692352
692496
692640
692784
692928
693072
693216
693360
693504
693648
693792
693936
694080
694224
694368
694512
694656
694800
694944
695088
695232
695376
695520
695664
695808
695952
696096
696240
696384
696528
696672
696816
696960
697104
697248
697392
697536
697680
697824
697968
698112
698256
698400
698544
698688
698832
698976
699120
699264
699408
699552
699696
699840
699984
700128
700272
700416
700560
700704
700848
700992
701136
701280
701424
701568
701712
701856
702000
702144
702288
702432
702576
702720
702864
703008
703152
703296
703440
703584
703728
703872
704016
704160
704304
704448
704592
704736
704880
705024
705168
705312
705456
705600
705744
705888
706032
706176
706320
706464
706608
706752
706896
707040
707184
707328
707472
707616
707760
707904
708048
708192
708336
708480
708624
708768
708912
709056
709200
709344
709488
709632
709776
709920
710064
710208
710352
710496
710640
710784
710928
711072
711216
711360
711504
711648
711792
711936
712080
712224
712368
712512
712656
712800
712944
713088
713232
713376
713520
713664
713808
713952
714096
714240
714384
714528
714672
714816
714960
715104
715248
715392
715536
715680
715824
715968
716112
716256
716400
716544
716688
716832
716976
717120
717264
717408
717552
717696
717840
717984
718128
718272
718416
718560
718704
718848
718992
719136
719280
719424
719568
719712
719856
720000
720144
720288
720432
720576
720720
720864
721008
721152
721296
721440
721584
721728
721872
722016
722160
722304
722448
722592
722736
722880
723024
723168
723312
723456
723600
723744
723888
724032
724176
724320
724464
724608
724752
724896
725040
725184
725328
725472
725616
725760
725904
726048
726192
726336
726480
726624
726768
726912
727056
727200
727344
727488
727632
727776
727920
728064
728208
728352
728496
728640
728784
728928
729072
729216
729360
729504
729648
729792
729936
730080
730224
730368
730512
730656
730800
730944
731088
731232
731376
731520
731664
731808
731952
732096
732240
732384
732528
732672
732816
732960
733104
733248
733392
733536
733680
733824
733968
734112
734256
734400
734544
734688
734832
734976
735120
735264
735408
735552
735696
735840
735984
736128
736272
736416
736560
736704
736848
736992
737136
737280
737424
737568
737712
737856
738000
738144
738288
738432
738576
738720
738864
739008
739152
739296
739440
739584
739728
739872
740016
740160
740304
740448
740592
740736
740880
741024
741168
741312
741456
741600
741744
741888
742032
742176
742320
742464
742608
742752
742896
743040
743184
743328
743472
743616
743760
743904
744048
744192
744336
744480
744624
744768
744912
745056
745200
745344
745488
745632
745776
745920
746064
746208
746352
746496
746640
746784
746928
747072
747216
747360
747504
747648
747792
747936
748080
748224
748368
748512
748656
748800
748944
749088
749232
749376
749520
749664
749808
749952
750096
750240
750384
750528
750672
750816
750960
751104
751248
751392
751536
751680
751824
751968
752112
752256
752400
752544
752688
752832
752976
753120
753264
753408
753552
753696
753840
753984
754128
754272
754416
754560
754704
754848
754992
755136
755280
755424
755568
755712
755856
756000
756144
756288
756432
756576
756720
756864
757008
757152
757296
757440
757584
757728
757872
758016
758160
758304
758448
758592
758736
758880
759024
759168
759312
759456
759600
759744
759888
760032
760176
760320
760464
760608
760752
760896
761040
761184
761328
761472
761616
761760
761904
762048
762192
762336
762480
762624
762768
762912
763056
763200
763344
763488
763632
763776
763920
764064
764208
764352
764496
764640
764784
764928
765072
765216
765360
765504
765648
765792
765936
766080
766224
766368
766512
766656
766800
766944
767088
767232
767376
767520
767664
767808
767952
768096
768240
768384
768528
768672
768816
768960
769104
769248
769392
769536
769680
769824
769968
770112
770256
770400
770544
770688
770832
770976
771120
771264
771408
771552
771696
771840
771984
772128
772272
772416
772560
772704
772848
772992
773136
773280
773424
773568
773712
773856
774000
774144
774288
774432
774576
774720
774864
775008
775152
775296
775440
775584
775728
775872
776016
776160
776304
776448
776592
776736
776880
777024
777168
777312
777456
777600
777744
777888
778032
778176
778320
778464
778608
778752
778896
779040
779184
779328
779472
779616
779760
779904
780048
780192
780336
780480
780624
780768
780912
781056
781200
781344
781488
781632
781776
781920
782064
782208
782352
782496
782640
782784
782928
783072
783216
783360
783504
783648
783792
783936
784080
784224
784368
784512
784656
784800
784944
785088
785232
785376
785520
785664
785808
785952
786096
786240
786384
786528
786672
786816
786960
787104
787248
787392
787536
787680
787824
787968
788112
788256
788400
788544
788688
788832
788976
789120
789264
789408
789552
789696
789840
789984
790128
790272
790416
790560
790704
790848
790992
791136
791280
791424
791568
791712
791856
792000
792144
792288
792432
792576
792720
792864
793008
793152
793296
793440
793584
793728
793872
794016
794160
794304
794448
794592
794736
794880
795024
795168
795312
795456
795600
795744
795888
796032
796176
796320
796464
796608
796752
796896
797040
797184
797328
797472
797616
797760
797904
798048
798192
798336
798480
798624
798768
798912
799056
799200
799344
799488
799632
799776
799920
800064
800208
800352
800496
800640
800784
800928
801072
801216
801360
801504
801648
801792
801936
802080
802224
802368
802512
802656
802800
802944
803088
803232
803376
803520
803664
803808
803952
804096
804240
804384
804528
804672
804816
804960
805104
805248
805392
805536
805680
805824
805968
806112
806256
806400
806544
806688
806832
806976
807120
807264
807408
807552
807696
807840
807984
808128
808272
808416
808560
808704
808848
808992
809136
809280
809424
809568
809712
809856
810000
810144
810288
810432
810576
810720
810864
811008
811152
811296
811440
811584
811728
811872
812016
812160
812304
812448
812592
812736
812880
813024
813168
813312
813456
813600
813744
813888
814032
814176
814320
814464
814608
814752
814896
815040
815184
815328
815472
815616
815760
815904
816048
816192
816336
816480
816624
816768
816912
817056
817200
817344
817488
817632
817776
817920
818064
818208
818352
818496
818640
818784
818928
819072
819216
819360
819504
819648
819792
819936
820080
820224
820368
820512
820656
820800
820944
821088
821232
821376
821520
821664
821808
821952
822096
822240
822384
822528
822672
822816
822960
823104
823248
823392
823536
823680
823824
823968
824112
824256
824400
824544
824688
824832
824976
825120
825264
825408
825552
825696
825840
825984
826128
826272
826416
826560
826704
826848
826992
827136
827280
827424
827568
827712
827856
828000
828144
828288
828432
828576
828720
828864
829008
829152
829296
829440
829584
829728
829872
830016
830160
830304
830448
830592
830736
830880
831024
831168
831312
831456
831600
831744
831888
832032
832176
832320
832464
832608
832752
832896
833040
833184
833328
833472
833616
833760
833904
834048
834192
834336
834480
834624
834768
834912
835056
835200
835344
835488
835632
835776
835920
836064
836208
836352
836496
836640
836784
836928
837072
837216
837360
837504
837648
837792
837936
838080
838224
838368
838512
838656
838800
838944
839088
839232
839376
839520
839664
839808
839952
840096
840240
840384
840528
840672
840816
840960
841104
841248
841392
841536
841680
841824
841968
842112
842256
842400
842544
842688
842832
842976
843120
843264
843408
843552
843696
843840
843984
844128
844272
844416
844560
844704
844848
844992
845136
845280
845424
845568
845712
845856
846000
846144
846288
846432
846576
846720
846864
847008
847152
847296
847440
847584
847728
847872
848016
848160
848304
848448
848592
848736
848880
849024
849168
849312
849456
849600
849744
849888
850032
850176
850320
850464
850608
850752
850896
851040
851184
851328
851472
851616
851760
851904
852048
852192
852336
852480
852624
852768
852912
853056
853200
853344
853488
853632
853776
853920
854064
854208
854352
854496
854640
854784
854928
855072
855216
855360
855504
855648
855792
855936
856080
856224
856368
856512
856656
856800
856944
857088
857232
857376
857520
857664
857808
857952
858096
858240
858384
858528
858672
858816
858960
859104
859248
859392
859536
859680
859824
859968
860112
860256
860400
860544
860688
860832
860976
861120
861264
861408
861552
861696
861840
861984
862128
862272
862416
862560
862704
862848
862992
863136
863280
863424
863568
863712
863856
864000
864144
864288
864432
864576
864720
864864
865008
865152
865296
865440
865584
865728
865872
866016
866160
866304
866448
866592
866736
866880
867024
867168
867312
867456
867600
867744
867888
868032
868176
868320
868464
868608
868752
868896
869040
869184
869328
869472
869616
869760
869904
870048
870192
870336
870480
870624
870768
870912
871056
871200
871344
871488
871632
871776
871920
872064
872208
872352
872496
872640
872784
872928
873072
873216
873360
873504
873648
873792
873936
874080
874224
874368
874512
874656
874800
874944
875088
875232
875376
875520
875664
875808
875952
876096
876240
876384
876528
876672
876816
876960
877104
877248
877392
877536
877680
877824
877968
878112
878256
878400
878544
878688
878832
878976
879120
879264
879408
879552
879696
879840
879984
880128
880272
880416
880560
880704
880848
880992
881136
881280
881424
881568
881712
881856
882000
882144
882288
882432
882576
882720
882864
883008
883152
883296
883440
883584
883728
883872
884016
884160
884304
884448
884592
884736
884880
885024
885168
885312
885456
885600
885744
885888
886032
886176
886320
886464
886608
886752
886896
887040
887184
887328
887472
887616
887760
887904
888048
888192
888336
888480
888624
888768
888912
889056
889200
889344
889488
889632
889776
889920
890064
890208
890352
890496
890640
890784
890928
891072
891216
891360
891504
891648
891792
891936
892080
892224
892368
892512
892656
892800
892944
893088
893232
893376
893520
893664
893808
893952
894096
894240
894384
894528
894672
894816
894960
895104
895248
895392
895536
895680
895824
895968
896112
896256
896400
896544
896688
896832
896976
897120
897264
897408
897552
897696
897840
897984
898128
898272
898416
898560
898704
898848
898992
899136
899280
899424
899568
899712
899856
900000
900144
900288
900432
900576
900720
900864
901008
901152
901296
901440
901584
901728
901872
902016
902160
902304
902448
902592
902736
902880
903024
903168
903312
903456
903600
903744
903888
904032
904176
904320
904464
904608
904752
904896
905040
905184
905328
905472
905616
905760
905904
906048
906192
906336
906480
906624
906768
906912
907056
907200
907344
907488
907632
907776
907920
908064
908208
908352
908496
908640
908784
908928
909072
909216
909360
909504
909648
909792
909936
910080
910224
910368
910512
910656
910800
910944
911088
911232
911376
911520
911664
911808
911952
912096
912240
912384
912528
912672
912816
912960
913104
913248
913392
913536
913680
913824
913968
914112
914256
914400
914544
914688
914832
914976
915120
915264
915408
915552
915696
915840
915984
916128
916272
916416
916560
916704
916848
916992
917136
917280
917424
917568
917712
917856
918000
918144
918288
918432
918576
918720
918864
919008
919152
919296
919440
919584
919728
919872
920016
920160
920304
920448
920592
920736
920880
921024
921168
921312
921456
921600
921744
921888
922032
922176
922320
922464
922608
922752
922896
923040
923184
923328
923472
923616
923760
923904
924048
924192
924336
924480
924624
924768
924912
925056
925200
925344
925488
925632
925776
925920
926064
926208
926352
926496
926640
926784
926928
927072
927216
927360
927504
927648
927792
927936
928080
928224
928368
928512
928656
928800
928944
929088
929232
929376
929520
929664
929808
929952
930096
930240
930384
930528
930672
930816
930960
931104
931248
931392
931536
931680
931824
931968
932112
932256
932400
932544
932688
932832
932976
933120
933264
933408
933552
933696
933840
933984
934128
934272
934416
934560
934704
934848
934992
935136
935280
935424
935568
935712
935856
936000
936144
936288
936432
936576
936720
936864
937008
937152
937296
937440
937584
937728
937872
938016
938160
938304
938448
938592
938736
938880
939024
939168
939312
939456
939600
939744
939888
940032
940176
940320
940464
940608
940752
940896
941040
941184
941328
941472
941616
941760
941904
942048
942192
942336
942480
942624
942768
942912
943056
943200
943344
943488
943632
943776
943920
944064
944208
944352
944496
944640
944784
944928
945072
945216
945360
945504
945648
945792
945936
946080
946224
946368
946512
946656
946800
946944
947088
947232
947376
947520
947664
947808
947952
948096
948240
948384
948528
948672
948816
948960
949104
949248
949392
949536
949680
949824
949968
950112
950256
950400
950544
950688
950832
950976
951120
951264
951408
951552
951696
951840
951984
952128
952272
952416
952560
952704
952848
952992
953136
953280
953424
953568
953712
953856
954000
954144
954288
954432
954576
954720
954864
955008
955152
955296
955440
955584
955728
955872
956016
956160
956304
956448
956592
956736
956880
957024
957168
957312
957456
957600
957744
957888
958032
958176
958320
958464
958608
958752
958896
959040
959184
959328
959472
959616
959760
959904
960048
960192
960336
960480
960624
960768
960912
961056
961200
961344
961488
961632
961776
961920
962064
962208
962352
962496
962640
962784
962928
963072
963216
963360
963504
963648
963792
963936
964080
964224
964368
964512
964656
964800
964944
965088
965232
965376
965520
965664
965808
965952
966096
966240
966384
966528
966672
966816
966960
967104
967248
967392
967536
967680
967824
967968
968112
968256
968400
968544
968688
968832
968976
969120
969264
969408
969552
969696
969840
969984
970128
970272
970416
970560
970704
970848
970992
971136
971280
971424
971568
971712
971856
972000
972144
972288
972432
972576
972720
972864
973008
973152
973296
973440
973584
973728
973872
974016
974160
974304
974448
974592
974736
974880
975024
975168
975312
975456
975600
975744
975888
976032
976176
976320
976464
976608
976752
976896
977040
977184
977328
977472
977616
977760
977904
978048
978192
978336
978480
978624
978768
978912
979056
979200
979344
979488
979632
979776
979920
980064
980208
980352
980496
980640
980784
980928
981072
981216
981360
981504
981648
981792
981936
982080
982224
982368
982512
982656
982800
982944
983088
983232
983376
983520
983664
983808
983952
984096
984240
984384
984528
984672
984816
984960
985104
985248
985392
985536
985680
985824
985968
986112
986256
986400
986544
986688
986832
986976
987120
987264
987408
987552
987696
987840
987984
988128
988272
988416
988560
988704
988848
988992
989136
989280
989424
989568
989712
989856
990000
990144
990288
990432
990576
990720
990864
991008
991152
991296
991440
991584
991728
991872
992016
992160
992304
992448
992592
992736
992880
993024
993168
993312
993456
993600
993744
993888
994032
994176
994320
994464
994608
994752
994896
995040
995184
995328
995472
995616
995760
995904
996048
996192
996336
996480
996624
996768
996912
997056
997200
997344
997488
997632
997776
997920
998064
998208
998352
998496
998640
998784
998928
999072
999216
999360
999504
999648
999792
999936
1000080
1000224
1000368
1000512
1000656
1000800
1000944
1001088
1001232
1001376
1001520
1001664
1001808
1001952
1002096
1002240
1002384
1002528
1002672
1002816
1002960
1003104
1003248
1003392
1003536
1003680
1003824
1003968
1004112
1004256
1004400
1004544
1004688
1004832
1004976
1005120
1005264
1005408
1005552
1005696
1005840
1005984
1006128
1006272
1006416
1006560
1006704
1006848
1006992
1007136
1007280
1007424
1007568
1007712
1007856
1008000
1008144
1008288
1008432
1008576
1008720
1008864
1009008
1009152
1009296
1009440
1009584
1009728
1009872
1010016
1010160
1010304
1010448
1010592
1010736
1010880
1011024
1011168
1011312
1011456
1011600
1011744
1011888
1012032
1012176
1012320
1012464
1012608
1012752
1012896
1013040
1013184
1013328
1013472
1013616
1013760
1013904
1014048
1014192
1014336
1014480
1014624
1014768
1014912
1015056
1015200
1015344
1015488
1015632
1015776
1015920
1016064
1016208
1016352
1016496
1016640
1016784
1016928
1017072
1017216
1017360
1017504
1017648
1017792
1017936
1018080
1018224
1018368
1018512
1018656
1018800
1018944
1019088
1019232
1019376
1019520
1019664
1019808
1019952
1020096
1020240
1020384
1020528
1020672
1020816
1020960
1021104
1021248
1021392
1021536
1021680
1021824
1021968
1022112
1022256
1022400
1022544
1022688
1022832
1022976
1023120
1023264
1023408
1023552
1023696
1023840
1023984
1024128
1024272
1024416
1024560
1024704
1024848
1024992
1025136
1025280
1025424
1025568
1025712
1025856
1026000
1026144
1026288
1026432
1026576
1026720
1026864
1027008
1027152
1027296
1027440
1027584
1027728
1027872
1028016
1028160
1028304
1028448
1028592
1028736
1028880
1029024
1029168
1029312
1029456
1029600
1029744
1029888
1030032
1030176
1030320
1030464
1030608
1030752
1030896
1031040
1031184
1031328
1031472
1031616
1031760
1031904
1032048
1032192
1032336
1032480
1032624
1032768
1032912
1033056
1033200
1033344
1033488
1033632
1033776
1033920
1034064
1034208
1034352
1034496
1034640
1034784
1034928
1035072
1035216
1035360
1035504
1035648
1035792
1035936
1036080
1036224
1036368
1036512
1036656
1036800
1036944
1037088
1037232
1037376
1037520
1037664
1037808
1037952
1038096
1038240
1038384
1038528
1038672
1038816
1038960
1039104
1039248
1039392
1039536
1039680
1039824
1039968
1040112
1040256
1040400
1040544
1040688
1040832
1040976
1041120
1041264
1041408
1041552
1041696
1041840
1041984
1042128
1042272
1042416
1042560
1042704
1042848
1042992
1043136
1043280
1043424
1043568
1043712
1043856
1044000
1044144
1044288
1044432
1044576
1044720
1044864
1045008
1045152
1045296
1045440
1045584
1045728
1045872
1046016
1046160
1046304
1046448
1046592
1046736
1046880
1047024
1047168
1047312
1047456
1047600
1047744
1047888
1048032
1048176
1048320
1048464
1048608
1048752
1048896
1049040
1049184
1049328
1049472
1049616
1049760
1049904
1050048
1050192
1050336
1050480
1050624
1050768
1050912
1051056
1051200
1051344
1051488
1051632
1051776
1051920
1052064
1052208
1052352
1052496
1052640
1052784
1052928
1053072
1053216
1053360
1053504
1053648
1053792
1053936
1054080
1054224
1054368
1054512
1054656
1054800
1054944
1055088
1055232
1055376
1055520
1055664
1055808
1055952
1056096
1056240
1056384
1056528
1056672
1056816
1056960
1057104
1057248
1057392
1057536
1057680
1057824
1057968
1058112
1058256
1058400
1058544
1058688
1058832
1058976
1059120
1059264
1059408
1059552
1059696
1059840
1059984
1060128
1060272
1060416
1060560
1060704
1060848
1060992
1061136
1061280
1061424
1061568
1061712
1061856
1062000
1062144
1062288
1062432
1062576
1062720
1062864
1063008
1063152
1063296
1063440
1063584
1063728
1063872
1064016
1064160
1064304
1064448
1064592
1064736
1064880
1065024
1065168
1065312
1065456
1065600
1065744
1065888
1066032
1066176
1066320
1066464
1066608
1066752
1066896
1067040
1067184
1067328
1067472
1067616
1067760
1067904
1068048
1068192
1068336
1068480
1068624
1068768
1068912
1069056
1069200
1069344
1069488
1069632
1069776
1069920
1070064
1070208
1070352
1070496
1070640
1070784
1070928
1071072
1071216
1071360
1071504
1071648
1071792
1071936
1072080
1072224
1072368
1072512
1072656
1072800
1072944
1073088
1073232
1073376
1073520
1073664
1073808
1073952
1074096
1074240
1074384
1074528
1074672
1074816
1074960
1075104
1075248
1075392
1075536
1075680
1075824
1075968
1076112
1076256
1076400
1076544
1076688
1076832
1076976
1077120
1077264
1077408
1077552
1077696
1077840
1077984
1078128
1078272
1078416
1078560
1078704
1078848
1078992
1079136
1079280
1079424
1079568
1079712
1079856
1080000
1080144
1080288
1080432
1080576
1080720
1080864
1081008
1081152
1081296
1081440
1081584
1081728
1081872
1082016
1082160
1082304
1082448
1082592
1082736
1082880
1083024
1083168
1083312
1083456
1083600
1083744
1083888
1084032
1084176
1084320
1084464
1084608
1084752
1084896
1085040
1085184
1085328
1085472
1085616
1085760
1085904
1086048
1086192
1086336
1086480
1086624
1086768
1086912
1087056
1087200
1087344
1087488
1087632
1087776
1087920
1088064
1088208
1088352
1088496
1088640
1088784
1088928
1089072
1089216
1089360
1089504
1089648
1089792
1089936
1090080
1090224
1090368
1090512
1090656
1090800
1090944
1091088
1091232
1091376
1091520
1091664
1091808
1091952
1092096
1092240
1092384
1092528
1092672
1092816
1092960
1093104
1093248
1093392
1093536
1093680
1093824
1093968
1094112
1094256
1094400
1094544
1094688
1094832
1094976
1095120
1095264
1095408
1095552
1095696
1095840
1095984
1096128
1096272
1096416
1096560
1096704
1096848
1096992
1097136
1097280
1097424
1097568
1097712
1097856
1098000
1098144
1098288
1098432
1098576
1098720
1098864
1099008
1099152
1099296
1099440
1099584
1099728
1099872
1100016
1100160
1100304
1100448
1100592
1100736
1100880
1101024
1101168
1101312
1101456
1101600
1101744
1101888
1102032
1102176
1102320
1102464
1102608
1102752
1102896
1103040
1103184
1103328
1103472
1103616
1103760
1103904
1104048
1104192
1104336
1104480
1104624
1104768
1104912
1105056
1105200
1105344
1105488
1105632
1105776
1105920
1106064
1106208
1106352
1106496
1106640
1106784
1106928
1107072
1107216
1107360
1107504
1107648
1107792
1107936
1108080
1108224
1108368
1108512
1108656
1108800
1108944
1109088
1109232
1109376
1109520
1109664
1109808
1109952
1110096
1110240
1110384
1110528
1110672
1110816
1110960
1111104
1111248
1111392
1111536
1111680
1111824
1111968
1112112
1112256
1112400
1112544
1112688
1112832
1112976
1113120
1113264
1113408
1113552
1113696
1113840
1113984
1114128
1114272
1114416
1114560
1114704
1114848
1114992
1115136
1115280
1115424
1115568
1115712
1115856
1116000
1116144
1116288
1116432
1116576
1116720
1116864
1117008
1117152
1117296
1117440
1117584
1117728
1117872
1118016
1118160
1118304
1118448
1118592
1118736
1118880
1119024
1119168
1119312
1119456
1119600
1119744
1119888
1120032
1120176
1120320
1120464
1120608
1120752
1120896
1121040
1121184
1121328
1121472
1121616
1121760
1121904
1122048
1122192
1122336
1122480
1122624
1122768
1122912
1123056
1123200
1123344
1123488
1123632
1123776
1123920
1124064
1124208
1124352
1124496
1124640
1124784
1124928
1125072
1125216
1125360
1125504
1125648
1125792
1125936
1126080
1126224
1126368
1126512
1126656
1126800
1126944
1127088
1127232
1127376
1127520
1127664
1127808
1127952
1128096
1128240
1128384
1128528
1128672
1128816
1128960
1129104
1129248
1129392
1129536
1129680
1129824
1129968
1130112
1130256
1130400
1130544
1130688
1130832
1130976
1131120
1131264
1131408
1131552
1131696
1131840
1131984
1132128
1132272
1132416
1132560
1132704
1132848
1132992
1133136
1133280
1133424
1133568
1133712
1133856
1134000
1134144
1134288
1134432
1134576
1134720
1134864
1135008
1135152
1135296
1135440
1135584
1135728
1135872
1136016
1136160
1136304
1136448
1136592
1136736
1136880
1137024
1137168
1137312
1137456
1137600
1137744
1137888
1138032
1138176
1138320
1138464
1138608
1138752
1138896
1139040
1139184
1139328
1139472
1139616
1139760
1139904
1140048
1140192
1140336
1140480
1140624
1140768
1140912
1141056
1141200
1141344
1141488
1141632
1141776
1141920
1142064
1142208
1142352
1142496
1142640
1142784
1142928
1143072
1143216
1143360
1143504
1143648
1143792
1143936
1144080
1144224
1144368
1144512
1144656
1144800
1144944
1145088
1145232
1145376
1145520
1145664
1145808
1145952
1146096
1146240
1146384
1146528
1146672
1146816
1146960
1147104
1147248
1147392
1147536
1147680
1147824
1147968
1148112
1148256
1148400
1148544
1148688
1148832
1148976
1149120
1149264
1149408
1149552
1149696
1149840
1149984
1150128
1150272
1150416
1150560
1150704
1150848
1150992
1151136
1151280
1151424
1151568
1151712
1151856
1152000
1152144
1152288
1152432
1152576
1152720
1152864
1153008
1153152
1153296
1153440
1153584
1153728
1153872
1154016
1154160
1154304
1154448
1154592
1154736
1154880
1155024
1155168
1155312
1155456
1155600
1155744
1155888
1156032
1156176
1156320
1156464
1156608
1156752
1156896
1157040
1157184
1157328
1157472
1157616
1157760
1157904
1158048
1158192
1158336
1158480
1158624
1158768
1158912
1159056
1159200
1159344
1159488
1159632
1159776
1159920
1160064
1160208
1160352
1160496
1160640
1160784
1160928
1161072
1161216
1161360
1161504
1161648
1161792
1161936
1162080
1162224
1162368
1162512
1162656
1162800
1162944
1163088
1163232
1163376
1163520
1163664
1163808
1163952
1164096
1164240
1164384
1164528
1164672
1164816
1164960
1165104
1165248
1165392
1165536
1165680
1165824
1165968
1166112
1166256
1166400
1166544
1166688
1166832
1166976
1167120
1167264
1167408
1167552
1167696
1167840
1167984
1168128
1168272
1168416
1168560
1168704
1168848
1168992
1169136
1169280
1169424
1169568
1169712
1169856
1170000
1170144
1170288
1170432
1170576
1170720
1170864
1171008
1171152
1171296
1171440
1171584
1171728
1171872
1172016
1172160
1172304
1172448
1172592
1172736
1172880
1173024
1173168
1173312
1173456
1173600
1173744
1173888
1174032
1174176
1174320
1174464
1174608
1174752
1174896
1175040
1175184
1175328
1175472
1175616
1175760
1175904
1176048
1176192
1176336
1176480
1176624
1176768
1176912
1177056
1177200
1177344
1177488
1177632
1177776
1177920
1178064
1178208
1178352
1178496
1178640
1178784
1178928
1179072
1179216
1179360
1179504
1179648
1179792
1179936
1180080
1180224
1180368
1180512
1180656
1180800
1180944
1181088
1181232
1181376
1181520
1181664
1181808
1181952
1182096
1182240
1182384
1182528
1182672
1182816
1182960
1183104
1183248
1183392
1183536
1183680
1183824
1183968
1184112
1184256
1184400
1184544
1184688
1184832
1184976
1185120
1185264
1185408
1185552
1185696
1185840
1185984
1186128
1186272
1186416
1186560
1186704
1186848
1186992
1187136
1187280
1187424
1187568
1187712
1187856
1188000
1188144
1188288
1188432
1188576
1188720
1188864
1189008
1189152
1189296
1189440
1189584
1189728
1189872
1190016
1190160
1190304
1190448
1190592
1190736
1190880
1191024
1191168
1191312
1191456
1191600
1191744
1191888
1192032
1192176
1192320
1192464
1192608
1192752
1192896
1193040
1193184
1193328
1193472
1193616
1193760
1193904
1194048
1194192
1194336
1194480
1194624
1194768
1194912
1195056
1195200
1195344
1195488
1195632
1195776
1195920
1196064
1196208
1196352
1196496
1196640
1196784
1196928
1197072
1197216
1197360
1197504
1197648
1197792
1197936
1198080
1198224
1198368
1198512
1198656
1198800
1198944
1199088
1199232
1199376
1199520
1199664
1199808
1199952
1200096
1200240
1200384
1200528
1200672
1200816
1200960
1201104
1201248
1201392
1201536
1201680
1201824
1201968
1202112
1202256
1202400
1202544
1202688
1202832
1202976
1203120
1203264
1203408
1203552
1203696
1203840
1203984
1204128
1204272
1204416
1204560
1204704
1204848
1204992
1205136
1205280
1205424
1205568
1205712
1205856
1206000
1206144
1206288
1206432
1206576
1206720
1206864
1207008
1207152
1207296
1207440
1207584
1207728
1207872
1208016
1208160
1208304
1208448
1208592
1208736
1208880
1209024
1209168
1209312
1209456
1209600
1209744
1209888
1210032
1210176
1210320
1210464
1210608
1210752
1210896
1211040
1211184
1211328
1211472
1211616
1211760
1211904
1212048
1212192
1212336
1212480
1212624
1212768
1212912
1213056
1213200
1213344
1213488
1213632
1213776
1213920
1214064
1214208
1214352
1214496
1214640
1214784
1214928
1215072
1215216
1215360
1215504
1215648
1215792
1215936
1216080
1216224
1216368
1216512
1216656
1216800
1216944
1217088
1217232
1217376
1217520
1217664
1217808
1217952
1218096
1218240
1218384
1218528
1218672
1218816
1218960
1219104
1219248
1219392
1219536
1219680
1219824
1219968
1220112
1220256
1220400
1220544
1220688
1220832
1220976
1221120
1221264
1221408
1221552
1221696
1221840
1221984
1222128
1222272
1222416
1222560
1222704
1222848
1222992
1223136
1223280
1223424
1223568
1223712
1223856
1224000
1224144
1224288
1224432
1224576
1224720
1224864
1225008
1225152
1225296
1225440
1225584
1225728
1225872
1226016
1226160
1226304
1226448
1226592
1226736
1226880
1227024
1227168
1227312
1227456
1227600
1227744
1227888
1228032
1228176
1228320
1228464
1228608
1228752
1228896
1229040
1229184
1229328
1229472
1229616
1229760
1229904
1230048
1230192
1230336
1230480
1230624
1230768
1230912
1231056
1231200
1231344
1231488
1231632
1231776
1231920
1232064
1232208
1232352
1232496
1232640
1232784
1232928
1233072
1233216
1233360
1233504
1233648
1233792
1233936
1234080
1234224
1234368
1234512
1234656
1234800
1234944
1235088
1235232
1235376
1235520
1235664
1235808
1235952
1236096
1236240
1236384
1236528
1236672
1236816
1236960
1237104
1237248
1237392
1237536
1237680
1237824
1237968
1238112
1238256
1238400
1238544
1238688
1238832
1238976
1239120
1239264
1239408
1239552
1239696
1239840
1239984
1240128
1240272
1240416
1240560
1240704
1240848
1240992
1241136
1241280
1241424
1241568
1241712
1241856
1242000
1242144
1242288
1242432
1242576
1242720
1242864
1243008
1243152
1243296
1243440
1243584
1243728
1243872
1244016
1244160
1244304
1244448
1244592
1244736
1244880
1245024
1245168
1245312
1245456
1245600
1245744
1245888
1246032
1246176
1246320
1246464
1246608
1246752
1246896
1247040
1247184
1247328
1247472
1247616
1247760
1247904
1248048
1248192
1248336
1248480
1248624
1248768
1248912
1249056
1249200
1249344
1249488
1249632
1249776
1249920
1250064
1250208
1250352
1250496
1250640
1250784
1250928
1251072
1251216
1251360
1251504
1251648
1251792
1251936
1252080
1252224
1252368
1252512
1252656
1252800
1252944
1253088
1253232
1253376
1253520
1253664
1253808
1253952
1254096
1254240
1254384
1254528
1254672
1254816
1254960
1255104
1255248
1255392
1255536
1255680
1255824
1255968
1256112
1256256
1256400
1256544
1256688
1256832
1256976
1257120
1257264
1257408
1257552
1257696
1257840
1257984
1258128
1258272
1258416
1258560
1258704
1258848
1258992
1259136
1259280
1259424
1259568
1259712
1259856
1260000
1260144
1260288
1260432
1260576
1260720
1260864
1261008
1261152
1261296
1261440
1261584
1261728
1261872
1262016
1262160
1262304
1262448
1262592
1262736
1262880
1263024
1263168
1263312
1263456
1263600
1263744
1263888
1264032
1264176
1264320
1264464
1264608
1264752
1264896
1265040
1265184
1265328
1265472
1265616
1265760
1265904
1266048
1266192
1266336
1266480
1266624
1266768
1266912
1267056
1267200
1267344
1267488
1267632
1267776
1267920
1268064
1268208
1268352
1268496
1268640
1268784
1268928
1269072
1269216
1269360
1269504
1269648
1269792
1269936
1270080
1270224
1270368
1270512
1270656
1270800
1270944
1271088
1271232
1271376
1271520
1271664
1271808
1271952
1272096
1272240
1272384
1272528
1272672
1272816
1272960
1273104
1273248
1273392
1273536
1273680
1273824
1273968
1274112
1274256
1274400
1274544
1274688
1274832
1274976
1275120
1275264
1275408
1275552
1275696
1275840
1275984
1276128
1276272
1276416
1276560
1276704
1276848
1276992
1277136
1277280
1277424
1277568
1277712
1277856
1278000
1278144
1278288
1278432
1278576
1278720
1278864
1279008
1279152
1279296
1279440
1279584
1279728
1279872
1280016
1280160
1280304
1280448
1280592
1280736
1280880
1281024
1281168
1281312
1281456
1281600
1281744
1281888
1282032
1282176
1282320
1282464
1282608
1282752
1282896
1283040
1283184
1283328
1283472
1283616
1283760
1283904
1284048
1284192
1284336
1284480
1284624
1284768
1284912
1285056
1285200
1285344
1285488
1285632
1285776
1285920
1286064
1286208
1286352
1286496
1286640
1286784
1286928
1287072
1287216
1287360
1287504
1287648
1287792
1287936
1288080
1288224
1288368
1288512
1288656
1288800
1288944
1289088
1289232
1289376
1289520
1289664
1289808
1289952
1290096
1290240
1290384
1290528
1290672
1290816
1290960
1291104
1291248
1291392
1291536
1291680
1291824
1291968
1292112
1292256
1292400
1292544
1292688
1292832
1292976
1293120
1293264
1293408
1293552
1293696
1293840
1293984
1294128
1294272
1294416
1294560
1294704
1294848
1294992
1295136
1295280
1295424
1295568
1295712
1295856
1296000
1296144
1296288
1296432
1296576
1296720
1296864
1297008
1297152
1297296
1297440
1297584
1297728
1297872
1298016
1298160
1298304
1298448
1298592
1298736
1298880
1299024
1299168
1299312
1299456
1299600
1299744
1299888
1300032
1300176
1300320
1300464
1300608
1300752
1300896
1301040
1301184
1301328
1301472
1301616
1301760
1301904
1302048
1302192
1302336
1302480
1302624
1302768
1302912
1303056
1303200
1303344
1303488
1303632
1303776
1303920
1304064
1304208
1304352
1304496
1304640
1304784
1304928
1305072
1305216
1305360
1305504
1305648
1305792
1305936
1306080
1306224
1306368
1306512
1306656
1306800
1306944
1307088
1307232
1307376
1307520
1307664
1307808
1307952
1308096
1308240
1308384
1308528
1308672
1308816
1308960
1309104
1309248
1309392
1309536
1309680
1309824
1309968
1310112
1310256
1310400
1310544
1310688
1310832
1310976
1311120
1311264
1311408
1311552
1311696
1311840
1311984
1312128
1312272
1312416
1312560
1312704
1312848
1312992
1313136
1313280
1313424
1313568
1313712
1313856
1314000
1314144
1314288
1314432
1314576
1314720
1314864
1315008
1315152
1315296
1315440
1315584
1315728
1315872
1316016
1316160
1316304
1316448
1316592
1316736
1316880
1317024
1317168
1317312
1317456
1317600
1317744
1317888
1318032
1318176
1318320
1318464
1318608
1318752
1318896
1319040
1319184
1319328
1319472
1319616
1319760
1319904
1320048
1320192
1320336
1320480
1320624
1320768
1320912
1321056
1321200
1321344
1321488
1321632
1321776
1321920
1322064
1322208
1322352
1322496
1322640
1322784
1322928
1323072
1323216
1323360
1323504
1323648
1323792
1323936
1324080
1324224
1324368
1324512
1324656
1324800
1324944
1325088
1325232
1325376
1325520
1325664
1325808
1325952
1326096
1326240
1326384
1326528
1326672
1326816
1326960
1327104
1327248
1327392
1327536
1327680
1327824
1327968
1328112
1328256
1328400
1328544
1328688
1328832
1328976
1329120
1329264
1329408
1329552
1329696
1329840
1329984
1330128
1330272
1330416
1330560
1330704
1330848
1330992
1331136
1331280
1331424
1331568
1331712
1331856
1332000
1332144
1332288
1332432
1332576
1332720
1332864
1333008
1333152
1333296
1333440
1333584
1333728
1333872
1334016
1334160
1334304
1334448
1334592
1334736
1334880
1335024
1335168
1335312
1335456
1335600
1335744
1335888
1336032
1336176
1336320
1336464
1336608
1336752
1336896
1337040
1337184
1337328
1337472
1337616
1337760
1337904
1338048
1338192
1338336
1338480
1338624
1338768
1338912
1339056
1339200
1339344
1339488
1339632
1339776
1339920
1340064
1340208
1340352
1340496
1340640
1340784
1340928
1341072
1341216
1341360
1341504
1341648
1341792
1341936
1342080
1342224
1342368
1342512
1342656
1342800
1342944
1343088
1343232
1343376
1343520
1343664
1343808
1343952
1344096
1344240
1344384
1344528
1344672
1344816
1344960
1345104
1345248
1345392
1345536
1345680
1345824
1345968
1346112
1346256
1346400
1346544
1346688
1346832
1346976
1347120
1347264
1347408
1347552
1347696
1347840
1347984
1348128
1348272
1348416
1348560
1348704
1348848
1348992
1349136
1349280
1349424
1349568
1349712
1349856
1350000
1350144
1350288
1350432
1350576
1350720
1350864
1351008
1351152
1351296
1351440
1351584
1351728
1351872
1352016
1352160
1352304
1352448
1352592
1352736
1352880
1353024
1353168
1353312
1353456
1353600
1353744
1353888
1354032
1354176
1354320
1354464
1354608
1354752
1354896
1355040
1355184
1355328
1355472
1355616
1355760
1355904
1356048
1356192
1356336
1356480
1356624
1356768
1356912
1357056
1357200
1357344
1357488
1357632
1357776
1357920
1358064
1358208
1358352
1358496
1358640
1358784
1358928
1359072
1359216
1359360
1359504
1359648
1359792
1359936
1360080
1360224
1360368
1360512
1360656
1360800
1360944
1361088
1361232
1361376
1361520
1361664
1361808
1361952
1362096
1362240
1362384
1362528
1362672
1362816
1362960
1363104
1363248
1363392
1363536
1363680
1363824
1363968
1364112
1364256
1364400
1364544
1364688
1364832
1364976
1365120
1365264
1365408
1365552
1365696
1365840
1365984
1366128
1366272
1366416
1366560
1366704
1366848
1366992
1367136
1367280
1367424
1367568
1367712
1367856
1368000
1368144
1368288
1368432
1368576
1368720
1368864
1369008
1369152
1369296
1369440
1369584
1369728
1369872
1370016
1370160
1370304
1370448
1370592
1370736
1370880
1371024
1371168
1371312
1371456
1371600
1371744
1371888
1372032
1372176
1372320
1372464
1372608
1372752
1372896
1373040
1373184
1373328
1373472
1373616
1373760
1373904
1374048
1374192
1374336
1374480
1374624
1374768
1374912
1375056
1375200
1375344
1375488
1375632
1375776
1375920
1376064
1376208
1376352
1376496
1376640
1376784
1376928
1377072
1377216
1377360
1377504
1377648
1377792
1377936
1378080
1378224
1378368
1378512
1378656
1378800
1378944
1379088
1379232
1379376
1379520
1379664
1379808
1379952
1380096
1380240
1380384
1380528
1380672
1380816
1380960
1381104
1381248
1381392
1381536
1381680
1381824
1381968
1382112
1382256
1382400
1382544
1382688
1382832
1382976
1383120
1383264
1383408
1383552
1383696
1383840
1383984
1384128
1384272
1384416
1384560
1384704
1384848
1384992
1385136
1385280
1385424
1385568
1385712
1385856
1386000
1386144
1386288
1386432
1386576
1386720
1386864
1387008
1387152
1387296
1387440
1387584
1387728
1387872
1388016
1388160
1388304
1388448
1388592
1388736
1388880
1389024
1389168
1389312
1389456
1389600
1389744
1389888
1390032
1390176
1390320
1390464
1390608
1390752
1390896
1391040
1391184
1391328
1391472
1391616
1391760
1391904
1392048
1392192
1392336
1392480
1392624
1392768
1392912
1393056
1393200
1393344
1393488
1393632
1393776
1393920
1394064
1394208
1394352
1394496
1394640
1394784
1394928
1395072
1395216
1395360
1395504
1395648
1395792
1395936
1396080
1396224
1396368
1396512
1396656
1396800
1396944
1397088
1397232
1397376
1397520
1397664
1397808
1397952
1398096
1398240
1398384
1398528
1398672
1398816
1398960
1399104
1399248
1399392
1399536
1399680
1399824
1399968
1400112
1400256
1400400
1400544
1400688
1400832
1400976
1401120
1401264
1401408
1401552
1401696
1401840
1401984
1402128
1402272
1402416
1402560
1402704
1402848
1402992
1403136
1403280
1403424
1403568
1403712
1403856
1404000
1404144
1404288
1404432
1404576
1404720
1404864
1405008
1405152
1405296
1405440
1405584
1405728
1405872
1406016
1406160
1406304
1406448
1406592
1406736
1406880
1407024
1407168
1407312
1407456
1407600
1407744
1407888
1408032
1408176
1408320
1408464
1408608
1408752
1408896
1409040
1409184
1409328
1409472
1409616
1409760
1409904
1410048
1410192
1410336
1410480
1410624
1410768
1410912
1411056
1411200
1411344
1411488
1411632
1411776
1411920
1412064
1412208
1412352
1412496
1412640
1412784
1412928
1413072
1413216
1413360
1413504
1413648
1413792
1413936
1414080
1414224
1414368
1414512
1414656
1414800
1414944
1415088
1415232
1415376
1415520
1415664
1415808
1415952
1416096
1416240
1416384
1416528
1416672
1416816
1416960
1417104
1417248
1417392
1417536
1417680
1417824
1417968
1418112
1418256
1418400
1418544
1418688
1418832
1418976
1419120
1419264
1419408
1419552
1419696
1419840
1419984
1420128
1420272
1420416
1420560
1420704
1420848
1420992
1421136
1421280
1421424
1421568
1421712
1421856
1422000
1422144
1422288
1422432
1422576
1422720
1422864
1423008
1423152
1423296
1423440
1423584
1423728
1423872
1424016
1424160
1424304
1424448
1424592
1424736
1424880
1425024
1425168
1425312
1425456
1425600
1425744
1425888
1426032
1426176
1426320
1426464
1426608
1426752
1426896
1427040
1427184
1427328
1427472
1427616
1427760
1427904
1428048
1428192
1428336
1428480
1428624
1428768
1428912
1429056
1429200
1429344
1429488
1429632
1429776
1429920
1430064
1430208
1430352
1430496
1430640
1430784
1430928
1431072
1431216
1431360
1431504
1431648
1431792
1431936
1432080
1432224
1432368
1432512
1432656
1432800
1432944
1433088
1433232
1433376
1433520
1433664
1433808
1433952
1434096
1434240
1434384
1434528
1434672
1434816
1434960
1435104
1435248
1435392
1435536
1435680
1435824
1435968
1436112
1436256
1436400
1436544
1436688
1436832
1436976
1437120
1437264
1437408
1437552
1437696
1437840
1437984
1438128
1438272
1438416
1438560
1438704
1438848
1438992
1439136
1439280
1439424
1439568
1439712
1439856
1440000
1440144
1440288
1440432
1440576
1440720
1440864
1441008
1441152
1441296
1441440
1441584
1441728
1441872
1442016
1442160
1442304
1442448
1442592
1442736
1442880
1443024
1443168
1443312
1443456
1443600
1443744
1443888
1444032
1444176
1444320
1444464
1444608
1444752
1444896
1445040
1445184
1445328
1445472
1445616
1445760
1445904
1446048
1446192
1446336
1446480
1446624
1446768
1446912
1447056
1447200
1447344
1447488
1447632
1447776
1447920
1448064
1448208
1448352
1448496
1448640
1448784
1448928
1449072
1449216
1449360
1449504
1449648
1449792
1449936
1450080
1450224
1450368
1450512
1450656
1450800
1450944
1451088
1451232
1451376
1451520
1451664
1451808
1451952
1452096
1452240
1452384
1452528
1452672
1452816
1452960
1453104
1453248
1453392
1453536
1453680
1453824
1453968
1454112
1454256
1454400
1454544
1454688
1454832
1454976
1455120
1455264
1455408
1455552
1455696
1455840
1455984
1456128
1456272
1456416
1456560
1456704
1456848
1456992
1457136
1457280
1457424
1457568
1457712
1457856
1458000
1458144
1458288
1458432
1458576
1458720
1458864
1459008
1459152
1459296
1459440
1459584
1459728
1459872
1460016
1460160
1460304
1460448
1460592
1460736
1460880
1461024
1461168
1461312
1461456
1461600
1461744
1461888
1462032
1462176
1462320
1462464
1462608
1462752
1462896
1463040
1463184
1463328
1463472
1463616
1463760
1463904
1464048
1464192
1464336
1464480
1464624
1464768
1464912
1465056
1465200
1465344
1465488
1465632
1465776
1465920
1466064
1466208
1466352
1466496
1466640
1466784
1466928
1467072
1467216
1467360
1467504
1467648
1467792
1467936
1468080
1468224
1468368
1468512
1468656
1468800
1468944
1469088
1469232
1469376
1469520
1469664
1469808
1469952
1470096
1470240
1470384
1470528
1470672
1470816
1470960
1471104
1471248
1471392
1471536
1471680
1471824
1471968
1472112
1472256
1472400
1472544
1472688
1472832
1472976
1473120
1473264
1473408
1473552
1473696
1473840
1473984
1474128
1474272
1474416
1474560
1474704
1474848
1474992
1475136
1475280
1475424
1475568
1475712
1475856
1476000
1476144
1476288
1476432
1476576
1476720
1476864
1477008
1477152
1477296
1477440
1477584
1477728
1477872
1478016
1478160
1478304
1478448
1478592
1478736
1478880
1479024
1479168
1479312
1479456
1479600
1479744
1479888
1480032
1480176
1480320
1480464
1480608
1480752
1480896
1481040
1481184
1481328
1481472
1481616
1481760
1481904
1482048
1482192
1482336
1482480
1482624
1482768
1482912
1483056
1483200
1483344
1483488
1483632
1483776
1483920
1484064
1484208
1484352
1484496
1484640
1484784
1484928
1485072
1485216
1485360
1485504
1485648
1485792
1485936
1486080
1486224
1486368
1486512
1486656
1486800
1486944
1487088
1487232
1487376
1487520
1487664
1487808
1487952
1488096
1488240
1488384
1488528
1488672
1488816
1488960
1489104
1489248
1489392
1489536
1489680
1489824
1489968
1490112
1490256
1490400
1490544
1490688
1490832
1490976
1491120
1491264
1491408
1491552
1491696
1491840
1491984
1492128
1492272
1492416
1492560
1492704
1492848
1492992
1493136
1493280
1493424
1493568
1493712
1493856
1494000
1494144
1494288
1494432
1494576
1494720
1494864
1495008
1495152
1495296
1495440
1495584
1495728
1495872
1496016
1496160
1496304
1496448
1496592
1496736
1496880
1497024
1497168
1497312
1497456
1497600
1497744
1497888
1498032
1498176
1498320
1498464
1498608
1498752
1498896
1499040
1499184
1499328
1499472
1499616
1499760
1499904
1500048
1500192
1500336
1500480
1500624
1500768
1500912
1501056
1501200
1501344
1501488
1501632
1501776
1501920
1502064
1502208
1502352
1502496
1502640
1502784
1502928
1503072
1503216
1503360
1503504
1503648
1503792
1503936
1504080
1504224
1504368
1504512
1504656
1504800
1504944
1505088
1505232
1505376
1505520
1505664
1505808
1505952
1506096
1506240
1506384
1506528
1506672
1506816
1506960
1507104
1507248
1507392
1507536
1507680
1507824
1507968
1508112
1508256
1508400
1508544
1508688
1508832
1508976
1509120
1509264
1509408
1509552
1509696
1509840
1509984
1510128
1510272
1510416
1510560
1510704
1510848
1510992
1511136
1511280
1511424
1511568
1511712
1511856
1512000
1512144
1512288
1512432
1512576
1512720
1512864
1513008
1513152
1513296
1513440
1513584
1513728
1513872
1514016
1514160
1514304
1514448
1514592
1514736
1514880
1515024
1515168
1515312
1515456
1515600
1515744
1515888
1516032
1516176
1516320
1516464
1516608
1516752
1516896
1517040
1517184
1517328
1517472
1517616
1517760
1517904
1518048
1518192
1518336
1518480
1518624
1518768
1518912
1519056
1519200
1519344
1519488
1519632
1519776
1519920
1520064
1520208
1520352
1520496
1520640
1520784
1520928
1521072
1521216
1521360
1521504
1521648
1521792
1521936
1522080
1522224
1522368
1522512
1522656
1522800
1522944
1523088
1523232
1523376
1523520
1523664
1523808
1523952
1524096
1524240
1524384
1524528
1524672
1524816
1524960
1525104
1525248
1525392
1525536
1525680
1525824
1525968
1526112
1526256
1526400
1526544
1526688
1526832
1526976
1527120
1527264
1527408
1527552
1527696
1527840
1527984
1528128
1528272
1528416
1528560
1528704
1528848
1528992
1529136
1529280
1529424
1529568
1529712
1529856
1530000
1530144
1530288
1530432
1530576
1530720
1530864
1531008
1531152
1531296
1531440
1531584
1531728
1531872
1532016
1532160
1532304
1532448
1532592
1532736
1532880
1533024
1533168
1533312
1533456
1533600
1533744
1533888
1534032
1534176
1534320
1534464
1534608
1534752
1534896
1535040
1535184
1535328
1535472
1535616
1535760
1535904
1536048
1536192
1536336
1536480
1536624
1536768
1536912
1537056
1537200
1537344
1537488
1537632
1537776
1537920
1538064
1538208
1538352
1538496
1538640
1538784
1538928
1539072
1539216
1539360
1539504
1539648
1539792
1539936
1540080
1540224
1540368
1540512
1540656
1540800
1540944
1541088
1541232
1541376
1541520
1541664
1541808
1541952
1542096
1542240
1542384
1542528
1542672
1542816
1542960
1543104
1543248
1543392
1543536
1543680
1543824
1543968
1544112
1544256
1544400
1544544
1544688
1544832
1544976
1545120
1545264
1545408
1545552
1545696
1545840
1545984
1546128
1546272
1546416
1546560
1546704
1546848
1546992
1547136
1547280
1547424
1547568
1547712
1547856
1548000
1548144
1548288
1548432
1548576
1548720
1548864
1549008
1549152
1549296
1549440
1549584
1549728
1549872
1550016
1550160
1550304
1550448
1550592
1550736
1550880
1551024
1551168
1551312
1551456
1551600
1551744
1551888
1552032
1552176
1552320
1552464
1552608
1552752
1552896
1553040
1553184
1553328
1553472
1553616
1553760
1553904
1554048
1554192
1554336
1554480
1554624
1554768
1554912
1555056
1555200
1555344
1555488
1555632
1555776
1555920
1556064
1556208
1556352
1556496
1556640
1556784
1556928
1557072
1557216
1557360
1557504
1557648
1557792
1557936
1558080
1558224
1558368
1558512
1558656
1558800
1558944
1559088
1559232
1559376
1559520
1559664
1559808
1559952
1560096
1560240
1560384
1560528
1560672
1560816
1560960
1561104
1561248
1561392
1561536
1561680
1561824
1561968
1562112
1562256
1562400
1562544
1562688
1562832
1562976
1563120
1563264
1563408
1563552
1563696
1563840
1563984
1564128
1564272
1564416
1564560
1564704
1564848
1564992
1565136
1565280
1565424
1565568
1565712
1565856
1566000
1566144
1566288
1566432
1566576
1566720
1566864
1567008
1567152
1567296
1567440
1567584
1567728
1567872
1568016
1568160
1568304
1568448
1568592
1568736
1568880
1569024
1569168
1569312
1569456
1569600
1569744
1569888
1570032
1570176
1570320
1570464
1570608
1570752
1570896
1571040
1571184
1571328
1571472
1571616
1571760
1571904
1572048
1572192
1572336
1572480
1572624
1572768
1572912
1573056
1573200
1573344
1573488
1573632
1573776
1573920
1574064
1574208
1574352
1574496
1574640
1574784
1574928
1575072
1575216
1575360
1575504
1575648
1575792
1575936
1576080
1576224
1576368
1576512
1576656
1576800
1576944
1577088
1577232
1577376
1577520
1577664
1577808
1577952
1578096
1578240
1578384
1578528
1578672
1578816
1578960
1579104
1579248
1579392
1579536
1579680
1579824
1579968
1580112
1580256
1580400
1580544
1580688
1580832
1580976
1581120
1581264
1581408
1581552
1581696
1581840
1581984
1582128
1582272
1582416
1582560
1582704
1582848
1582992
1583136
1583280
1583424
1583568
1583712
1583856
1584000
1584144
1584288
1584432
1584576
1584720
1584864
1585008
1585152
1585296
1585440
1585584
1585728
1585872
1586016
1586160
1586304
1586448
1586592
1586736
1586880
1587024
1587168
1587312
1587456
1587600
1587744
1587888
1588032
1588176
1588320
1588464
1588608
1588752
1588896
1589040
1589184
1589328
1589472
1589616
1589760
1589904
1590048
1590192
1590336
1590480
1590624
1590768
1590912
1591056
1591200
1591344
1591488
1591632
1591776
1591920
1592064
1592208
1592352
1592496
1592640
1592784
1592928
1593072
1593216
1593360
1593504
1593648
1593792
1593936
1594080
1594224
1594368
1594512
1594656
1594800
1594944
1595088
1595232
1595376
1595520
1595664
1595808
1595952
1596096
1596240
1596384
1596528
1596672
1596816
1596960
1597104
1597248
1597392
1597536
1597680
1597824
1597968
1598112
1598256
1598400
1598544
1598688
1598832
1598976
1599120
1599264
1599408
1599552
1599696
1599840
1599984
1600128
1600272
1600416
1600560
1600704
1600848
1600992
1601136
1601280
1601424
1601568
1601712
1601856
1602000
1602144
1602288
1602432
1602576
1602720
1602864
1603008
1603152
1603296
1603440
1603584
1603728
1603872
1604016
1604160
1604304
1604448
1604592
1604736
1604880
1605024
1605168
1605312
1605456
1605600
1605744
1605888
1606032
1606176
1606320
1606464
1606608
1606752
1606896
1607040
1607184
1607328
1607472
1607616
1607760
1607904
1608048
1608192
1608336
1608480
1608624
1608768
1608912
1609056
1609200
1609344
1609488
1609632
1609776
1609920
1610064
1610208
1610352
1610496
1610640
1610784
1610928
1611072
1611216
1611360
1611504
1611648
1611792
1611936
1612080
1612224
1612368
1612512
1612656
1612800
1612944
1613088
1613232
1613376
1613520
1613664
1613808
1613952
1614096
1614240
1614384
1614528
1614672
1614816
1614960
1615104
1615248
1615392
1615536
1615680
1615824
1615968
1616112
1616256
1616400
1616544
1616688
1616832
1616976
1617120
1617264
1617408
1617552
1617696
1617840
1617984
1618128
1618272
1618416
1618560
1618704
1618848
1618992
1619136
1619280
1619424
1619568
1619712
1619856
1620000
1620144
1620288
1620432
1620576
1620720
1620864
1621008
1621152
1621296
1621440
1621584
1621728
1621872
1622016
1622160
1622304
1622448
1622592
1622736
1622880
1623024
1623168
1623312
1623456
1623600
1623744
1623888
1624032
1624176
1624320
1624464
1624608
1624752
1624896
1625040
1625184
1625328
1625472
1625616
1625760
1625904
1626048
1626192
1626336
1626480
1626624
1626768
1626912
1627056
1627200
1627344
1627488
1627632
1627776
1627920
1628064
1628208
1628352
1628496
1628640
1628784
1628928
1629072
1629216
1629360
1629504
1629648
1629792
1629936
1630080
1630224
1630368
1630512
1630656
1630800
1630944
1631088
1631232
1631376
1631520
1631664
1631808
1631952
1632096
1632240
1632384
1632528
1632672
1632816
1632960
1633104
1633248
1633392
1633536
1633680
1633824
1633968
1634112
1634256
1634400
1634544
1634688
1634832
1634976
1635120
1635264
1635408
1635552
1635696
1635840
1635984
1636128
1636272
1636416
1636560
1636704
1636848
1636992
1637136
1637280
1637424
1637568
1637712
1637856
1638000
1638144
1638288
1638432
1638576
1638720
1638864
1639008
1639152
1639296
1639440
1639584
1639728
1639872
1640016
1640160
1640304
1640448
1640592
1640736
1640880
1641024
1641168
1641312
1641456
1641600
1641744
1641888
1642032
1642176
1642320
1642464
1642608
1642752
1642896
1643040
1643184
1643328
1643472
1643616
1643760
1643904
1644048
1644192
1644336
1644480
1644624
1644768
1644912
1645056
1645200
1645344
1645488
1645632
1645776
1645920
1646064
1646208
1646352
1646496
1646640
1646784
1646928
1647072
1647216
1647360
1647504
1647648
1647792
1647936
1648080
1648224
1648368
1648512
1648656
1648800
1648944
1649088
1649232
1649376
1649520
1649664
1649808
1649952
1650096
1650240
1650384
1650528
1650672
1650816
1650960
1651104
1651248
1651392
1651536
1651680
1651824
1651968
1652112
1652256
1652400
1652544
1652688
1652832
1652976
1653120
1653264
1653408
1653552
1653696
1653840
1653984
1654128
1654272
1654416
1654560
1654704
1654848
1654992
1655136
1655280
1655424
1655568
1655712
1655856
1656000
1656144
1656288
1656432
1656576
1656720
1656864
1657008
1657152
1657296
1657440
1657584
1657728
1657872
1658016
1658160
1658304
1658448
1658592
1658736
1658880
1659024
1659168
1659312
1659456
1659600
1659744
1659888
1660032
1660176
1660320
1660464
1660608
1660752
1660896
1661040
1661184
1661328
1661472
1661616
1661760
1661904
1662048
1662192
1662336
1662480
1662624
1662768
1662912
1663056
1663200
1663344
1663488
1663632
1663776
1663920
1664064
1664208
1664352
1664496
1664640
1664784
1664928
1665072
1665216
1665360
1665504
1665648
1665792
1665936
1666080
1666224
1666368
1666512
1666656
1666800
1666944
1667088
1667232
1667376
1667520
1667664
1667808
1667952
1668096
1668240
1668384
1668528
1668672
1668816
1668960
1669104
1669248
1669392
1669536
1669680
1669824
1669968
1670112
1670256
1670400
1670544
1670688
1670832
1670976
1671120
1671264
1671408
1671552
1671696
1671840
1671984
1672128
1672272
1672416
1672560
1672704
1672848
1672992
1673136
1673280
1673424
1673568
1673712
1673856
1674000
1674144
1674288
1674432
1674576
1674720
1674864
1675008
1675152
1675296
1675440
1675584
1675728
1675872
1676016
1676160
1676304
1676448
1676592
1676736
1676880
1677024
1677168
1677312
1677456
1677600
1677744
1677888
1678032
1678176
1678320
1678464
1678608
1678752
1678896
1679040
1679184
1679328
1679472
1679616
1679760
1679904
1680048
1680192
1680336
1680480
1680624
1680768
1680912
1681056
1681200
1681344
1681488
1681632
1681776
1681920
1682064
1682208
1682352
1682496
1682640
1682784
1682928
1683072
1683216
1683360
1683504
1683648
1683792
1683936
1684080
1684224
1684368
1684512
1684656
1684800
1684944
1685088
1685232
1685376
1685520
1685664
1685808
1685952
1686096
1686240
1686384
1686528
1686672
1686816
1686960
1687104
1687248
1687392
1687536
1687680
1687824
1687968
1688112
1688256
1688400
1688544
1688688
1688832
1688976
1689120
1689264
1689408
1689552
1689696
1689840
1689984
1690128
1690272
1690416
1690560
1690704
1690848
1690992
1691136
1691280
1691424
1691568
1691712
1691856
1692000
1692144
1692288
1692432
1692576
1692720
1692864
1693008
1693152
1693296
1693440
1693584
1693728
1693872
1694016
1694160
1694304
1694448
1694592
1694736
1694880
1695024
1695168
1695312
1695456
1695600
1695744
1695888
1696032
1696176
1696320
1696464
1696608
1696752
1696896
1697040
1697184
1697328
1697472
1697616
1697760
1697904
1698048
1698192
1698336
1698480
1698624
1698768
1698912
1699056
1699200
1699344
1699488
1699632
1699776
1699920
1700064
1700208
1700352
1700496
1700640
1700784
1700928
1701072
1701216
1701360
1701504
1701648
1701792
1701936
1702080
1702224
1702368
1702512
1702656
1702800
1702944
1703088
1703232
1703376
1703520
1703664
1703808
1703952
1704096
1704240
1704384
1704528
1704672
1704816
1704960
1705104
1705248
1705392
1705536
1705680
1705824
1705968
1706112
1706256
1706400
1706544
1706688
1706832
1706976
1707120
1707264
1707408
1707552
1707696
1707840
1707984
1708128
1708272
1708416
1708560
1708704
1708848
1708992
1709136
1709280
1709424
1709568
1709712
1709856
1710000
1710144
1710288
1710432
1710576
1710720
1710864
1711008
1711152
1711296
1711440
1711584
1711728
1711872
1712016
1712160
1712304
1712448
1712592
1712736
1712880
1713024
1713168
1713312
1713456
1713600
1713744
1713888
1714032
1714176
1714320
1714464
1714608
1714752
1714896
1715040
1715184
1715328
1715472
1715616
1715760
1715904
1716048
1716192
1716336
1716480
1716624
1716768
1716912
1717056
1717200
1717344
1717488
1717632
1717776
1717920
1718064
1718208
1718352
1718496
1718640
1718784
1718928
1719072
1719216
1719360
1719504
1719648
1719792
1719936
1720080
1720224
1720368
1720512
1720656
1720800
1720944
1721088
1721232
1721376
1721520
1721664
1721808
1721952
1722096
1722240
1722384
1722528
1722672
1722816
1722960
1723104
1723248
1723392
1723536
1723680
1723824
1723968
1724112
1724256
1724400
1724544
1724688
1724832
1724976
1725120
1725264
1725408
1725552
1725696
1725840
1725984
1726128
1726272
1726416
1726560
1726704
1726848
1726992
1727136
1727280
1727424
1727568
1727712
1727856
1728000
1728144
1728288
1728432
1728576
1728720
1728864
1729008
1729152
1729296
1729440
1729584
1729728
1729872
1730016
1730160
1730304
1730448
1730592
1730736
1730880
1731024
1731168
1731312
1731456
1731600
1731744
1731888
1732032
1732176
1732320
1732464
1732608
1732752
1732896
1733040
1733184
1733328
1733472
1733616
1733760
1733904
1734048
1734192
1734336
1734480
1734624
1734768
1734912
1735056
1735200
1735344
1735488
1735632
1735776
1735920
1736064
1736208
1736352
1736496
1736640
1736784
1736928
1737072
1737216
1737360
1737504
1737648
1737792
1737936
1738080
1738224
1738368
1738512
1738656
1738800
1738944
1739088
1739232
1739376
1739520
1739664
1739808
1739952
1740096
1740240
1740384
1740528
1740672
1740816
1740960
1741104
1741248
1741392
1741536
1741680
1741824
1741968
1742112
1742256
1742400
1742544
1742688
1742832
1742976
1743120
1743264
1743408
1743552
1743696
1743840
1743984
1744128
1744272
1744416
1744560
1744704
1744848
1744992
1745136
1745280
1745424
1745568
1745712
1745856
1746000
1746144
1746288
1746432
1746576
1746720
1746864
1747008
1747152
1747296
1747440
1747584
1747728
1747872
1748016
1748160
1748304
1748448
1748592
1748736
1748880
1749024
1749168
1749312
1749456
1749600
1749744
1749888
1750032
1750176
1750320
1750464
1750608
1750752
1750896
1751040
1751184
1751328
1751472
1751616
1751760
1751904
1752048
1752192
1752336
1752480
1752624
1752768
1752912
1753056
1753200
1753344
1753488
1753632
1753776
1753920
1754064
1754208
1754352
1754496
1754640
1754784
1754928
1755072
1755216
1755360
1755504
1755648
1755792
1755936
1756080
1756224
1756368
1756512
1756656
1756800
1756944
1757088
1757232
1757376
1757520
1757664
1757808
1757952
1758096
1758240
1758384
1758528
1758672
1758816
1758960
1759104
1759248
1759392
1759536
1759680
1759824
1759968
1760112
1760256
1760400
1760544
1760688
1760832
1760976
1761120
1761264
1761408
1761552
1761696
1761840
1761984
1762128
1762272
1762416
1762560
1762704
1762848
1762992
1763136
1763280
1763424
1763568
1763712
1763856
1764000
1764144
1764288
1764432
1764576
1764720
1764864
1765008
1765152
1765296
1765440
1765584
1765728
1765872
1766016
1766160
1766304
1766448
1766592
1766736
1766880
1767024
1767168
1767312
1767456
1767600
1767744
1767888
1768032
1768176
1768320
1768464
1768608
1768752
1768896
1769040
1769184
1769328
1769472
1769616
1769760
1769904
1770048
1770192
1770336
1770480
1770624
1770768
1770912
1771056
1771200
1771344
1771488
1771632
1771776
1771920
1772064
1772208
1772352
1772496
1772640
1772784
1772928
1773072
1773216
1773360
1773504
1773648
1773792
1773936
1774080
1774224
1774368
1774512
1774656
1774800
1774944
1775088
1775232
1775376
1775520
1775664
1775808
1775952
1776096
1776240
1776384
1776528
1776672
1776816
1776960
1777104
1777248
1777392
1777536
1777680
1777824
1777968
1778112
1778256
1778400
1778544
1778688
1778832
1778976
1779120
1779264
1779408
1779552
1779696
1779840
1779984
1780128
1780272
1780416
1780560
1780704
1780848
1780992
1781136
1781280
1781424
1781568
1781712
1781856
1782000
1782144
1782288
1782432
1782576
1782720
1782864
1783008
1783152
1783296
1783440
1783584
1783728
1783872
1784016
1784160
1784304
1784448
1784592
1784736
1784880
1785024
1785168
1785312
1785456
1785600
1785744
1785888
1786032
1786176
1786320
1786464
1786608
1786752
1786896
1787040
1787184
1787328
1787472
1787616
1787760
1787904
1788048
1788192
1788336
1788480
1788624
1788768
1788912
1789056
1789200
1789344
1789488
1789632
1789776
1789920
1790064
1790208
1790352
1790496
1790640
1790784
1790928
1791072
1791216
1791360
1791504
1791648
1791792
1791936
1792080
1792224
1792368
1792512
1792656
1792800
1792944
1793088
1793232
1793376
1793520
1793664
1793808
1793952
1794096
1794240
1794384
1794528
1794672
1794816
1794960
1795104
1795248
1795392
1795536
1795680
1795824
1795968
1796112
1796256
1796400
1796544
1796688
1796832
1796976
1797120
1797264
1797408
1797552
1797696
1797840
1797984
1798128
1798272
1798416
1798560
1798704
1798848
1798992
1799136
1799280
1799424
1799568
1799712
1799856
1800000
1800144
1800288
1800432
1800576
1800720
1800864
1801008
1801152
1801296
1801440
1801584
1801728
1801872
1802016
1802160
1802304
1802448
1802592
1802736
1802880
1803024
1803168
1803312
1803456
1803600
1803744
1803888
1804032
1804176
1804320
1804464
1804608
1804752
1804896
1805040
1805184
1805328
1805472
1805616
1805760
1805904
1806048
1806192
1806336
1806480
1806624
1806768
1806912
1807056
1807200
1807344
1807488
1807632
1807776
1807920
1808064
1808208
1808352
1808496
1808640
1808784
1808928
1809072
1809216
1809360
1809504
1809648
1809792
1809936
1810080
1810224
1810368
1810512
1810656
1810800
1810944
1811088
1811232
1811376
1811520
1811664
1811808
1811952
1812096
1812240
1812384
1812528
1812672
1812816
1812960
1813104
1813248
1813392
1813536
1813680
1813824
1813968
1814112
1814256
1814400
1814544
1814688
1814832
1814976
1815120
1815264
1815408
1815552
1815696
1815840
1815984
1816128
1816272
1816416
1816560
1816704
1816848
1816992
1817136
1817280
1817424
1817568
1817712
1817856
1818000
1818144
1818288
1818432
1818576
1818720
1818864
1819008
1819152
1819296
1819440
1819584
1819728
1819872
1820016
1820160
1820304
1820448
1820592
1820736
1820880
1821024
1821168
1821312
1821456
1821600
1821744
1821888
1822032
1822176
1822320
1822464
1822608
1822752
1822896
1823040
1823184
1823328
1823472
1823616
1823760
1823904
1824048
1824192
1824336
1824480
1824624
1824768
1824912
1825056
1825200
1825344
1825488
1825632
1825776
1825920
1826064
1826208
1826352
1826496
1826640
1826784
1826928
1827072
1827216
1827360
1827504
1827648
1827792
1827936
1828080
1828224
1828368
1828512
1828656
1828800
1828944
1829088
1829232
1829376
1829520
1829664
1829808
1829952
1830096
1830240
1830384
1830528
1830672
1830816
1830960
1831104
1831248
1831392
1831536
1831680
1831824
1831968
1832112
1832256
1832400
1832544
1832688
1832832
1832976
1833120
1833264
1833408
1833552
1833696
1833840
1833984
1834128
1834272
1834416
1834560
1834704
1834848
1834992
1835136
1835280
1835424
1835568
1835712
1835856
1836000
1836144
1836288
1836432
1836576
1836720
1836864
1837008
1837152
1837296
1837440
1837584
1837728
1837872
1838016
1838160
1838304
1838448
1838592
1838736
1838880
1839024
1839168
1839312
1839456
1839600
1839744
1839888
1840032
1840176
1840320
1840464
1840608
1840752
1840896
1841040
1841184
1841328
1841472
1841616
1841760
1841904
1842048
1842192
1842336
1842480
1842624
1842768
1842912
1843056
1843200
1843344
1843488
1843632
1843776
1843920
1844064
1844208
1844352
1844496
1844640
1844784
1844928
1845072
1845216
1845360
1845504
1845648
1845792
1845936
1846080
1846224
1846368
1846512
1846656
1846800
1846944
1847088
1847232
1847376
1847520
1847664
1847808
1847952
1848096
1848240
1848384
1848528
1848672
1848816
1848960
1849104
1849248
1849392
1849536
1849680
1849824
1849968
1850112
1850256
1850400
1850544
1850688
1850832
1850976
1851120
1851264
1851408
1851552
1851696
1851840
1851984
1852128
1852272
1852416
1852560
1852704
1852848
1852992
1853136
1853280
1853424
1853568
1853712
1853856
1854000
1854144
1854288
1854432
1854576
1854720
1854864
1855008
1855152
1855296
1855440
1855584
1855728
1855872
1856016
1856160
1856304
1856448
1856592
1856736
1856880
1857024
1857168
1857312
1857456
1857600
1857744
1857888
1858032
1858176
1858320
1858464
1858608
1858752
1858896
1859040
1859184
1859328
1859472
1859616
1859760
1859904
1860048
1860192
1860336
1860480
1860624
1860768
1860912
1861056
1861200
1861344
1861488
1861632
1861776
1861920
1862064
1862208
1862352
1862496
1862640
1862784
1862928
1863072
1863216
1863360
1863504
1863648
1863792
1863936
1864080
1864224
1864368
1864512
1864656
1864800
1864944
1865088
1865232
1865376
1865520
1865664
1865808
1865952
1866096
1866240
1866384
1866528
1866672
1866816
1866960
1867104
1867248
1867392
1867536
1867680
1867824
1867968
1868112
1868256
1868400
1868544
1868688
1868832
1868976
1869120
1869264
1869408
1869552
1869696
1869840
1869984
1870128
1870272
1870416
1870560
1870704
1870848
1870992
1871136
1871280
1871424
1871568
1871712
1871856
1872000
1872144
1872288
1872432
1872576
1872720
1872864
1873008
1873152
1873296
1873440
1873584
1873728
1873872
1874016
1874160
1874304
1874448
1874592
1874736
1874880
1875024
1875168
1875312
1875456
1875600
1875744
1875888
1876032
1876176
1876320
1876464
1876608
1876752
1876896
1877040
1877184
1877328
1877472
1877616
1877760
1877904
1878048
1878192
1878336
1878480
1878624
1878768
1878912
1879056
1879200
1879344
1879488
1879632
1879776
1879920
1880064
1880208
1880352
1880496
1880640
1880784
1880928
1881072
1881216
1881360
1881504
1881648
1881792
1881936
1882080
1882224
1882368
1882512
1882656
1882800
1882944
1883088
1883232
1883376
1883520
1883664
1883808
1883952
1884096
1884240
1884384
1884528
1884672
1884816
1884960
1885104
1885248
1885392
1885536
1885680
1885824
1885968
1886112
1886256
1886400
1886544
1886688
1886832
1886976
1887120
1887264
1887408
1887552
1887696
1887840
1887984
1888128
1888272
1888416
1888560
1888704
1888848
1888992
1889136
1889280
1889424
1889568
1889712
1889856
1890000
1890144
1890288
1890432
1890576
1890720
1890864
1891008
1891152
1891296
1891440
1891584
1891728
1891872
1892016
1892160
1892304
1892448
1892592
1892736
1892880
1893024
1893168
1893312
1893456
1893600
1893744
1893888
1894032
1894176
1894320
1894464
1894608
1894752
1894896
1895040
1895184
1895328
1895472
1895616
1895760
1895904
1896048
1896192
1896336
1896480
1896624
1896768
1896912
1897056
1897200
1897344
1897488
1897632
1897776
1897920
1898064
1898208
1898352
1898496
1898640
1898784
1898928
1899072
1899216
1899360
1899504
1899648
1899792
1899936
1900080
1900224
1900368
1900512
1900656
1900800
1900944
1901088
1901232
1901376
1901520
1901664
1901808
1901952
1902096
1902240
1902384
1902528
1902672
1902816
1902960
1903104
1903248
1903392
1903536
1903680
1903824
1903968
1904112
1904256
1904400
1904544
1904688
1904832
1904976
1905120
1905264
1905408
1905552
1905696
1905840
1905984
1906128
1906272
1906416
1906560
1906704
1906848
1906992
1907136
1907280
1907424
1907568
1907712
1907856
1908000
1908144
1908288
1908432
1908576
1908720
1908864
1909008
1909152
1909296
1909440
1909584
1909728
1909872
1910016
1910160
1910304
1910448
1910592
1910736
1910880
1911024
1911168
1911312
1911456
1911600
1911744
1911888
1912032
1912176
1912320
1912464
1912608
1912752
1912896
1913040
1913184
1913328
1913472
1913616
1913760
1913904
1914048
1914192
1914336
1914480
1914624
1914768
1914912
1915056
1915200
1915344
1915488
1915632
1915776
1915920
1916064
1916208
1916352
1916496
1916640
1916784
1916928
1917072
1917216
1917360
1917504
1917648
1917792
1917936
1918080
1918224
1918368
1918512
1918656
1918800
1918944
1919088
1919232
1919376
1919520
1919664
1919808
1919952
1920096
1920240
1920384
1920528
1920672
1920816
1920960
1921104
1921248
1921392
1921536
1921680
1921824
1921968
1922112
1922256
1922400
1922544
1922688
1922832
1922976
1923120
1923264
1923408
1923552
1923696
1923840
1923984
1924128
1924272
1924416
1924560
1924704
1924848
1924992
1925136
1925280
1925424
1925568
1925712
1925856
1926000
1926144
1926288
1926432
1926576
1926720
1926864
1927008
1927152
1927296
1927440
1927584
1927728
1927872
1928016
1928160
1928304
1928448
1928592
1928736
1928880
1929024
1929168
1929312
1929456
1929600
1929744
1929888
1930032
1930176
1930320
1930464
1930608
1930752
1930896
1931040
1931184
1931328
1931472
1931616
1931760
1931904
1932048
1932192
1932336
1932480
1932624
1932768
1932912
1933056
1933200
1933344
1933488
1933632
1933776
1933920
1934064
1934208
1934352
1934496
1934640
1934784
1934928
1935072
1935216
1935360
1935504
1935648
1935792
1935936
1936080
1936224
1936368
1936512
1936656
1936800
1936944
1937088
1937232
1937376
1937520
1937664
1937808
1937952
1938096
1938240
1938384
1938528
1938672
1938816
1938960
1939104
1939248
1939392
1939536
1939680
1939824
1939968
1940112
1940256
1940400
1940544
1940688
1940832
1940976
1941120
1941264
1941408
1941552
1941696
1941840
1941984
1942128
1942272
1942416
1942560
1942704
1942848
1942992
1943136
1943280
1943424
1943568
1943712
1943856
1944000
1944144
1944288
1944432
1944576
1944720
1944864
1945008
1945152
1945296
1945440
1945584
1945728
1945872
1946016
1946160
1946304
1946448
1946592
1946736
1946880
1947024
1947168
1947312
1947456
1947600
1947744
1947888
1948032
1948176
1948320
1948464
1948608
1948752
1948896
1949040
1949184
1949328
1949472
1949616
1949760
1949904
1950048
1950192
1950336
1950480
1950624
1950768
1950912
1951056
1951200
1951344
1951488
1951632
1951776
1951920
1952064
1952208
1952352
1952496
1952640
1952784
1952928
1953072
1953216
1953360
1953504
1953648
1953792
1953936
1954080
1954224
1954368
1954512
1954656
1954800
1954944
1955088
1955232
1955376
1955520
1955664
1955808
1955952
1956096
1956240
1956384
1956528
1956672
1956816
1956960
1957104
1957248
1957392
1957536
1957680
1957824
1957968
1958112
1958256
1958400
1958544
1958688
1958832
1958976
1959120
1959264
1959408
1959552
1959696
1959840
1959984
1960128
1960272
1960416
1960560
1960704
1960848
1960992
1961136
1961280
1961424
1961568
1961712
1961856
1962000
1962144
1962288
1962432
1962576
1962720
1962864
1963008
1963152
1963296
1963440
1963584
1963728
1963872
1964016
1964160
1964304
1964448
1964592
1964736
1964880
1965024
1965168
1965312
1965456
1965600
1965744
1965888
1966032
1966176
1966320
1966464
1966608
1966752
1966896
1967040
1967184
1967328
1967472
1967616
1967760
1967904
1968048
1968192
1968336
1968480
1968624
1968768
1968912
1969056
1969200
1969344
1969488
1969632
1969776
1969920
1970064
1970208
1970352
1970496
1970640
1970784
1970928
1971072
1971216
1971360
1971504
1971648
1971792
1971936
1972080
1972224
1972368
1972512
1972656
1972800
1972944
1973088
1973232
1973376
1973520
1973664
1973808
1973952
1974096
1974240
1974384
1974528
1974672
1974816
1974960
1975104
1975248
1975392
1975536
1975680
1975824
1975968
1976112
1976256
1976400
1976544
1976688
1976832
1976976
1977120
1977264
1977408
1977552
1977696
1977840
1977984
1978128
1978272
1978416
1978560
1978704
1978848
1978992
1979136
1979280
1979424
1979568
1979712
1979856
1980000
1980144
1980288
1980432
1980576
1980720
1980864
1981008
1981152
1981296
1981440
1981584
1981728
1981872
1982016
1982160
1982304
1982448
1982592
1982736
1982880
1983024
1983168
1983312
1983456
1983600
1983744
1983888
1984032
1984176
1984320
1984464
1984608
1984752
1984896
1985040
1985184
1985328
1985472
1985616
1985760
1985904
1986048
1986192
1986336
1986480
1986624
1986768
1986912
1987056
1987200
1987344
1987488
1987632
1987776
1987920
1988064
1988208
1988352
1988496
1988640
1988784
1988928
1989072
1989216
1989360
1989504
1989648
1989792
1989936
1990080
1990224
1990368
1990512
1990656
1990800
1990944
1991088
1991232
1991376
1991520
1991664
1991808
1991952
1992096
1992240
1992384
1992528
1992672
1992816
1992960
1993104
1993248
1993392
1993536
1993680
1993824
1993968
1994112
1994256
1994400
1994544
1994688
1994832
1994976
1995120
1995264
1995408
1995552
1995696
1995840
1995984
1996128
1996272
1996416
1996560
1996704
1996848
1996992
1997136
1997280
1997424
1997568
1997712
1997856
1998000
1998144
1998288
1998432
1998576
1998720
1998864
1999008
1999152
1999296
1999440
1999584
1999728
1999872
2000016
2000160
2000304
2000448
2000592
2000736
2000880
2001024
2001168
2001312
2001456
2001600
2001744
2001888
2002032
2002176
2002320
2002464
2002608
2002752
2002896
2003040
2003184
2003328
2003472
2003616
2003760
2003904
2004048
2004192
2004336
2004480
2004624
2004768
2004912
2005056
2005200
2005344
2005488
2005632
2005776
2005920
2006064
2006208
2006352
2006496
2006640
2006784
2006928
2007072
2007216
2007360
2007504
2007648
2007792
2007936
2008080
2008224
2008368
2008512
2008656
2008800
2008944
2009088
2009232
2009376
2009520
2009664
2009808
2009952
2010096
2010240
2010384
2010528
2010672
2010816
2010960
2011104
2011248
2011392
2011536
2011680
2011824
2011968
2012112
2012256
2012400
2012544
2012688
2012832
2012976
2013120
2013264
2013408
2013552
2013696
2013840
2013984
2014128
2014272
2014416
2014560
2014704
2014848
2014992
2015136
2015280
2015424
2015568
2015712
2015856
2016000
2016144
2016288
2016432
2016576
2016720
2016864
2017008
2017152
2017296
2017440
2017584
2017728
2017872
2018016
2018160
2018304
2018448
2018592
2018736
2018880
2019024
2019168
2019312
2019456
2019600
2019744
2019888
2020032
2020176
2020320
2020464
2020608
2020752
2020896
2021040
2021184
2021328
2021472
2021616
2021760
2021904
2022048
2022192
2022336
2022480
2022624
2022768
2022912
2023056
2023200
2023344
2023488
2023632
2023776
2023920
2024064
2024208
2024352
2024496
2024640
2024784
2024928
2025072
2025216
2025360
2025504
2025648
2025792
2025936
2026080
2026224
2026368
2026512
2026656
2026800
2026944
2027088
2027232
2027376
2027520
2027664
2027808
2027952
2028096
2028240
2028384
2028528
2028672
2028816
2028960
2029104
2029248
2029392
2029536
2029680
2029824
2029968
2030112
2030256
2030400
2030544
2030688
2030832
2030976
2031120
2031264
2031408
2031552
2031696
2031840
2031984
2032128
2032272
2032416
2032560
2032704
2032848
2032992
2033136
2033280
2033424
2033568
2033712
2033856
2034000
2034144
2034288
2034432
2034576
2034720
2034864
2035008
2035152
2035296
2035440
2035584
2035728
2035872
2036016
2036160
2036304
2036448
2036592
2036736
2036880
2037024
2037168
2037312
2037456
2037600
2037744
2037888
2038032
2038176
2038320
2038464
2038608
2038752
2038896
2039040
2039184
2039328
2039472
2039616
2039760
2039904
2040048
2040192
2040336
2040480
2040624
2040768
2040912
2041056
2041200
2041344
2041488
2041632
2041776
2041920
2042064
2042208
2042352
2042496
2042640
2042784
2042928
2043072
2043216
2043360
2043504
2043648
2043792
2043936
2044080
2044224
2044368
2044512
2044656
2044800
2044944
2045088
2045232
2045376
2045520
2045664
2045808
2045952
2046096
2046240
2046384
2046528
2046672
2046816
2046960
2047104
2047248
2047392
2047536
2047680
2047824
2047968
2048112
2048256
2048400
2048544
2048688
2048832
2048976
2049120
2049264
2049408
2049552
2049696
2049840
2049984
2050128
2050272
2050416
2050560
2050704
2050848
2050992
2051136
2051280
2051424
2051568
2051712
2051856
2052000
2052144
2052288
2052432
2052576
2052720
2052864
2053008
2053152
2053296
2053440
2053584
2053728
2053872
2054016
2054160
2054304
2054448
2054592
2054736
2054880
2055024
2055168
2055312
2055456
2055600
2055744
2055888
2056032
2056176
2056320
2056464
2056608
2056752
2056896
2057040
2057184
2057328
2057472
2057616
2057760
2057904
2058048
2058192
2058336
2058480
2058624
2058768
2058912
2059056
2059200
2059344
2059488
2059632
2059776
2059920
2060064
2060208
2060352
2060496
2060640
2060784
2060928
2061072
2061216
2061360
2061504
2061648
2061792
2061936
2062080
2062224
2062368
2062512
2062656
2062800
2062944
2063088
2063232
2063376
2063520
2063664
2063808
2063952
2064096
2064240
2064384
2064528
2064672
2064816
2064960
2065104
2065248
2065392
2065536
2065680
2065824
2065968
2066112
2066256
2066400
2066544
2066688
2066832
2066976
2067120
2067264
2067408
2067552
2067696
2067840
2067984
2068128
2068272
2068416
2068560
2068704
2068848
2068992
2069136
2069280
2069424
2069568
2069712
2069856
2070000
2070144
2070288
2070432
2070576
2070720
2070864
2071008
2071152
2071296
2071440
2071584
2071728
2071872
2072016
2072160
2072304
2072448
2072592
2072736
2072880
2073024
2073168
2073312
2073456
2073600
2073744
2073888
2074032
2074176
2074320
2074464
2074608
2074752
2074896
2075040
2075184
2075328
2075472
2075616
2075760
2075904
2076048
2076192
2076336
2076480
2076624
2076768
2076912
2077056
2077200
2077344
2077488
2077632
2077776
2077920
2078064
2078208
2078352
2078496
2078640
2078784
2078928
2079072
2079216
2079360
2079504
2079648
2079792
2079936
2080080
2080224
2080368
2080512
2080656
2080800
2080944
2081088
2081232
2081376
2081520
2081664
2081808
2081952
2082096
2082240
2082384
2082528
2082672
2082816
2082960
2083104
2083248
2083392
2083536
2083680
2083824
2083968
2084112
2084256
2084400
2084544
2084688
2084832
2084976
2085120
2085264
2085408
2085552
2085696
2085840
2085984
2086128
2086272
2086416
2086560
2086704
2086848
2086992
2087136
2087280
2087424
2087568
2087712
2087856
2088000
2088144
2088288
2088432
2088576
2088720
2088864
2089008
2089152
2089296
2089440
2089584
2089728
2089872
2090016
2090160
2090304
2090448
2090592
2090736
2090880
2091024
2091168
2091312
2091456
2091600
2091744
2091888
2092032
2092176
2092320
2092464
2092608
2092752
2092896
2093040
2093184
2093328
2093472
2093616
2093760
2093904
2094048
2094192
2094336
2094480
2094624
2094768
2094912
2095056
2095200
2095344
2095488
2095632
2095776
2095920
2096064
2096208
2096352
2096496
2096640
2096784
2096928
2097072
2097216
2097360
2097504
2097648
2097792
2097936
2098080
2098224
2098368
2098512
2098656
2098800
2098944
2099088
2099232
2099376
2099520
2099664
2099808
2099952
2100096
2100240
2100384
2100528
2100672
2100816
2100960
2101104
2101248
2101392
2101536
2101680
2101824
2101968
2102112
2102256
2102400
2102544
2102688
2102832
2102976
2103120
2103264
2103408
2103552
2103696
2103840
2103984
2104128
2104272
2104416
2104560
2104704
2104848
2104992
2105136
2105280
2105424
2105568
2105712
2105856
2106000
2106144
2106288
2106432
2106576
2106720
2106864
2107008
2107152
2107296
2107440
2107584
2107728
2107872
2108016
2108160
2108304
2108448
2108592
2108736
2108880
2109024
2109168
2109312
2109456
2109600
2109744
2109888
2110032
2110176
2110320
2110464
2110608
2110752
2110896
2111040
2111184
2111328
2111472
2111616
2111760
2111904
2112048
2112192
2112336
2112480
2112624
2112768
2112912
2113056
2113200
2113344
2113488
2113632
2113776
2113920
2114064
2114208
2114352
2114496
2114640
2114784
2114928
2115072
2115216
2115360
2115504
2115648
2115792
2115936
2116080
2116224
2116368
2116512
2116656
2116800
2116944
2117088
2117232
2117376
2117520
2117664
2117808
2117952
2118096
2118240
2118384
2118528
2118672
2118816
2118960
2119104
2119248
2119392
2119536
2119680
2119824
2119968
2120112
2120256
2120400
2120544
2120688
2120832
2120976
2121120
2121264
2121408
2121552
2121696
2121840
2121984
2122128
2122272
2122416
2122560
2122704
2122848
2122992
2123136
2123280
2123424
2123568
2123712
2123856
2124000
2124144
2124288
2124432
2124576
2124720
2124864
2125008
2125152
2125296
2125440
2125584
2125728
2125872
2126016
2126160
2126304
2126448
2126592
2126736
2126880
2127024
2127168
2127312
2127456
2127600
2127744
2127888
2128032
2128176
2128320
2128464
2128608
2128752
2128896
2129040
2129184
2129328
2129472
2129616
2129760
2129904
2130048
2130192
2130336
2130480
2130624
2130768
2130912
2131056
2131200
2131344
2131488
2131632
2131776
2131920
2132064
2132208
2132352
2132496
2132640
2132784
2132928
2133072
2133216
2133360
2133504
2133648
2133792
2133936
2134080
2134224
2134368
2134512
2134656
2134800
2134944
2135088
2135232
2135376
2135520
2135664
2135808
2135952
2136096
2136240
2136384
2136528
2136672
2136816
2136960
2137104
2137248
2137392
2137536
2137680
2137824
2137968
2138112
2138256
2138400
2138544
2138688
2138832
2138976
2139120
2139264
2139408
2139552
2139696
2139840
2139984
2140128
2140272
2140416
2140560
2140704
2140848
2140992
2141136
2141280
2141424
2141568
2141712
2141856
2142000
2142144
2142288
2142432
2142576
2142720
2142864
2143008
2143152
2143296
2143440
2143584
2143728
2143872
2144016
2144160
2144304
2144448
2144592
2144736
2144880
2145024
2145168
2145312
2145456
2145600
2145744
2145888
2146032
2146176
2146320
2146464
2146608
2146752
2146896
2147040
2147184
2147328
2147472
2147616
2147760
2147904
2148048
2148192
2148336
2148480
2148624
2148768
2148912
2149056
2149200
2149344
2149488
2149632
2149776
2149920
2150064
2150208
2150352
2150496
2150640
2150784
2150928
2151072
2151216
2151360
2151504
2151648
2151792
2151936
2152080
2152224
2152368
2152512
2152656
2152800
2152944
2153088
2153232
2153376
2153520
2153664
2153808
2153952
2154096
2154240
2154384
2154528
2154672
2154816
2154960
2155104
2155248
2155392
2155536
2155680
2155824
2155968
2156112
2156256
2156400
2156544
2156688
2156832
2156976
2157120
2157264
2157408
2157552
2157696
2157840
2157984
2158128
2158272
2158416
2158560
2158704
2158848
2158992
2159136
2159280
2159424
2159568
2159712
2159856
2160000
2160144
2160288
2160432
2160576
2160720
2160864
2161008
2161152
2161296
2161440
2161584
2161728
2161872
2162016
2162160
2162304
2162448
2162592
2162736
2162880
2163024
2163168
2163312
2163456
2163600
2163744
2163888
2164032
2164176
2164320
2164464
2164608
2164752
2164896
2165040
2165184
2165328
2165472
2165616
2165760
2165904
2166048
2166192
2166336
2166480
2166624
2166768
2166912
2167056
2167200
2167344
2167488
2167632
2167776
2167920
2168064
2168208
2168352
2168496
2168640
2168784
2168928
2169072
2169216
2169360
2169504
2169648
2169792
2169936
2170080
2170224
2170368
2170512
2170656
2170800
2170944
2171088
2171232
2171376
2171520
2171664
2171808
2171952
2172096
2172240
2172384
2172528
2172672
2172816
2172960
2173104
2173248
2173392
2173536
2173680
2173824
2173968
2174112
2174256
2174400
2174544
2174688
2174832
2174976
2175120
2175264
2175408
2175552
2175696
2175840
2175984
2176128
2176272
2176416
2176560
2176704
2176848
2176992
2177136
2177280
2177424
2177568
2177712
2177856
2178000
2178144
2178288
2178432
2178576
2178720
2178864
2179008
2179152
2179296
2179440
2179584
2179728
2179872
2180016
2180160
2180304
2180448
2180592
2180736
2180880
2181024
2181168
2181312
2181456
2181600
2181744
2181888
2182032
2182176
2182320
2182464
2182608
2182752
2182896
2183040
2183184
2183328
2183472
2183616
2183760
2183904
2184048
2184192
2184336
2184480
2184624
2184768
2184912
2185056
2185200
2185344
2185488
2185632
2185776
2185920
2186064
2186208
2186352
2186496
2186640
2186784
2186928
2187072
2187216
2187360
2187504
2187648
2187792
2187936
2188080
2188224
2188368
2188512
2188656
2188800
2188944
2189088
2189232
2189376
2189520
2189664
2189808
2189952
2190096
2190240
2190384
2190528
2190672
2190816
2190960
2191104
2191248
2191392
2191536
2191680
2191824
2191968
2192112
2192256
2192400
2192544
2192688
2192832
2192976
2193120
2193264
2193408
2193552
2193696
2193840
2193984
2194128
2194272
2194416
2194560
2194704
2194848
2194992
2195136
2195280
2195424
2195568
2195712
2195856
2196000
2196144
2196288
2196432
2196576
2196720
2196864
2197008
2197152
2197296
2197440
2197584
2197728
2197872
2198016
2198160
2198304
2198448
2198592
2198736
2198880
2199024
2199168
2199312
2199456
2199600
2199744
2199888
2200032
2200176
2200320
2200464
2200608
2200752
2200896
2201040
2201184
2201328
2201472
2201616
2201760
2201904
2202048
2202192
2202336
2202480
2202624
2202768
2202912
2203056
2203200
2203344
2203488
2203632
2203776
2203920
2204064
2204208
2204352
2204496
2204640
2204784
2204928
2205072
2205216
2205360
2205504
2205648
2205792
2205936
2206080
2206224
2206368
2206512
2206656
2206800
2206944
2207088
2207232
2207376
2207520
2207664
2207808
2207952
2208096
2208240
2208384
2208528
2208672
2208816
2208960
2209104
2209248
2209392
2209536
2209680
2209824
2209968
2210112
2210256
2210400
2210544
2210688
2210832
2210976
2211120
2211264
2211408
2211552
2211696
2211840
2211984
2212128
2212272
2212416
2212560
2212704
2212848
2212992
2213136
2213280
2213424
2213568
2213712
2213856
2214000
2214144
2214288
2214432
2214576
2214720
2214864
2215008
2215152
2215296
2215440
2215584
2215728
2215872
2216016
2216160
2216304
2216448
2216592
2216736
2216880
2217024
2217168
2217312
2217456
2217600
2217744
2217888
2218032
2218176
2218320
2218464
2218608
2218752
2218896
2219040
2219184
2219328
2219472
2219616
2219760
2219904
2220048
2220192
2220336
2220480
2220624
2220768
2220912
2221056
2221200
2221344
2221488
2221632
2221776
2221920
2222064
2222208
2222352
2222496
2222640
2222784
2222928
2223072
2223216
2223360
2223504
2223648
2223792
2223936
2224080
2224224
2224368
2224512
2224656
2224800
2224944
2225088
2225232
2225376
2225520
2225664
2225808
2225952
2226096
2226240
2226384
2226528
2226672
2226816
2226960
2227104
2227248
2227392
2227536
2227680
2227824
2227968
2228112
2228256
2228400
2228544
2228688
2228832
2228976
2229120
2229264
2229408
2229552
2229696
2229840
2229984
2230128
2230272
2230416
2230560
2230704
2230848
2230992
2231136
2231280
2231424
2231568
2231712
2231856
2232000
2232144
2232288
2232432
2232576
2232720
2232864
2233008
2233152
2233296
2233440
2233584
2233728
2233872
2234016
2234160
2234304
2234448
2234592
2234736
2234880
2235024
2235168
2235312
2235456
2235600
2235744
2235888
2236032
2236176
2236320
2236464
2236608
2236752
2236896
2237040
2237184
2237328
2237472
2237616
2237760
2237904
2238048
2238192
2238336
2238480
2238624
2238768
2238912
2239056
2239200
2239344
2239488
2239632
2239776
2239920
2240064
2240208
2240352
2240496
2240640
2240784
2240928
2241072
2241216
2241360
2241504
2241648
2241792
2241936
2242080
2242224
2242368
2242512
2242656
2242800
2242944
2243088
2243232
2243376
2243520
2243664
2243808
2243952
2244096
2244240
2244384
2244528
2244672
2244816
2244960
2245104
2245248
2245392
2245536
2245680
2245824
2245968
2246112
2246256
2246400
2246544
2246688
2246832
2246976
2247120
2247264
2247408
2247552
2247696
2247840
2247984
2248128
2248272
2248416
2248560
2248704
2248848
2248992
2249136
2249280
2249424
2249568
2249712
2249856
2250000
2250144
2250288
2250432
2250576
2250720
2250864
2251008
2251152
2251296
2251440
2251584
2251728
2251872
2252016
2252160
2252304
2252448
2252592
2252736
2252880
2253024
2253168
2253312
2253456
2253600
2253744
2253888
2254032
2254176
2254320
2254464
2254608
2254752
2254896
2255040
2255184
2255328
2255472
2255616
2255760
2255904
2256048
2256192
2256336
2256480
2256624
2256768
2256912
2257056
2257200
2257344
2257488
2257632
2257776
2257920
2258064
2258208
2258352
2258496
2258640
2258784
2258928
2259072
2259216
2259360
2259504
2259648
2259792
2259936
2260080
2260224
2260368
2260512
2260656
2260800
2260944
2261088
2261232
2261376
2261520
2261664
2261808
2261952
2262096
2262240
2262384
2262528
2262672
2262816
2262960
2263104
2263248
2263392
2263536
2263680
2263824
2263968
2264112
2264256
2264400
2264544
2264688
2264832
2264976
2265120
2265264
2265408
2265552
2265696
2265840
2265984
2266128
2266272
2266416
2266560
2266704
2266848
2266992
2267136
2267280
2267424
2267568
2267712
2267856
2268000
2268144
2268288
2268432
2268576
2268720
2268864
2269008
2269152
2269296
2269440
2269584
2269728
2269872
2270016
2270160
2270304
2270448
2270592
2270736
2270880
2271024
2271168
2271312
2271456
2271600
2271744
2271888
2272032
2272176
2272320
2272464
2272608
2272752
2272896
2273040
2273184
2273328
2273472
2273616
2273760
2273904
2274048
2274192
2274336
2274480
2274624
2274768
2274912
2275056
2275200
2275344
2275488
2275632
2275776
2275920
2276064
2276208
2276352
2276496
2276640
2276784
2276928
2277072
2277216
2277360
2277504
2277648
2277792
2277936
2278080
2278224
2278368
2278512
2278656
2278800
2278944
2279088
2279232
2279376
2279520
2279664
2279808
2279952
2280096
2280240
2280384
2280528
2280672
2280816
2280960
2281104
2281248
2281392
2281536
2281680
2281824
2281968
2282112
2282256
2282400
2282544
2282688
2282832
2282976
2283120
2283264
2283408
2283552
2283696
2283840
2283984
2284128
2284272
2284416
2284560
2284704
2284848
2284992
2285136
2285280
2285424
2285568
2285712
2285856
2286000
2286144
2286288
2286432
2286576
2286720
2286864
2287008
2287152
2287296
2287440
2287584
2287728
2287872
2288016
2288160
2288304
2288448
2288592
2288736
2288880
2289024
2289168
2289312
2289456
2289600
2289744
2289888
2290032
2290176
2290320
2290464
2290608
2290752
2290896
2291040
2291184
2291328
2291472
2291616
2291760
2291904
2292048
2292192
2292336
2292480
2292624
2292768
2292912
2293056
2293200
2293344
2293488
2293632
2293776
2293920
2294064
2294208
2294352
2294496
2294640
2294784
2294928
2295072
2295216
2295360
2295504
2295648
2295792
2295936
2296080
2296224
2296368
2296512
2296656
2296800
2296944
2297088
2297232
2297376
2297520
2297664
2297808
2297952
2298096
2298240
2298384
2298528
2298672
2298816
2298960
2299104
2299248
2299392
2299536
2299680
2299824
2299968
2300112
2300256
2300400
2300544
2300688
2300832
2300976
2301120
2301264
2301408
2301552
2301696
2301840
2301984
2302128
2302272
2302416
2302560
2302704
2302848
2302992
2303136
2303280
2303424
2303568
2303712
2303856
2304000
2304144
2304288
2304432
2304576
2304720
2304864
2305008
2305152
2305296
2305440
2305584
2305728
2305872
2306016
2306160
2306304
2306448
2306592
2306736
2306880
2307024
2307168
2307312
2307456
2307600
2307744
2307888
2308032
2308176
2308320
2308464
2308608
2308752
2308896
2309040
2309184
2309328
2309472
2309616
2309760
2309904
2310048
2310192
2310336
2310480
2310624
2310768
2310912
2311056
2311200
2311344
2311488
2311632
2311776
2311920
2312064
2312208
2312352
2312496
2312640
2312784
2312928
2313072
2313216
2313360
2313504
2313648
2313792
2313936
2314080
2314224
2314368
2314512
2314656
2314800
2314944
2315088
2315232
2315376
2315520
2315664
2315808
2315952
2316096
2316240
2316384
2316528
2316672
2316816
2316960
2317104
2317248
2317392
2317536
2317680
2317824
2317968
2318112
2318256
2318400
2318544
2318688
2318832
2318976
2319120
2319264
2319408
2319552
2319696
2319840
2319984
2320128
2320272
2320416
2320560
2320704
2320848
2320992
2321136
2321280
2321424
2321568
2321712
2321856
2322000
2322144
2322288
2322432
2322576
2322720
2322864
2323008
2323152
2323296
2323440
2323584
2323728
2323872
2324016
2324160
2324304
2324448
2324592
2324736
2324880
2325024
2325168
2325312
2325456
2325600
2325744
2325888
2326032
2326176
2326320
2326464
2326608
2326752
2326896
2327040
2327184
2327328
2327472
2327616
2327760
2327904
2328048
2328192
2328336
2328480
2328624
2328768
2328912
2329056
2329200
2329344
2329488
2329632
2329776
2329920
2330064
2330208
2330352
2330496
2330640
2330784
2330928
2331072
2331216
2331360
2331504
2331648
2331792
2331936
2332080
2332224
2332368
2332512
2332656
2332800
2332944
2333088
2333232
2333376
2333520
2333664
2333808
2333952
2334096
2334240
2334384
2334528
2334672
2334816
2334960
2335104
2335248
2335392
2335536
2335680
2335824
2335968
2336112
2336256
2336400
2336544
2336688
2336832
2336976
2337120
2337264
2337408
2337552
2337696
2337840
2337984
2338128
2338272
2338416
2338560
2338704
2338848
2338992
2339136
2339280
2339424
2339568
2339712
2339856
2340000
2340144
2340288
2340432
2340576
2340720
2340864
2341008
2341152
2341296
2341440
2341584
2341728
2341872
2342016
2342160
2342304
2342448
2342592
2342736
2342880
2343024
2343168
2343312
2343456
2343600
2343744
2343888
2344032
2344176
2344320
2344464
2344608
2344752
2344896
2345040
2345184
2345328
2345472
2345616
2345760
2345904
2346048
2346192
2346336
2346480
2346624
2346768
2346912
2347056
2347200
2347344
2347488
2347632
2347776
2347920
2348064
2348208
2348352
2348496
2348640
2348784
2348928
2349072
2349216
2349360
2349504
2349648
2349792
2349936
2350080
2350224
2350368
2350512
2350656
2350800
2350944
2351088
2351232
2351376
2351520
2351664
2351808
2351952
2352096
2352240
2352384
2352528
2352672
2352816
2352960
2353104
2353248
2353392
2353536
2353680
2353824
2353968
2354112
2354256
2354400
2354544
2354688
2354832
2354976
2355120
2355264
2355408
2355552
2355696
2355840
2355984
2356128
2356272
2356416
2356560
2356704
2356848
2356992
2357136
2357280
2357424
2357568
2357712
2357856
2358000
2358144
2358288
2358432
2358576
2358720
2358864
2359008
2359152
2359296
2359440
2359584
2359728
2359872
2360016
2360160
2360304
2360448
2360592
2360736
2360880
2361024
2361168
2361312
2361456
2361600
2361744
2361888
2362032
2362176
2362320
2362464
2362608
2362752
2362896
2363040
2363184
2363328
2363472
2363616
2363760
2363904
2364048
2364192
2364336
2364480
2364624
2364768
2364912
2365056
2365200
2365344
2365488
2365632
2365776
2365920
2366064
2366208
2366352
2366496
2366640
2366784
2366928
2367072
2367216
2367360
2367504
2367648
2367792
2367936
2368080
2368224
2368368
2368512
2368656
2368800
2368944
2369088
2369232
2369376
2369520
2369664
2369808
2369952
2370096
2370240
2370384
2370528
2370672
2370816
2370960
2371104
2371248
2371392
2371536
2371680
2371824
2371968
2372112
2372256
2372400
2372544
2372688
2372832
2372976
2373120
2373264
2373408
2373552
2373696
2373840
2373984
2374128
2374272
2374416
2374560
2374704
2374848
2374992
2375136
2375280
2375424
2375568
2375712
2375856
2376000
2376144
2376288
2376432
2376576
2376720
2376864
2377008
2377152
2377296
2377440
2377584
2377728
2377872
2378016
2378160
2378304
2378448
2378592
2378736
2378880
2379024
2379168
2379312
2379456
2379600
2379744
2379888
2380032
2380176
2380320
2380464
2380608
2380752
2380896
2381040
2381184
2381328
2381472
2381616
2381760
2381904
2382048
2382192
2382336
2382480
2382624
2382768
2382912
2383056
2383200
2383344
2383488
2383632
2383776
2383920
2384064
2384208
2384352
2384496
2384640
2384784
2384928
2385072
2385216
2385360
2385504
2385648
2385792
2385936
2386080
2386224
2386368
2386512
2386656
2386800
2386944
2387088
2387232
2387376
2387520
2387664
2387808
2387952
2388096
2388240
2388384
2388528
2388672
2388816
2388960
2389104
2389248
2389392
2389536
2389680
2389824
2389968
2390112
2390256
2390400
2390544
2390688
2390832
2390976
2391120
2391264
2391408
2391552
2391696
2391840
2391984
2392128
2392272
2392416
2392560
2392704
2392848
2392992
2393136
2393280
2393424
2393568
2393712
2393856
2394000
2394144
2394288
2394432
2394576
2394720
2394864
2395008
2395152
2395296
2395440
2395584
2395728
2395872
2396016
2396160
2396304
2396448
2396592
2396736
2396880
2397024
2397168
2397312
2397456
2397600
2397744
2397888
2398032
2398176
2398320
2398464
2398608
2398752
2398896
2399040
2399184
2399328
2399472
2399616
2399760
2399904
2400048
2400192
2400336
2400480
2400624
2400768
2400912
2401056
2401200
2401344
2401488
2401632
2401776
2401920
2402064
2402208
2402352
2402496
2402640
2402784
2402928
2403072
2403216
2403360
2403504
2403648
2403792
2403936
2404080
2404224
2404368
2404512
2404656
2404800
2404944
2405088
2405232
2405376
2405520
2405664
2405808
2405952
2406096
2406240
2406384
2406528
2406672
2406816
2406960
2407104
2407248
2407392
2407536
2407680
2407824
2407968
2408112
2408256
2408400
2408544
2408688
2408832
2408976
2409120
2409264
2409408
2409552
2409696
2409840
2409984
2410128
2410272
2410416
2410560
2410704
2410848
2410992
2411136
2411280
2411424
2411568
2411712
2411856
2412000
2412144
2412288
2412432
2412576
2412720
2412864
2413008
2413152
2413296
2413440
2413584
2413728
2413872
2414016
2414160
2414304
2414448
2414592
2414736
2414880
2415024
2415168
2415312
2415456
2415600
2415744
2415888
2416032
2416176
2416320
2416464
2416608
2416752
2416896
2417040
2417184
2417328
2417472
2417616
2417760
2417904
2418048
2418192
2418336
2418480
2418624
2418768
2418912
2419056
2419200
2419344
2419488
2419632
2419776
2419920
2420064
2420208
2420352
2420496
2420640
2420784
2420928
2421072
2421216
2421360
2421504
2421648
2421792
2421936
2422080
2422224
2422368
2422512
2422656
2422800
2422944
2423088
2423232
2423376
2423520
2423664
2423808
2423952
2424096
2424240
2424384
2424528
2424672
2424816
2424960
2425104
2425248
2425392
2425536
2425680
2425824
2425968
2426112
2426256
2426400
2426544
2426688
2426832
2426976
2427120
2427264
2427408
2427552
2427696
2427840
2427984
2428128
2428272
2428416
2428560
2428704
2428848
2428992
2429136
2429280
2429424
2429568
2429712
2429856
2430000
2430144
2430288
2430432
2430576
2430720
2430864
2431008
2431152
2431296
2431440
2431584
2431728
2431872
2432016
2432160
2432304
2432448
2432592
2432736
2432880
2433024
2433168
2433312
2433456
2433600
2433744
2433888
2434032
2434176
2434320
2434464
2434608
2434752
2434896
2435040
2435184
2435328
2435472
2435616
2435760
2435904
2436048
2436192
2436336
2436480
2436624
2436768
2436912
2437056
2437200
2437344
2437488
2437632
2437776
2437920
2438064
2438208
2438352
2438496
2438640
2438784
2438928
2439072
2439216
2439360
2439504
2439648
2439792
2439936
2440080
2440224
2440368
2440512
2440656
2440800
2440944
2441088
2441232
2441376
2441520
2441664
2441808
2441952
2442096
2442240
2442384
2442528
2442672
2442816
2442960
2443104
2443248
2443392
2443536
2443680
2443824
2443968
2444112
2444256
2444400
2444544
2444688
2444832
2444976
2445120
2445264
2445408
2445552
2445696
2445840
2445984
2446128
2446272
2446416
2446560
2446704
2446848
2446992
2447136
2447280
2447424
2447568
2447712
2447856
2448000
2448144
2448288
2448432
2448576
2448720
2448864
2449008
2449152
2449296
2449440
2449584
2449728
2449872
2450016
2450160
2450304
2450448
2450592
2450736
2450880
2451024
2451168
2451312
2451456
2451600
2451744
2451888
2452032
2452176
2452320
2452464
2452608
2452752
2452896
2453040
2453184
2453328
2453472
2453616
2453760
2453904
2454048
2454192
2454336
2454480
2454624
2454768
2454912
2455056
2455200
2455344
2455488
2455632
2455776
2455920
2456064
2456208
2456352
2456496
2456640
2456784
2456928
2457072
2457216
2457360
2457504
2457648
2457792
2457936
2458080
2458224
2458368
2458512
2458656
2458800
2458944
2459088
2459232
2459376
2459520
2459664
2459808
2459952
2460096
2460240
2460384
2460528
2460672
2460816
2460960
2461104
2461248
2461392
2461536
2461680
2461824
2461968
2462112
2462256
2462400
2462544
2462688
2462832
2462976
2463120
2463264
2463408
2463552
2463696
2463840
2463984
2464128
2464272
2464416
2464560
2464704
2464848
2464992
2465136
2465280
2465424
2465568
2465712
2465856
2466000
2466144
2466288
2466432
2466576
2466720
2466864
2467008
2467152
2467296
2467440
2467584
2467728
2467872
2468016
2468160
2468304
2468448
2468592
2468736
2468880
2469024
2469168
2469312
2469456
2469600
2469744
2469888
2470032
2470176
2470320
2470464
2470608
2470752
2470896
2471040
2471184
2471328
2471472
2471616
2471760
2471904
2472048
2472192
2472336
2472480
2472624
2472768
2472912
2473056
2473200
2473344
2473488
2473632
2473776
2473920
2474064
2474208
2474352
2474496
2474640
2474784
2474928
2475072
2475216
2475360
2475504
2475648
2475792
2475936
2476080
2476224
2476368
2476512
2476656
2476800
2476944
2477088
2477232
2477376
2477520
2477664
2477808
2477952
2478096
2478240
2478384
2478528
2478672
2478816
2478960
2479104
2479248
2479392
2479536
2479680
2479824
2479968
2480112
2480256
2480400
2480544
2480688
2480832
2480976
2481120
2481264
2481408
2481552
2481696
2481840
2481984
2482128
2482272
2482416
2482560
2482704
2482848
2482992
2483136
2483280
2483424
2483568
2483712
2483856
2484000
2484144
2484288
2484432
2484576
2484720
2484864
2485008
2485152
2485296
2485440
2485584
2485728
2485872
2486016
2486160
2486304
2486448
2486592
2486736
2486880
2487024
2487168
2487312
2487456
2487600
2487744
2487888
2488032
2488176
2488320
2488464
2488608
2488752
2488896
2489040
2489184
2489328
2489472
2489616
2489760
2489904
2490048
2490192
2490336
2490480
2490624
2490768
2490912
2491056
2491200
2491344
2491488
2491632
2491776
2491920
2492064
2492208
2492352
2492496
2492640
2492784
2492928
2493072
2493216
2493360
2493504
2493648
2493792
2493936
2494080
2494224
2494368
2494512
2494656
2494800
2494944
2495088
2495232
2495376
2495520
2495664
2495808
2495952
2496096
2496240
2496384
2496528
2496672
2496816
2496960
2497104
2497248
2497392
2497536
2497680
2497824
2497968
2498112
2498256
2498400
2498544
2498688
2498832
2498976
2499120
2499264
2499408
2499552
2499696
2499840
2499984
2500128
2500272
2500416
2500560
2500704
2500848
2500992
2501136
2501280
2501424
2501568
2501712
2501856
2502000
2502144
2502288
2502432
2502576
2502720
2502864
2503008
2503152
2503296
2503440
2503584
2503728
2503872
2504016
2504160
2504304
2504448
2504592
2504736
2504880
2505024
2505168
2505312
2505456
2505600
2505744
2505888
2506032
2506176
2506320
2506464
2506608
2506752
2506896
2507040
2507184
2507328
2507472
2507616
2507760
2507904
2508048
2508192
2508336
2508480
2508624
2508768
2508912
2509056
2509200
2509344
2509488
2509632
2509776
2509920
2510064
2510208
2510352
2510496
2510640
2510784
2510928
2511072
2511216
2511360
2511504
2511648
2511792
2511936
2512080
2512224
2512368
2512512
2512656
2512800
2512944
2513088
2513232
2513376
2513520
2513664
2513808
2513952
2514096
2514240
2514384
2514528
2514672
2514816
2514960
2515104
2515248
2515392
2515536
2515680
2515824
2515968
2516112
2516256
2516400
2516544
2516688
2516832
2516976
2517120
2517264
2517408
2517552
2517696
2517840
2517984
2518128
2518272
2518416
2518560
2518704
2518848
2518992
2519136
2519280
2519424
2519568
2519712
2519856
2520000
2520144
2520288
2520432
2520576
2520720
2520864
2521008
2521152
2521296
2521440
2521584
2521728
2521872
2522016
2522160
2522304
2522448
2522592
2522736
2522880
2523024
2523168
2523312
2523456
2523600
2523744
2523888
2524032
2524176
2524320
2524464
2524608
2524752
2524896
2525040
2525184
2525328
2525472
2525616
2525760
2525904
2526048
2526192
2526336
2526480
2526624
2526768
2526912
2527056
2527200
2527344
2527488
2527632
2527776
2527920
2528064
2528208
2528352
2528496
2528640
2528784
2528928
2529072
2529216
2529360
2529504
2529648
2529792
2529936
2530080
2530224
2530368
2530512
2530656
2530800
2530944
2531088
2531232
2531376
2531520
2531664
2531808
2531952
2532096
2532240
2532384
2532528
2532672
2532816
2532960
2533104
2533248
2533392
2533536
2533680
2533824
2533968
2534112
2534256
2534400
2534544
2534688
2534832
2534976
2535120
2535264
2535408
2535552
2535696
2535840
2535984
2536128
2536272
2536416
2536560
2536704
2536848
2536992
2537136
2537280
2537424
2537568
2537712
2537856
2538000
2538144
2538288
2538432
2538576
2538720
2538864
2539008
2539152
2539296
2539440
2539584
2539728
2539872
2540016
2540160
2540304
2540448
2540592
2540736
2540880
2541024
2541168
2541312
2541456
2541600
2541744
2541888
2542032
2542176
2542320
2542464
2542608
2542752
2542896
2543040
2543184
2543328
2543472
2543616
2543760
2543904
2544048
2544192
2544336
2544480
2544624
2544768
2544912
2545056
2545200
2545344
2545488
2545632
2545776
2545920
2546064
2546208
2546352
2546496
2546640
2546784
2546928
2547072
2547216
2547360
2547504
2547648
2547792
2547936
2548080
2548224
2548368
2548512
2548656
2548800
2548944
2549088
2549232
2549376
2549520
2549664
2549808
2549952
2550096
2550240
2550384
2550528
2550672
2550816
2550960
2551104
2551248
2551392
2551536
2551680
2551824
2551968
2552112
2552256
2552400
2552544
2552688
2552832
2552976
2553120
2553264
2553408
2553552
2553696
2553840
2553984
2554128
2554272
2554416
2554560
2554704
2554848
2554992
2555136
2555280
2555424
2555568
2555712
2555856
2556000
2556144
2556288
2556432
2556576
2556720
2556864
2557008
2557152
2557296
2557440
2557584
2557728
2557872
2558016
2558160
2558304
2558448
2558592
2558736
2558880
2559024
2559168
2559312
2559456
2559600
2559744
2559888
2560032
2560176
2560320
2560464
2560608
2560752
2560896
2561040
2561184
2561328
2561472
2561616
2561760
2561904
2562048
2562192
2562336
2562480
2562624
2562768
2562912
2563056
2563200
2563344
2563488
2563632
2563776
2563920
2564064
2564208
2564352
2564496
2564640
2564784
2564928
2565072
2565216
2565360
2565504
2565648
2565792
2565936
2566080
2566224
2566368
2566512
2566656
2566800
2566944
2567088
2567232
2567376
2567520
2567664
2567808
2567952
2568096
2568240
2568384
2568528
2568672
2568816
2568960
2569104
2569248
2569392
2569536
2569680
2569824
2569968
2570112
2570256
2570400
2570544
2570688
2570832
2570976
2571120
2571264
2571408
2571552
2571696
2571840
2571984
2572128
2572272
2572416
2572560
2572704
2572848
2572992
2573136
2573280
2573424
2573568
2573712
2573856
2574000
2574144
2574288
2574432
2574576
2574720
2574864
2575008
2575152
2575296
2575440
2575584
2575728
2575872
2576016
2576160
2576304
2576448
2576592
2576736
2576880
2577024
2577168
2577312
2577456
2577600
2577744
2577888
2578032
2578176
2578320
2578464
2578608
2578752
2578896
2579040
2579184
2579328
2579472
2579616
2579760
2579904
2580048
2580192
2580336
2580480
2580624
2580768
2580912
2581056
2581200
2581344
2581488
2581632
2581776
2581920
2582064
2582208
2582352
2582496
2582640
2582784
2582928
2583072
2583216
2583360
2583504
2583648
2583792
2583936
2584080
2584224
2584368
2584512
2584656
2584800
2584944
2585088
2585232
2585376
2585520
2585664
2585808
2585952
2586096
2586240
2586384
2586528
2586672
2586816
2586960
2587104
2587248
2587392
2587536
2587680
2587824
2587968
2588112
2588256
2588400
2588544
2588688
2588832
2588976
2589120
2589264
2589408
2589552
2589696
2589840
2589984
2590128
2590272
2590416
2590560
2590704
2590848
2590992
2591136
2591280
2591424
2591568
2591712
2591856
2592000
2592144
2592288
2592432
2592576
2592720
2592864
2593008
2593152
2593296
2593440
2593584
2593728
2593872
2594016
2594160
2594304
2594448
2594592
2594736
2594880
2595024
2595168
2595312
2595456
2595600
2595744
2595888
2596032
2596176
2596320
2596464
2596608
2596752
2596896
2597040
2597184
2597328
2597472
2597616
2597760
2597904
2598048
2598192
2598336
2598480
2598624
2598768
2598912
2599056
2599200
2599344
2599488
2599632
2599776
2599920
2600064
2600208
2600352
2600496
2600640
2600784
2600928
2601072
2601216
2601360
2601504
2601648
2601792
2601936
2602080
2602224
2602368
2602512
2602656
2602800
2602944
2603088
2603232
2603376
2603520
2603664
2603808
2603952
2604096
2604240
2604384
2604528
2604672
2604816
2604960
2605104
2605248
2605392
2605536
2605680
2605824
2605968
2606112
2606256
2606400
2606544
2606688
2606832
2606976
2607120
2607264
2607408
2607552
2607696
2607840
2607984
2608128
2608272
2608416
2608560
2608704
2608848
2608992
2609136
2609280
2609424
2609568
2609712
2609856
2610000
2610144
2610288
2610432
2610576
2610720
2610864
2611008
2611152
2611296
2611440
2611584
2611728
2611872
2612016
2612160
2612304
2612448
2612592
2612736
2612880
2613024
2613168
2613312
2613456
2613600
2613744
2613888
2614032
2614176
2614320
2614464
2614608
2614752
2614896
2615040
2615184
2615328
2615472
2615616
2615760
2615904
2616048
2616192
2616336
2616480
2616624
2616768
2616912
2617056
2617200
2617344
2617488
2617632
2617776
2617920
2618064
2618208
2618352
2618496
2618640
2618784
2618928
2619072
2619216
2619360
2619504
2619648
2619792
2619936
2620080
2620224
2620368
2620512
2620656
2620800
2620944
2621088
2621232
2621376
2621520
2621664
2621808
2621952
2622096
2622240
2622384
2622528
2622672
2622816
2622960
2623104
2623248
2623392
2623536
2623680
2623824
2623968
2624112
2624256
2624400
2624544
2624688
2624832
2624976
2625120
2625264
2625408
2625552
2625696
2625840
2625984
2626128
2626272
2626416
2626560
2626704
2626848
2626992
2627136
2627280
2627424
2627568
2627712
2627856
2628000
2628144
2628288
2628432
2628576
2628720
2628864
2629008
2629152
2629296
2629440
2629584
2629728
2629872
2630016
2630160
2630304
2630448
2630592
2630736
2630880
2631024
2631168
2631312
2631456
2631600
2631744
2631888
2632032
2632176
2632320
2632464
2632608
2632752
2632896
2633040
2633184
2633328
2633472
2633616
2633760
2633904
2634048
2634192
2634336
2634480
2634624
2634768
2634912
2635056
2635200
2635344
2635488
2635632
2635776
2635920
2636064
2636208
2636352
2636496
2636640
2636784
2636928
2637072
2637216
2637360
2637504
2637648
2637792
2637936
2638080
2638224
2638368
2638512
2638656
2638800
2638944
2639088
2639232
2639376
2639520
2639664
2639808
2639952
2640096
2640240
2640384
2640528
2640672
2640816
2640960
2641104
2641248
2641392
2641536
2641680
2641824
2641968
2642112
2642256
2642400
2642544
2642688
2642832
2642976
2643120
2643264
2643408
2643552
2643696
2643840
2643984
2644128
2644272
2644416
2644560
2644704
2644848
2644992
2645136
2645280
2645424
2645568
2645712
2645856
2646000
2646144
2646288
2646432
2646576
2646720
2646864
2647008
2647152
2647296
2647440
2647584
2647728
2647872
2648016
2648160
2648304
2648448
2648592
2648736
2648880
2649024
2649168
2649312
2649456
2649600
2649744
2649888
2650032
2650176
2650320
2650464
2650608
2650752
2650896
2651040
2651184
2651328
2651472
2651616
2651760
2651904
2652048
2652192
2652336
2652480
2652624
2652768
2652912
2653056
2653200
2653344
2653488
2653632
2653776
2653920
2654064
2654208
2654352
2654496
2654640
2654784
2654928
2655072
2655216
2655360
2655504
2655648
2655792
2655936
2656080
2656224
2656368
2656512
2656656
2656800
2656944
2657088
2657232
2657376
2657520
2657664
2657808
2657952
2658096
2658240
2658384
2658528
2658672
2658816
2658960
2659104
2659248
2659392
2659536
2659680
2659824
2659968
2660112
2660256
2660400
2660544
2660688
2660832
2660976
2661120
2661264
2661408
2661552
2661696
2661840
2661984
2662128
2662272
2662416
2662560
2662704
2662848
2662992
2663136
2663280
2663424
2663568
2663712
2663856
2664000
2664144
2664288
2664432
2664576
2664720
2664864
2665008
2665152
2665296
2665440
2665584
2665728
2665872
2666016
2666160
2666304
2666448
2666592
2666736
2666880
2667024
2667168
2667312
2667456
2667600
2667744
2667888
2668032
2668176
2668320
2668464
2668608
2668752
2668896
2669040
2669184
2669328
2669472
2669616
2669760
2669904
2670048
2670192
2670336
2670480
2670624
2670768
2670912
2671056
2671200
2671344
2671488
2671632
2671776
2671920
2672064
2672208
2672352
2672496
2672640
2672784
2672928
2673072
2673216
2673360
2673504
2673648
2673792
2673936
2674080
2674224
2674368
2674512
2674656
2674800
2674944
2675088
2675232
2675376
2675520
2675664
2675808
2675952
2676096
2676240
2676384
2676528
2676672
2676816
2676960
2677104
2677248
2677392
2677536
2677680
2677824
2677968
2678112
2678256
2678400
2678544
2678688
2678832
2678976
2679120
2679264
2679408
2679552
2679696
2679840
2679984
2680128
2680272
2680416
2680560
2680704
2680848
2680992
2681136
2681280
2681424
2681568
2681712
2681856
2682000
2682144
2682288
2682432
2682576
2682720
2682864
2683008
2683152
2683296
2683440
2683584
2683728
2683872
2684016
2684160
2684304
2684448
2684592
2684736
2684880
2685024
2685168
2685312
2685456
2685600
2685744
2685888
2686032
2686176
2686320
2686464
2686608
2686752
2686896
2687040
2687184
2687328
2687472
2687616
2687760
2687904
2688048
2688192
2688336
2688480
2688624
2688768
2688912
2689056
2689200
2689344
2689488
2689632
2689776
2689920
2690064
2690208
2690352
2690496
2690640
2690784
2690928
2691072
2691216
2691360
2691504
2691648
2691792
2691936
2692080
2692224
2692368
2692512
2692656
2692800
2692944
2693088
2693232
2693376
2693520
2693664
2693808
2693952
2694096
2694240
2694384
2694528
2694672
2694816
2694960
2695104
2695248
2695392
2695536
2695680
2695824
2695968
2696112
2696256
2696400
2696544
2696688
2696832
2696976
2697120
2697264
2697408
2697552
2697696
2697840
2697984
2698128
2698272
2698416
2698560
2698704
2698848
2698992
2699136
2699280
2699424
2699568
2699712
2699856
2700000
2700144
2700288
2700432
2700576
2700720
2700864
2701008
2701152
2701296
2701440
2701584
2701728
2701872
2702016
2702160
2702304
2702448
2702592
2702736
2702880
2703024
2703168
2703312
2703456
2703600
2703744
2703888
2704032
2704176
2704320
2704464
2704608
2704752
2704896
2705040
2705184
2705328
2705472
2705616
2705760
2705904
2706048
2706192
2706336
2706480
2706624
2706768
2706912
2707056
2707200
2707344
2707488
2707632
2707776
2707920
2708064
2708208
2708352
2708496
2708640
2708784
2708928
2709072
2709216
2709360
2709504
2709648
2709792
2709936
2710080
2710224
2710368
2710512
2710656
2710800
2710944
2711088
2711232
2711376
2711520
2711664
2711808
2711952
2712096
2712240
2712384
2712528
2712672
2712816
2712960
2713104
2713248
2713392
2713536
2713680
2713824
2713968
2714112
2714256
2714400
2714544
2714688
2714832
2714976
2715120
2715264
2715408
2715552
2715696
2715840
2715984
2716128
2716272
2716416
2716560
2716704
2716848
2716992
2717136
2717280
2717424
2717568
2717712
2717856
2718000
2718144
2718288
2718432
2718576
2718720
2718864
2719008
2719152
2719296
2719440
2719584
2719728
2719872
2720016
2720160
2720304
2720448
2720592
2720736
2720880
2721024
2721168
2721312
2721456
2721600
2721744
2721888
2722032
2722176
2722320
2722464
2722608
2722752
2722896
2723040
2723184
2723328
2723472
2723616
2723760
2723904
2724048
2724192
2724336
2724480
2724624
2724768
2724912
2725056
2725200
2725344
2725488
2725632
2725776
2725920
2726064
2726208
2726352
2726496
2726640
2726784
2726928
2727072
2727216
2727360
2727504
2727648
2727792
2727936
2728080
2728224
2728368
2728512
2728656
2728800
2728944
2729088
2729232
2729376
2729520
2729664
2729808
2729952
2730096
2730240
2730384
2730528
2730672
2730816
2730960
2731104
2731248
2731392
2731536
2731680
2731824
2731968
2732112
2732256
2732400
2732544
2732688
2732832
2732976
2733120
2733264
2733408
2733552
2733696
2733840
2733984
2734128
2734272
2734416
2734560
2734704
2734848
2734992
2735136
2735280
2735424
2735568
2735712
2735856
2736000
2736144
2736288
2736432
2736576
2736720
2736864
2737008
2737152
2737296
2737440
2737584
2737728
2737872
2738016
2738160
2738304
2738448
2738592
2738736
2738880
2739024
2739168
2739312
2739456
2739600
2739744
2739888
2740032
2740176
2740320
2740464
2740608
2740752
2740896
2741040
2741184
2741328
2741472
2741616
2741760
2741904
2742048
2742192
2742336
2742480
2742624
2742768
2742912
2743056
2743200
2743344
2743488
2743632
2743776
2743920
2744064
2744208
2744352
2744496
2744640
2744784
2744928
2745072
2745216
2745360
2745504
2745648
2745792
2745936
2746080
2746224
2746368
2746512
2746656
2746800
2746944
2747088
2747232
2747376
2747520
2747664
2747808
2747952
2748096
2748240
2748384
2748528
2748672
2748816
2748960
2749104
2749248
2749392
2749536
2749680
2749824
2749968
2750112
2750256
2750400
2750544
2750688
2750832
2750976
2751120
2751264
2751408
2751552
2751696
2751840
2751984
2752128
2752272
2752416
2752560
2752704
2752848
2752992
2753136
2753280
2753424
2753568
2753712
2753856
2754000
2754144
2754288
2754432
2754576
2754720
2754864
2755008
2755152
2755296
2755440
2755584
2755728
2755872
2756016
2756160
2756304
2756448
2756592
2756736
2756880
2757024
2757168
2757312
2757456
2757600
2757744
2757888
2758032
2758176
2758320
2758464
2758608
2758752
2758896
2759040
2759184
2759328
2759472
2759616
2759760
2759904
2760048
2760192
2760336
2760480
2760624
2760768
2760912
2761056
2761200
2761344
2761488
2761632
2761776
2761920
2762064
2762208
2762352
2762496
2762640
2762784
2762928
2763072
2763216
2763360
2763504
2763648
2763792
2763936
2764080
2764224
2764368
2764512
2764656
2764800
2764944
2765088
2765232
2765376
2765520
2765664
2765808
2765952
2766096
2766240
2766384
2766528
2766672
2766816
2766960
2767104
2767248
2767392
2767536
2767680
2767824
2767968
2768112
2768256
2768400
2768544
2768688
2768832
2768976
2769120
2769264
2769408
2769552
2769696
2769840
2769984
2770128
2770272
2770416
2770560
2770704
2770848
2770992
2771136
2771280
2771424
2771568
2771712
2771856
2772000
2772144
2772288
2772432
2772576
2772720
2772864
2773008
2773152
2773296
2773440
2773584
2773728
2773872
2774016
2774160
2774304
2774448
2774592
2774736
2774880
2775024
2775168
2775312
2775456
2775600
2775744
2775888
2776032
2776176
2776320
2776464
2776608
2776752
2776896
2777040
2777184
2777328
2777472
2777616
2777760
2777904
2778048
2778192
2778336
2778480
2778624
2778768
2778912
2779056
2779200
2779344
2779488
2779632
2779776
2779920
2780064
2780208
2780352
2780496
2780640
2780784
2780928
2781072
2781216
2781360
2781504
2781648
2781792
2781936
2782080
2782224
2782368
2782512
2782656
2782800
2782944
2783088
2783232
2783376
2783520
2783664
2783808
2783952
2784096
2784240
2784384
2784528
2784672
2784816
2784960
2785104
2785248
2785392
2785536
2785680
2785824
2785968
2786112
2786256
2786400
2786544
2786688
2786832
2786976
2787120
2787264
2787408
2787552
2787696
2787840
2787984
2788128
2788272
2788416
2788560
2788704
2788848
2788992
2789136
2789280
2789424
2789568
2789712
2789856
2790000
2790144
2790288
2790432
2790576
2790720
2790864
2791008
2791152
2791296
2791440
2791584
2791728
2791872
2792016
2792160
2792304
2792448
2792592
2792736
2792880
2793024
2793168
2793312
2793456
2793600
2793744
2793888
2794032
2794176
2794320
2794464
2794608
2794752
2794896
2795040
2795184
2795328
2795472
2795616
2795760
2795904
2796048
2796192
2796336
2796480
2796624
2796768
2796912
2797056
2797200
2797344
2797488
2797632
2797776
2797920
2798064
2798208
2798352
2798496
2798640
2798784
2798928
2799072
2799216
2799360
2799504
2799648
2799792
2799936
2800080
2800224
2800368
2800512
2800656
2800800
2800944
2801088
2801232
2801376
2801520
2801664
2801808
2801952
2802096
2802240
2802384
2802528
2802672
2802816
2802960
2803104
2803248
2803392
2803536
2803680
2803824
2803968
2804112
2804256
2804400
2804544
2804688
2804832
2804976
2805120
2805264
2805408
2805552
2805696
2805840
2805984
2806128
2806272
2806416
2806560
2806704
2806848
2806992
2807136
2807280
2807424
2807568
2807712
2807856
2808000
2808144
2808288
2808432
2808576
2808720
2808864
2809008
2809152
2809296
2809440
2809584
2809728
2809872
2810016
2810160
2810304
2810448
2810592
2810736
2810880
2811024
2811168
2811312
2811456
2811600
2811744
2811888
2812032
2812176
2812320
2812464
2812608
2812752
2812896
2813040
2813184
2813328
2813472
2813616
2813760
2813904
2814048
2814192
2814336
2814480
2814624
2814768
2814912
2815056
2815200
2815344
2815488
2815632
2815776
2815920
2816064
2816208
2816352
2816496
2816640
2816784
2816928
2817072
2817216
2817360
2817504
2817648
2817792
2817936
2818080
2818224
2818368
2818512
2818656
2818800
2818944
2819088
2819232
2819376
2819520
2819664
2819808
2819952
2820096
2820240
2820384
2820528
2820672
2820816
2820960
2821104
2821248
2821392
2821536
2821680
2821824
2821968
2822112
2822256
2822400
2822544
2822688
2822832
2822976
2823120
2823264
2823408
2823552
2823696
2823840
2823984
2824128
2824272
2824416
2824560
2824704
2824848
2824992
2825136
2825280
2825424
2825568
2825712
2825856
2826000
2826144
2826288
2826432
2826576
2826720
2826864
2827008
2827152
2827296
2827440
2827584
2827728
2827872
2828016
2828160
2828304
2828448
2828592
2828736
2828880
2829024
2829168
2829312
2829456
2829600
2829744
2829888
2830032
2830176
2830320
2830464
2830608
2830752
2830896
2831040
2831184
2831328
2831472
2831616
2831760
2831904
2832048
2832192
2832336
2832480
2832624
2832768
2832912
2833056
2833200
2833344
2833488
2833632
2833776
2833920
2834064
2834208
2834352
2834496
2834640
2834784
2834928
2835072
2835216
2835360
2835504
2835648
2835792
2835936
2836080
2836224
2836368
2836512
2836656
2836800
2836944
2837088
2837232
2837376
2837520
2837664
2837808
2837952
2838096
2838240
2838384
2838528
2838672
2838816
2838960
2839104
2839248
2839392
2839536
2839680
2839824
2839968
2840112
2840256
2840400
2840544
2840688
2840832
2840976
2841120
2841264
2841408
2841552
2841696
2841840
2841984
2842128
2842272
2842416
2842560
2842704
2842848
2842992
2843136
2843280
2843424
2843568
2843712
2843856
2844000
2844144
2844288
2844432
2844576
2844720
2844864
2845008
2845152
2845296
2845440
2845584
2845728
2845872
2846016
2846160
2846304
2846448
2846592
2846736
2846880
2847024
2847168
2847312
2847456
2847600
2847744
2847888
2848032
2848176
2848320
2848464
2848608
2848752
2848896
2849040
2849184
2849328
2849472
2849616
2849760
2849904
2850048
2850192
2850336
2850480
2850624
2850768
2850912
2851056
2851200
2851344
2851488
2851632
2851776
2851920
2852064
2852208
2852352
2852496
2852640
2852784
2852928
2853072
2853216
2853360
2853504
2853648
2853792
2853936
2854080
2854224
2854368
2854512
2854656
2854800
2854944
2855088
2855232
2855376
2855520
2855664
2855808
2855952
2856096
2856240
2856384
2856528
2856672
2856816
2856960
2857104
2857248
2857392
2857536
2857680
2857824
2857968
2858112
2858256
2858400
2858544
2858688
2858832
2858976
2859120
2859264
2859408
2859552
2859696
2859840
2859984
2860128
2860272
2860416
2860560
2860704
2860848
2860992
2861136
2861280
2861424
2861568
2861712
2861856
2862000
2862144
2862288
2862432
2862576
2862720
2862864
2863008
2863152
2863296
2863440
2863584
2863728
2863872
2864016
2864160
2864304
2864448
2864592
2864736
2864880
2865024
2865168
2865312
2865456
2865600
2865744
2865888
2866032
2866176
2866320
2866464
2866608
2866752
2866896
2867040
2867184
2867328
2867472
2867616
2867760
2867904
2868048
2868192
2868336
2868480
2868624
2868768
2868912
2869056
2869200
2869344
2869488
2869632
2869776
2869920
2870064
2870208
2870352
2870496
2870640
2870784
2870928
2871072
2871216
2871360
2871504
2871648
2871792
2871936
2872080
2872224
2872368
2872512
2872656
2872800
2872944
2873088
2873232
2873376
2873520
2873664
2873808
2873952
2874096
2874240
2874384
2874528
2874672
2874816
2874960
2875104
2875248
2875392
2875536
2875680
2875824
2875968
2876112
2876256
2876400
2876544
2876688
2876832
2876976
2877120
2877264
2877408
2877552
2877696
2877840
2877984
2878128
2878272
2878416
2878560
2878704
2878848
2878992
2879136
2879280
2879424
2879568
2879712
2879856
2880000
2880144
2880288
2880432
2880576
2880720
2880864
2881008
2881152
2881296
2881440
2881584
2881728
2881872
2882016
2882160
2882304
2882448
2882592
2882736
2882880
2883024
2883168
2883312
2883456
2883600
2883744
2883888
2884032
2884176
2884320
2884464
2884608
2884752
2884896
2885040
2885184
2885328
2885472
2885616
2885760
2885904
2886048
2886192
2886336
2886480
2886624
2886768
2886912
2887056
2887200
2887344
2887488
2887632
2887776
2887920
2888064
2888208
2888352
2888496
2888640
2888784
2888928
2889072
2889216
2889360
2889504
2889648
2889792
2889936
2890080
2890224
2890368
2890512
2890656
2890800
2890944
2891088
2891232
2891376
2891520
2891664
2891808
2891952
2892096
2892240
2892384
2892528
2892672
2892816
2892960
2893104
2893248
2893392
2893536
2893680
2893824
2893968
2894112
2894256
2894400
2894544
2894688
2894832
2894976
2895120
2895264
2895408
2895552
2895696
2895840
2895984
2896128
2896272
2896416
2896560
2896704
2896848
2896992
2897136
2897280
2897424
2897568
2897712
2897856
2898000
2898144
2898288
2898432
2898576
2898720
2898864
2899008
2899152
2899296
2899440
2899584
2899728
2899872
2900016
2900160
2900304
2900448
2900592
2900736
2900880
2901024
2901168
2901312
2901456
2901600
2901744
2901888
2902032
2902176
2902320
2902464
2902608
2902752
2902896
2903040
2903184
2903328
2903472
2903616
2903760
2903904
2904048
2904192
2904336
2904480
2904624
2904768
2904912
2905056
2905200
2905344
2905488
2905632
2905776
2905920
2906064
2906208
2906352
2906496
2906640
2906784
2906928
2907072
2907216
2907360
2907504
2907648
2907792
2907936
2908080
2908224
2908368
2908512
2908656
2908800
2908944
2909088
2909232
2909376
2909520
2909664
2909808
2909952
2910096
2910240
2910384
2910528
2910672
2910816
2910960
2911104
2911248
2911392
2911536
2911680
2911824
2911968
2912112
2912256
2912400
2912544
2912688
2912832
2912976
2913120
2913264
2913408
2913552
2913696
2913840
2913984
2914128
2914272
2914416
2914560
2914704
2914848
2914992
2915136
2915280
2915424
2915568
2915712
2915856
2916000
2916144
2916288
2916432
2916576
2916720
2916864
2917008
2917152
2917296
2917440
2917584
2917728
2917872
2918016
2918160
2918304
2918448
2918592
2918736
2918880
2919024
2919168
2919312
2919456
2919600
2919744
2919888
2920032
2920176
2920320
2920464
2920608
2920752
2920896
2921040
2921184
2921328
2921472
2921616
2921760
2921904
2922048
2922192
2922336
2922480
2922624
2922768
2922912
2923056
2923200
2923344
2923488
2923632
2923776
2923920
2924064
2924208
2924352
2924496
2924640
2924784
2924928
2925072
2925216
2925360
2925504
2925648
2925792
2925936
2926080
2926224
2926368
2926512
2926656
2926800
2926944
2927088
2927232
2927376
2927520
2927664
2927808
2927952
2928096
2928240
2928384
2928528
2928672
2928816
2928960
2929104
2929248
2929392
2929536
2929680
2929824
2929968
2930112
2930256
2930400
2930544
2930688
2930832
2930976
2931120
2931264
2931408
2931552
2931696
2931840
2931984
2932128
2932272
2932416
2932560
2932704
2932848
2932992
2933136
2933280
2933424
2933568
2933712
2933856
2934000
2934144
2934288
2934432
2934576
2934720
2934864
2935008
2935152
2935296
2935440
2935584
2935728
2935872
2936016
2936160
2936304
2936448
2936592
2936736
2936880
2937024
2937168
2937312
2937456
2937600
2937744
2937888
2938032
2938176
2938320
2938464
2938608
2938752
2938896
2939040
2939184
2939328
2939472
2939616
2939760
2939904
2940048
2940192
2940336
2940480
2940624
2940768
2940912
2941056
2941200
2941344
2941488
2941632
2941776
2941920
2942064
2942208
2942352
2942496
2942640
2942784
2942928
2943072
2943216
2943360
2943504
2943648
2943792
2943936
2944080
2944224
2944368
2944512
2944656
2944800
2944944
2945088
2945232
2945376
2945520
2945664
2945808
2945952
2946096
2946240
2946384
2946528
2946672
2946816
2946960
2947104
2947248
2947392
2947536
2947680
2947824
2947968
2948112
2948256
2948400
2948544
2948688
2948832
2948976
2949120
2949264
2949408
2949552
2949696
2949840
2949984
2950128
2950272
2950416
2950560
2950704
2950848
2950992
2951136
2951280
2951424
2951568
2951712
2951856
2952000
2952144
2952288
2952432
2952576
2952720
2952864
2953008
2953152
2953296
2953440
2953584
2953728
2953872
2954016
2954160
2954304
2954448
2954592
2954736
2954880
2955024
2955168
2955312
2955456
2955600
2955744
2955888
2956032
2956176
2956320
2956464
2956608
2956752
2956896
2957040
2957184
2957328
2957472
2957616
2957760
2957904
2958048
2958192
2958336
2958480
2958624
2958768
2958912
2959056
2959200
2959344
2959488
2959632
2959776
2959920
2960064
2960208
2960352
2960496
2960640
2960784
2960928
2961072
2961216
2961360
2961504
2961648
2961792
2961936
2962080
2962224
2962368
2962512
2962656
2962800
2962944
2963088
2963232
2963376
2963520
2963664
2963808
2963952
2964096
2964240
2964384
2964528
2964672
2964816
2964960
2965104
2965248
2965392
2965536
2965680
2965824
2965968
2966112
2966256
2966400
2966544
2966688
2966832
2966976
2967120
2967264
2967408
2967552
2967696
2967840
2967984
2968128
2968272
2968416
2968560
2968704
2968848
2968992
2969136
2969280
2969424
2969568
2969712
2969856
2970000
2970144
2970288
2970432
2970576
2970720
2970864
2971008
2971152
2971296
2971440
2971584
2971728
2971872
2972016
2972160
2972304
2972448
2972592
2972736
2972880
2973024
2973168
2973312
2973456
2973600
2973744
2973888
2974032
2974176
2974320
2974464
2974608
2974752
2974896
2975040
2975184
2975328
2975472
2975616
2975760
2975904
2976048
2976192
2976336
2976480
2976624
2976768
2976912
2977056
2977200
2977344
2977488
2977632
2977776
2977920
2978064
2978208
2978352
2978496
2978640
2978784
2978928
2979072
2979216
2979360
2979504
2979648
2979792
2979936
2980080
2980224
2980368
2980512
2980656
2980800
2980944
2981088
2981232
2981376
2981520
2981664
2981808
2981952
2982096
2982240
2982384
2982528
2982672
2982816
2982960
2983104
2983248
2983392
2983536
2983680
2983824
2983968
2984112
2984256
2984400
2984544
2984688
2984832
2984976
2985120
2985264
2985408
2985552
2985696
2985840
2985984
2986128
2986272
2986416
2986560
2986704
2986848
2986992
2987136
2987280
2987424
2987568
2987712
2987856
2988000
2988144
2988288
2988432
2988576
2988720
2988864
2989008
2989152
2989296
2989440
2989584
2989728
2989872
2990016
2990160
2990304
2990448
2990592
2990736
2990880
2991024
2991168
2991312
2991456
2991600
2991744
2991888
2992032
2992176
2992320
2992464
2992608
2992752
2992896
2993040
2993184
2993328
2993472
2993616
2993760
2993904
2994048
2994192
2994336
2994480
2994624
2994768
2994912
2995056
2995200
2995344
2995488
2995632
2995776
2995920
2996064
2996208
2996352
2996496
2996640
2996784
2996928
2997072
2997216
2997360
2997504
2997648
2997792
2997936
2998080
2998224
2998368
2998512
2998656
2998800
2998944
2999088
2999232
2999376
2999520
2999664
2999808
2999952
3000096
3000240
3000384
3000528
3000672
3000816
3000960
3001104
3001248
3001392
3001536
3001680
3001824
3001968
3002112
3002256
3002400
3002544
3002688
3002832
3002976
3003120
3003264
3003408
3003552
3003696
3003840
3003984
3004128
3004272
3004416
3004560
3004704
3004848
3004992
3005136
3005280
3005424
3005568
3005712
3005856
3006000
3006144
3006288
3006432
3006576
3006720
3006864
3007008
3007152
3007296
3007440
3007584
3007728
3007872
3008016
3008160
3008304
3008448
3008592
3008736
3008880
3009024
3009168
3009312
3009456
3009600
3009744
3009888
3010032
3010176
3010320
3010464
3010608
3010752
3010896
3011040
3011184
3011328
3011472
3011616
3011760
3011904
3012048
3012192
3012336
3012480
3012624
3012768
3012912
3013056
3013200
3013344
3013488
3013632
3013776
3013920
3014064
3014208
3014352
3014496
3014640
3014784
3014928
3015072
3015216
3015360
3015504
3015648
3015792
3015936
3016080
3016224
3016368
3016512
3016656
3016800
3016944
3017088
3017232
3017376
3017520
3017664
3017808
3017952
3018096
3018240
3018384
3018528
3018672
3018816
3018960
3019104
3019248
3019392
3019536
3019680
3019824
3019968
3020112
3020256
3020400
3020544
3020688
3020832
3020976
3021120
3021264
3021408
3021552
3021696
3021840
3021984
3022128
3022272
3022416
3022560
3022704
3022848
3022992
3023136
3023280
3023424
3023568
3023712
3023856
3024000
3024144
3024288
3024432
3024576
3024720
3024864
3025008
3025152
3025296
3025440
3025584
3025728
3025872
3026016
3026160
3026304
3026448
3026592
3026736
3026880
3027024
3027168
3027312
3027456
3027600
3027744
3027888
3028032
3028176
3028320
3028464
3028608
3028752
3028896
3029040
3029184
3029328
3029472
3029616
3029760
3029904
3030048
3030192
3030336
3030480
3030624
3030768
3030912
3031056
3031200
3031344
3031488
3031632
3031776
3031920
3032064
3032208
3032352
3032496
3032640
3032784
3032928
3033072
3033216
3033360
3033504
3033648
3033792
3033936
3034080
3034224
3034368
3034512
3034656
3034800
3034944
3035088
3035232
3035376
3035520
3035664
3035808
3035952
3036096
3036240
3036384
3036528
3036672
3036816
3036960
3037104
3037248
3037392
3037536
3037680
3037824
3037968
3038112
3038256
3038400
3038544
3038688
3038832
3038976
3039120
3039264
3039408
3039552
3039696
3039840
3039984
3040128
3040272
3040416
3040560
3040704
3040848
3040992
3041136
3041280
3041424
3041568
3041712
3041856
3042000
3042144
3042288
3042432
3042576
3042720
3042864
3043008
3043152
3043296
3043440
3043584
3043728
3043872
3044016
3044160
3044304
3044448
3044592
3044736
3044880
3045024
3045168
3045312
3045456
3045600
3045744
3045888
3046032
3046176
3046320
3046464
3046608
3046752
3046896
3047040
3047184
3047328
3047472
3047616
3047760
3047904
3048048
3048192
3048336
3048480
3048624
3048768
3048912
3049056
3049200
3049344
3049488
3049632
3049776
3049920
3050064
3050208
3050352
3050496
3050640
3050784
3050928
3051072
3051216
3051360
3051504
3051648
3051792
3051936
3052080
3052224
3052368
3052512
3052656
3052800
3052944
3053088
3053232
3053376
3053520
3053664
3053808
3053952
3054096
3054240
3054384
3054528
3054672
3054816
3054960
3055104
3055248
3055392
3055536
3055680
3055824
3055968
3056112
3056256
3056400
3056544
3056688
3056832
3056976
3057120
3057264
3057408
3057552
3057696
3057840
3057984
3058128
3058272
3058416
3058560
3058704
3058848
3058992
3059136
3059280
3059424
3059568
3059712
3059856
3060000
3060144
3060288
3060432
3060576
3060720
3060864
3061008
3061152
3061296
3061440
3061584
3061728
3061872
3062016
3062160
3062304
3062448
3062592
3062736
3062880
3063024
3063168
3063312
3063456
3063600
3063744
3063888
3064032
3064176
3064320
3064464
3064608
3064752
3064896
3065040
3065184
3065328
3065472
3065616
3065760
3065904
3066048
3066192
3066336
3066480
3066624
3066768
3066912
3067056
3067200
3067344
3067488
3067632
3067776
3067920
3068064
3068208
3068352
3068496
3068640
3068784
3068928
3069072
3069216
3069360
3069504
3069648
3069792
3069936
3070080
3070224
3070368
3070512
3070656
3070800
3070944
3071088
3071232
3071376
3071520
3071664
3071808
3071952
3072096
3072240
3072384
3072528
3072672
3072816
3072960
3073104
3073248
3073392
3073536
3073680
3073824
3073968
3074112
3074256
3074400
3074544
3074688
3074832
3074976
3075120
3075264
3075408
3075552
3075696
3075840
3075984
3076128
3076272
3076416
3076560
3076704
3076848
3076992
3077136
3077280
3077424
3077568
3077712
3077856
3078000
3078144
3078288
3078432
3078576
3078720
3078864
3079008
3079152
3079296
3079440
3079584
3079728
3079872
3080016
3080160
3080304
3080448
3080592
3080736
3080880
3081024
3081168
3081312
3081456
3081600
3081744
3081888
3082032
3082176
3082320
3082464
3082608
3082752
3082896
3083040
3083184
3083328
3083472
3083616
3083760
3083904
3084048
3084192
3084336
3084480
3084624
3084768
3084912
3085056
3085200
3085344
3085488
3085632
3085776
3085920
3086064
3086208
3086352
3086496
3086640
3086784
3086928
3087072
3087216
3087360
3087504
3087648
3087792
3087936
3088080
3088224
3088368
3088512
3088656
3088800
3088944
3089088
3089232
3089376
3089520
3089664
3089808
3089952
3090096
3090240
3090384
3090528
3090672
3090816
3090960
3091104
3091248
3091392
3091536
3091680
3091824
3091968
3092112
3092256
3092400
3092544
3092688
3092832
3092976
3093120
3093264
3093408
3093552
3093696
3093840
3093984
3094128
3094272
3094416
3094560
3094704
3094848
3094992
3095136
3095280
3095424
3095568
3095712
3095856
3096000
3096144
3096288
3096432
3096576
3096720
3096864
3097008
3097152
3097296
3097440
3097584
3097728
3097872
3098016
3098160
3098304
3098448
3098592
3098736
3098880
3099024
3099168
3099312
3099456
3099600
3099744
3099888
3100032
3100176
3100320
3100464
3100608
3100752
3100896
3101040
3101184
3101328
3101472
3101616
3101760
3101904
3102048
3102192
3102336
3102480
3102624
3102768
3102912
3103056
3103200
3103344
3103488
3103632
3103776
3103920
3104064
3104208
3104352
3104496
3104640
3104784
3104928
3105072
3105216
3105360
3105504
3105648
3105792
3105936
3106080
3106224
3106368
3106512
3106656
3106800
3106944
3107088
3107232
3107376
3107520
3107664
3107808
3107952
3108096
3108240
3108384
3108528
3108672
3108816
3108960
3109104
3109248
3109392
3109536
3109680
3109824
3109968
3110112
3110256
3110400
3110544
3110688
3110832
3110976
3111120
3111264
3111408
3111552
3111696
3111840
3111984
3112128
3112272
3112416
3112560
3112704
3112848
3112992
3113136
3113280
3113424
3113568
3113712
3113856
3114000
3114144
3114288
3114432
3114576
3114720
3114864
3115008
3115152
3115296
3115440
3115584
3115728
3115872
3116016
3116160
3116304
3116448
3116592
3116736
3116880
3117024
3117168
3117312
3117456
3117600
3117744
3117888
3118032
3118176
3118320
3118464
3118608
3118752
3118896
3119040
3119184
3119328
3119472
3119616
3119760
3119904
3120048
3120192
3120336
3120480
3120624
3120768
3120912
3121056
3121200
3121344
3121488
3121632
3121776
3121920
3122064
3122208
3122352
3122496
3122640
3122784
3122928
3123072
3123216
3123360
3123504
3123648
3123792
3123936
3124080
3124224
3124368
3124512
3124656
3124800
3124944
3125088
3125232
3125376
3125520
3125664
3125808
3125952
3126096
3126240
3126384
3126528
3126672
3126816
3126960
3127104
3127248
3127392
3127536
3127680
3127824
3127968
3128112
3128256
3128400
3128544
3128688
3128832
3128976
3129120
3129264
3129408
3129552
3129696
3129840
3129984
3130128
3130272
3130416
3130560
3130704
3130848
3130992
3131136
3131280
3131424
3131568
3131712
3131856
3132000
3132144
3132288
3132432
3132576
3132720
3132864
3133008
3133152
3133296
3133440
3133584
3133728
3133872
3134016
3134160
3134304
3134448
3134592
3134736
3134880
3135024
3135168
3135312
3135456
3135600
3135744
3135888
3136032
3136176
3136320
3136464
3136608
3136752
3136896
3137040
3137184
3137328
3137472
3137616
3137760
3137904
3138048
3138192
3138336
3138480
3138624
3138768
3138912
3139056
3139200
3139344
3139488
3139632
3139776
3139920
3140064
3140208
3140352
3140496
3140640
3140784
3140928
3141072
3141216
3141360
3141504
3141648
3141792
3141936
3142080
3142224
3142368
3142512
3142656
3142800
3142944
3143088
3143232
3143376
3143520
3143664
3143808
3143952
3144096
3144240
3144384
3144528
3144672
3144816
3144960
3145104
3145248
3145392
3145536
3145680
3145824
3145968
3146112
3146256
3146400
3146544
3146688
3146832
3146976
3147120
3147264
3147408
3147552
3147696
3147840
3147984
3148128
3148272
3148416
3148560
3148704
3148848
3148992
3149136
3149280
3149424
3149568
3149712
3149856
3150000
3150144
3150288
3150432
3150576
3150720
3150864
3151008
3151152
3151296
3151440
3151584
3151728
3151872
3152016
3152160
3152304
3152448
3152592
3152736
3152880
3153024
3153168
3153312
3153456
3153600
3153744
3153888
3154032
3154176
3154320
3154464
3154608
3154752
3154896
3155040
3155184
3155328
3155472
3155616
3155760
3155904
3156048
3156192
3156336
3156480
3156624
3156768
3156912
3157056
3157200
3157344
3157488
3157632
3157776
3157920
3158064
3158208
3158352
3158496
3158640
3158784
3158928
3159072
3159216
3159360
3159504
3159648
3159792
3159936
3160080
3160224
3160368
3160512
3160656
3160800
3160944
3161088
3161232
3161376
3161520
3161664
3161808
3161952
3162096
3162240
3162384
3162528
3162672
3162816
3162960
3163104
3163248
3163392
3163536
3163680
3163824
3163968
3164112
3164256
3164400
3164544
3164688
3164832
3164976
3165120
3165264
3165408
3165552
3165696
3165840
3165984
3166128
3166272
3166416
3166560
3166704
3166848
3166992
3167136
3167280
3167424
3167568
3167712
3167856
3168000
3168144
3168288
3168432
3168576
3168720
3168864
3169008
3169152
3169296
3169440
3169584
3169728
3169872
3170016
3170160
3170304
3170448
3170592
3170736
3170880
3171024
3171168
3171312
3171456
3171600
3171744
3171888
3172032
3172176
3172320
3172464
3172608
3172752
3172896
3173040
3173184
3173328
3173472
3173616
3173760
3173904
3174048
3174192
3174336
3174480
3174624
3174768
3174912
3175056
3175200
3175344
3175488
3175632
3175776
3175920
3176064
3176208
3176352
3176496
3176640
3176784
3176928
3177072
3177216
3177360
3177504
3177648
3177792
3177936
3178080
3178224
3178368
3178512
3178656
3178800
3178944
3179088
3179232
3179376
3179520
3179664
3179808
3179952
3180096
3180240
3180384
3180528
3180672
3180816
3180960
3181104
3181248
3181392
3181536
3181680
3181824
3181968
3182112
3182256
3182400
3182544
3182688
3182832
3182976
3183120
3183264
3183408
3183552
3183696
3183840
3183984
3184128
3184272
3184416
3184560
3184704
3184848
3184992
3185136
3185280
3185424
3185568
3185712
3185856
3186000
3186144
3186288
3186432
3186576
3186720
3186864
3187008
3187152
3187296
3187440
3187584
3187728
3187872
3188016
3188160
3188304
3188448
3188592
3188736
3188880
3189024
3189168
3189312
3189456
3189600
3189744
3189888
3190032
3190176
3190320
3190464
3190608
3190752
3190896
3191040
3191184
3191328
3191472
3191616
3191760
3191904
3192048
3192192
3192336
3192480
3192624
3192768
3192912
3193056
3193200
3193344
3193488
3193632
3193776
3193920
3194064
3194208
3194352
3194496
3194640
3194784
3194928
3195072
3195216
3195360
3195504
3195648
3195792
3195936
3196080
3196224
3196368
3196512
3196656
3196800
3196944
3197088
3197232
3197376
3197520
3197664
3197808
3197952
3198096
3198240
3198384
3198528
3198672
3198816
3198960
3199104
3199248
3199392
3199536
3199680
3199824
3199968
3200112
3200256
3200400
3200544
3200688
3200832
3200976
3201120
3201264
3201408
3201552
3201696
3201840
3201984
3202128
3202272
3202416
3202560
3202704
3202848
3202992
3203136
3203280
3203424
3203568
3203712
3203856
3204000
3204144
3204288
3204432
3204576
3204720
3204864
3205008
3205152
3205296
3205440
3205584
3205728
3205872
3206016
3206160
3206304
3206448
3206592
3206736
3206880
3207024
3207168
3207312
3207456
3207600
3207744
3207888
3208032
3208176
3208320
3208464
3208608
3208752
3208896
3209040
3209184
3209328
3209472
3209616
3209760
3209904
3210048
3210192
3210336
3210480
3210624
3210768
3210912
3211056
3211200
3211344
3211488
3211632
3211776
3211920
3212064
3212208
3212352
3212496
3212640
3212784
3212928
3213072
3213216
3213360
3213504
3213648
3213792
3213936
3214080
3214224
3214368
3214512
3214656
3214800
3214944
3215088
3215232
3215376
3215520
3215664
3215808
3215952
3216096
3216240
3216384
3216528
3216672
3216816
3216960
3217104
3217248
3217392
3217536
3217680
3217824
3217968
3218112
3218256
3218400
3218544
3218688
3218832
3218976
3219120
3219264
3219408
3219552
3219696
3219840
3219984
3220128
3220272
3220416
3220560
3220704
3220848
3220992
3221136
3221280
3221424
3221568
3221712
3221856
3222000
3222144
3222288
3222432
3222576
3222720
3222864
3223008
3223152
3223296
3223440
3223584
3223728
3223872
3224016
3224160
3224304
3224448
3224592
3224736
3224880
3225024
3225168
3225312
3225456
3225600
3225744
3225888
3226032
3226176
3226320
3226464
3226608
3226752
3226896
3227040
3227184
3227328
3227472
3227616
3227760
3227904
3228048
3228192
3228336
3228480
3228624
3228768
3228912
3229056
3229200
3229344
3229488
3229632
3229776
3229920
3230064
3230208
3230352
3230496
3230640
3230784
3230928
3231072
3231216
3231360
3231504
3231648
3231792
3231936
3232080
3232224
3232368
3232512
3232656
3232800
3232944
3233088
3233232
3233376
3233520
3233664
3233808
3233952
3234096
3234240
3234384
3234528
3234672
3234816
3234960
3235104
3235248
3235392
3235536
3235680
3235824
3235968
3236112
3236256
3236400
3236544
3236688
3236832
3236976
3237120
3237264
3237408
3237552
3237696
3237840
3237984
3238128
3238272
3238416
3238560
3238704
3238848
3238992
3239136
3239280
3239424
3239568
3239712
3239856
3240000
3240144
3240288
3240432
3240576
3240720
3240864
3241008
3241152
3241296
3241440
3241584
3241728
3241872
3242016
3242160
3242304
3242448
3242592
3242736
3242880
3243024
3243168
3243312
3243456
3243600
3243744
3243888
3244032
3244176
3244320
3244464
3244608
3244752
3244896
3245040
3245184
3245328
3245472
3245616
3245760
3245904
3246048
3246192
3246336
3246480
3246624
3246768
3246912
3247056
3247200
3247344
3247488
3247632
3247776
3247920
3248064
3248208
3248352
3248496
3248640
3248784
3248928
3249072
3249216
3249360
3249504
3249648
3249792
3249936
3250080
3250224
3250368
3250512
3250656
3250800
3250944
3251088
3251232
3251376
3251520
3251664
3251808
3251952
3252096
3252240
3252384
3252528
3252672
3252816
3252960
3253104
3253248
3253392
3253536
3253680
3253824
3253968
3254112
3254256
3254400
3254544
3254688
3254832
3254976
3255120
3255264
3255408
3255552
3255696
3255840
3255984
3256128
3256272
3256416
3256560
3256704
3256848
3256992
3257136
3257280
3257424
3257568
3257712
3257856
3258000
3258144
3258288
3258432
3258576
3258720
3258864
3259008
3259152
3259296
3259440
3259584
3259728
3259872
3260016
3260160
3260304
3260448
3260592
3260736
3260880
3261024
3261168
3261312
3261456
3261600
3261744
3261888
3262032
3262176
3262320
3262464
3262608
3262752
3262896
3263040
3263184
3263328
3263472
3263616
3263760
3263904
3264048
3264192
3264336
3264480
3264624
3264768
3264912
3265056
3265200
3265344
3265488
3265632
3265776
3265920
3266064
3266208
3266352
3266496
3266640
3266784
3266928
3267072
3267216
3267360
3267504
3267648
3267792
3267936
3268080
3268224
3268368
3268512
3268656
3268800
3268944
3269088
3269232
3269376
3269520
3269664
3269808
3269952
3270096
3270240
3270384
3270528
3270672
3270816
3270960
3271104
3271248
3271392
3271536
3271680
3271824
3271968
3272112
3272256
3272400
3272544
3272688
3272832
3272976
3273120
3273264
3273408
3273552
3273696
3273840
3273984
3274128
3274272
3274416
3274560
3274704
3274848
3274992
3275136
3275280
3275424
3275568
3275712
3275856
3276000
3276144
3276288
3276432
3276576
3276720
3276864
3277008
3277152
3277296
3277440
3277584
3277728
3277872
3278016
3278160
3278304
3278448
3278592
3278736
3278880
3279024
3279168
3279312
3279456
3279600
3279744
3279888
3280032
3280176
3280320
3280464
3280608
3280752
3280896
3281040
3281184
3281328
3281472
3281616
3281760
3281904
3282048
3282192
3282336
3282480
3282624
3282768
3282912
3283056
3283200
3283344
3283488
3283632
3283776
3283920
3284064
3284208
3284352
3284496
3284640
3284784
3284928
3285072
3285216
3285360
3285504
3285648
3285792
3285936
3286080
3286224
3286368
3286512
3286656
3286800
3286944
3287088
3287232
3287376
3287520
3287664
3287808
3287952
3288096
3288240
3288384
3288528
3288672
3288816
3288960
3289104
3289248
3289392
3289536
3289680
3289824
3289968
3290112
3290256
3290400
3290544
3290688
3290832
3290976
3291120
3291264
3291408
3291552
3291696
3291840
3291984
3292128
3292272
3292416
3292560
3292704
3292848
3292992
3293136
3293280
3293424
3293568
3293712
3293856
3294000
3294144
3294288
3294432
3294576
3294720
3294864
3295008
3295152
3295296
3295440
3295584
3295728
3295872
3296016
3296160
3296304
3296448
3296592
3296736
3296880
3297024
3297168
3297312
3297456
3297600
3297744
3297888
3298032
3298176
3298320
3298464
3298608
3298752
3298896
3299040
3299184
3299328
3299472
3299616
3299760
3299904
3300048
3300192
3300336
3300480
3300624
3300768
3300912
3301056
3301200
3301344
3301488
3301632
3301776
3301920
3302064
3302208
3302352
3302496
3302640
3302784
3302928
3303072
3303216
3303360
3303504
3303648
3303792
3303936
3304080
3304224
3304368
3304512
3304656
3304800
3304944
3305088
3305232
3305376
3305520
3305664
3305808
3305952
3306096
3306240
3306384
3306528
3306672
3306816
3306960
3307104
3307248
3307392
3307536
3307680
3307824
3307968
3308112
3308256
3308400
3308544
3308688
3308832
3308976
3309120
3309264
3309408
3309552
3309696
3309840
3309984
3310128
3310272
3310416
3310560
3310704
3310848
3310992
3311136
3311280
3311424
3311568
3311712
3311856
3312000
3312144
3312288
3312432
3312576
3312720
3312864
3313008
3313152
3313296
3313440
3313584
3313728
3313872
3314016
3314160
3314304
3314448
3314592
3314736
3314880
3315024
3315168
3315312
3315456
3315600
3315744
3315888
3316032
3316176
3316320
3316464
3316608
3316752
3316896
3317040
3317184
3317328
3317472
3317616
3317760
3317904
3318048
3318192
3318336
3318480
3318624
3318768
3318912
3319056
3319200
3319344
3319488
3319632
3319776
3319920
3320064
3320208
3320352
3320496
3320640
3320784
3320928
3321072
3321216
3321360
3321504
3321648
3321792
3321936
3322080
3322224
3322368
3322512
3322656
3322800
3322944
3323088
3323232
3323376
3323520
3323664
3323808
3323952
3324096
3324240
3324384
3324528
3324672
3324816
3324960
3325104
3325248
3325392
3325536
3325680
3325824
3325968
3326112
3326256
3326400
3326544
3326688
3326832
3326976
3327120
3327264
3327408
3327552
3327696
3327840
3327984
3328128
3328272
3328416
3328560
3328704
3328848
3328992
3329136
3329280
3329424
3329568
3329712
3329856
3330000
3330144
3330288
3330432
3330576
3330720
3330864
3331008
3331152
3331296
3331440
3331584
3331728
3331872
3332016
3332160
3332304
3332448
3332592
3332736
3332880
3333024
3333168
3333312
3333456
3333600
3333744
3333888
3334032
3334176
3334320
3334464
3334608
3334752
3334896
3335040
3335184
3335328
3335472
3335616
3335760
3335904
3336048
3336192
3336336
3336480
3336624
3336768
3336912
3337056
3337200
3337344
3337488
3337632
3337776
3337920
3338064
3338208
3338352
3338496
3338640
3338784
3338928
3339072
3339216
3339360
3339504
3339648
3339792
3339936
3340080
3340224
3340368
3340512
3340656
3340800
3340944
3341088
3341232
3341376
3341520
3341664
3341808
3341952
3342096
3342240
3342384
3342528
3342672
3342816
3342960
3343104
3343248
3343392
3343536
3343680
3343824
3343968
3344112
3344256
3344400
3344544
3344688
3344832
3344976
3345120
3345264
3345408
3345552
3345696
3345840
3345984
3346128
3346272
3346416
3346560
3346704
3346848
3346992
3347136
3347280
3347424
3347568
3347712
3347856
3348000
3348144
3348288
3348432
3348576
3348720
3348864
3349008
3349152
3349296
3349440
3349584
3349728
3349872
3350016
3350160
3350304
3350448
3350592
3350736
3350880
3351024
3351168
3351312
3351456
3351600
3351744
3351888
3352032
3352176
3352320
3352464
3352608
3352752
3352896
3353040
3353184
3353328
3353472
3353616
3353760
3353904
3354048
3354192
3354336
3354480
3354624
3354768
3354912
3355056
3355200
3355344
3355488
3355632
3355776
3355920
3356064
3356208
3356352
3356496
3356640
3356784
3356928
3357072
3357216
3357360
3357504
3357648
3357792
3357936
3358080
3358224
3358368
3358512
3358656
3358800
3358944
3359088
3359232
3359376
3359520
3359664
3359808
3359952
3360096
3360240
3360384
3360528
3360672
3360816
3360960
3361104
3361248
3361392
3361536
3361680
3361824
3361968
3362112
3362256
3362400
3362544
3362688
3362832
3362976
3363120
3363264
3363408
3363552
3363696
3363840
3363984
3364128
3364272
3364416
3364560
3364704
3364848
3364992
3365136
3365280
3365424
3365568
3365712
3365856
3366000
3366144
3366288
3366432
3366576
3366720
3366864
3367008
3367152
3367296
3367440
3367584
3367728
3367872
3368016
3368160
3368304
3368448
3368592
3368736
3368880
3369024
3369168
3369312
3369456
3369600
3369744
3369888
3370032
3370176
3370320
3370464
3370608
3370752
3370896
3371040
3371184
3371328
3371472
3371616
3371760
3371904
3372048
3372192
3372336
3372480
3372624
3372768
3372912
3373056
3373200
3373344
3373488
3373632
3373776
3373920
3374064
3374208
3374352
3374496
3374640
3374784
3374928
3375072
3375216
3375360
3375504
3375648
3375792
3375936
3376080
3376224
3376368
3376512
3376656
3376800
3376944
3377088
3377232
3377376
3377520
3377664
3377808
3377952
3378096
3378240
3378384
3378528
3378672
3378816
3378960
3379104
3379248
3379392
3379536
3379680
3379824
3379968
3380112
3380256
3380400
3380544
3380688
3380832
3380976
3381120
3381264
3381408
3381552
3381696
3381840
3381984
3382128
3382272
3382416
3382560
3382704
3382848
3382992
3383136
3383280
3383424
3383568
3383712
3383856
3384000
3384144
3384288
3384432
3384576
3384720
3384864
3385008
3385152
3385296
3385440
3385584
3385728
3385872
3386016
3386160
3386304
3386448
3386592
3386736
3386880
3387024
3387168
3387312
3387456
3387600
3387744
3387888
3388032
3388176
3388320
3388464
3388608
3388752
3388896
3389040
3389184
3389328
3389472
3389616
3389760
3389904
3390048
3390192
3390336
3390480
3390624
3390768
3390912
3391056
3391200
3391344
3391488
3391632
3391776
3391920
3392064
3392208
3392352
3392496
3392640
3392784
3392928
3393072
3393216
3393360
3393504
3393648
3393792
3393936
3394080
3394224
3394368
3394512
3394656
3394800
3394944
3395088
3395232
3395376
3395520
3395664
3395808
3395952
3396096
3396240
3396384
3396528
3396672
3396816
3396960
3397104
3397248
3397392
3397536
3397680
3397824
3397968
3398112
3398256
3398400
3398544
3398688
3398832
3398976
3399120
3399264
3399408
3399552
3399696
3399840
3399984
3400128
3400272
3400416
3400560
3400704
3400848
3400992
3401136
3401280
3401424
3401568
3401712
3401856
3402000
3402144
3402288
3402432
3402576
3402720
3402864
3403008
3403152
3403296
3403440
3403584
3403728
3403872
3404016
3404160
3404304
3404448
3404592
3404736
3404880
3405024
3405168
3405312
3405456
3405600
3405744
3405888
3406032
3406176
3406320
3406464
3406608
3406752
3406896
3407040
3407184
3407328
3407472
3407616
3407760
3407904
3408048
3408192
3408336
3408480
3408624
3408768
3408912
3409056
3409200
3409344
3409488
3409632
3409776
3409920
3410064
3410208
3410352
3410496
3410640
3410784
3410928
3411072
3411216
3411360
3411504
3411648
3411792
3411936
3412080
3412224
3412368
3412512
3412656
3412800
3412944
3413088
3413232
3413376
3413520
3413664
3413808
3413952
3414096
3414240
3414384
3414528
3414672
3414816
3414960
3415104
3415248
3415392
3415536
3415680
3415824
3415968
3416112
3416256
3416400
3416544
3416688
3416832
3416976
3417120
3417264
3417408
3417552
3417696
3417840
3417984
3418128
3418272
3418416
3418560
3418704
3418848
3418992
3419136
3419280
3419424
3419568
3419712
3419856
3420000
3420144
3420288
3420432
3420576
3420720
3420864
3421008
3421152
3421296
3421440
3421584
3421728
3421872
3422016
3422160
3422304
3422448
3422592
3422736
3422880
3423024
3423168
3423312
3423456
3423600
3423744
3423888
3424032
3424176
3424320
3424464
3424608
3424752
3424896
3425040
3425184
3425328
3425472
3425616
3425760
3425904
3426048
3426192
3426336
3426480
3426624
3426768
3426912
3427056
3427200
3427344
3427488
3427632
3427776
3427920
3428064
3428208
3428352
3428496
3428640
3428784
3428928
3429072
3429216
3429360
3429504
3429648
3429792
3429936
3430080
3430224
3430368
3430512
3430656
3430800
3430944
3431088
3431232
3431376
3431520
3431664
3431808
3431952
3432096
3432240
3432384
3432528
3432672
3432816
3432960
3433104
3433248
3433392
3433536
3433680
3433824
3433968
3434112
3434256
3434400
3434544
3434688
3434832
3434976
3435120
3435264
3435408
3435552
3435696
3435840
3435984
3436128
3436272
3436416
3436560
3436704
3436848
3436992
3437136
3437280
3437424
3437568
3437712
3437856
3438000
3438144
3438288
3438432
3438576
3438720
3438864
3439008
3439152
3439296
3439440
3439584
3439728
3439872
3440016
3440160
3440304
3440448
3440592
3440736
3440880
3441024
3441168
3441312
3441456
3441600
3441744
3441888
3442032
3442176
3442320
3442464
3442608
3442752
3442896
3443040
3443184
3443328
3443472
3443616
3443760
3443904
3444048
3444192
3444336
3444480
3444624
3444768
3444912
3445056
3445200
3445344
3445488
3445632
3445776
3445920
3446064
3446208
3446352
3446496
3446640
3446784
3446928
3447072
3447216
3447360
3447504
3447648
3447792
3447936
3448080
3448224
3448368
3448512
3448656
3448800
3448944
3449088
3449232
3449376
3449520
3449664
3449808
3449952
3450096
3450240
3450384
3450528
3450672
3450816
3450960
3451104
3451248
3451392
3451536
3451680
3451824
3451968
3452112
3452256
3452400
3452544
3452688
3452832
3452976
3453120
3453264
3453408
3453552
3453696
3453840
3453984
3454128
3454272
3454416
3454560
3454704
3454848
3454992
3455136
3455280
3455424
3455568
3455712
3455856
3456000
3456144
3456288
3456432
3456576
3456720
3456864
3457008
3457152
3457296
3457440
3457584
3457728
3457872
3458016
3458160
3458304
3458448
3458592
3458736
3458880
3459024
3459168
3459312
3459456
3459600
3459744
3459888
3460032
3460176
3460320
3460464
3460608
3460752
3460896
3461040
3461184
3461328
3461472
3461616
3461760
3461904
3462048
3462192
3462336
3462480
3462624
3462768
3462912
3463056
3463200
3463344
3463488
3463632
3463776
3463920
3464064
3464208
3464352
3464496
3464640
3464784
3464928
3465072
3465216
3465360
3465504
3465648
3465792
3465936
3466080
3466224
3466368
3466512
3466656
3466800
3466944
3467088
3467232
3467376
3467520
3467664
3467808
3467952
3468096
3468240
3468384
3468528
3468672
3468816
3468960
3469104
3469248
3469392
3469536
3469680
3469824
3469968
3470112
3470256
3470400
3470544
3470688
3470832
3470976
3471120
3471264
3471408
3471552
3471696
3471840
3471984
3472128
3472272
3472416
3472560
3472704
3472848
3472992
3473136
3473280
3473424
3473568
3473712
3473856
3474000
3474144
3474288
3474432
3474576
3474720
3474864
3475008
3475152
3475296
3475440
3475584
3475728
3475872
3476016
3476160
3476304
3476448
3476592
3476736
3476880
3477024
3477168
3477312
3477456
3477600
3477744
3477888
3478032
3478176
3478320
3478464
3478608
3478752
3478896
3479040
3479184
3479328
3479472
3479616
3479760
3479904
3480048
3480192
3480336
3480480
3480624
3480768
3480912
3481056
3481200
3481344
3481488
3481632
3481776
3481920
3482064
3482208
3482352
3482496
3482640
3482784
3482928
3483072
3483216
3483360
3483504
3483648
3483792
3483936
3484080
3484224
3484368
3484512
3484656
3484800
3484944
3485088
3485232
3485376
3485520
3485664
3485808
3485952
3486096
3486240
3486384
3486528
3486672
3486816
3486960
3487104
3487248
3487392
3487536
3487680
3487824
3487968
3488112
3488256
3488400
3488544
3488688
3488832
3488976
3489120
3489264
3489408
3489552
3489696
3489840
3489984
3490128
3490272
3490416
3490560
3490704
3490848
3490992
3491136
3491280
3491424
3491568
3491712
3491856
3492000
3492144
3492288
3492432
3492576
3492720
3492864
3493008
3493152
3493296
3493440
3493584
3493728
3493872
3494016
3494160
3494304
3494448
3494592
3494736
3494880
3495024
3495168
3495312
3495456
3495600
3495744
3495888
3496032
3496176
3496320
3496464
3496608
3496752
3496896
3497040
3497184
3497328
3497472
3497616
3497760
3497904
3498048
3498192
3498336
3498480
3498624
3498768
3498912
3499056
3499200
3499344
3499488
3499632
3499776
3499920
3500064
3500208
3500352
3500496
3500640
3500784
3500928
3501072
3501216
3501360
3501504
3501648
3501792
3501936
3502080
3502224
3502368
3502512
3502656
3502800
3502944
3503088
3503232
3503376
3503520
3503664
3503808
3503952
3504096
3504240
3504384
3504528
3504672
3504816
3504960
3505104
3505248
3505392
3505536
3505680
3505824
3505968
3506112
3506256
3506400
3506544
3506688
3506832
3506976
3507120
3507264
3507408
3507552
3507696
3507840
3507984
3508128
3508272
3508416
3508560
3508704
3508848
3508992
3509136
3509280
3509424
3509568
3509712
3509856
3510000
3510144
3510288
3510432
3510576
3510720
3510864
3511008
3511152
3511296
3511440
3511584
3511728
3511872
3512016
3512160
3512304
3512448
3512592
3512736
3512880
3513024
3513168
3513312
3513456
3513600
3513744
3513888
3514032
3514176
3514320
3514464
3514608
3514752
3514896
3515040
3515184
3515328
3515472
3515616
3515760
3515904
3516048
3516192
3516336
3516480
3516624
3516768
3516912
3517056
3517200
3517344
3517488
3517632
3517776
3517920
3518064
3518208
3518352
3518496
3518640
3518784
3518928
3519072
3519216
3519360
3519504
3519648
3519792
3519936
3520080
3520224
3520368
3520512
3520656
3520800
3520944
3521088
3521232
3521376
3521520
3521664
3521808
3521952
3522096
3522240
3522384
3522528
3522672
3522816
3522960
3523104
3523248
3523392
3523536
3523680
3523824
3523968
3524112
3524256
3524400
3524544
3524688
3524832
3524976
3525120
3525264
3525408
3525552
3525696
3525840
3525984
3526128
3526272
3526416
3526560
3526704
3526848
3526992
3527136
3527280
3527424
3527568
3527712
3527856
3528000
3528144
3528288
3528432
3528576
3528720
3528864
3529008
3529152
3529296
3529440
3529584
3529728
3529872
3530016
3530160
3530304
3530448
3530592
3530736
3530880
3531024
3531168
3531312
3531456
3531600
3531744
3531888
3532032
3532176
3532320
3532464
3532608
3532752
3532896
3533040
3533184
3533328
3533472
3533616
3533760
3533904
3534048
3534192
3534336
3534480
3534624
3534768
3534912
3535056
3535200
3535344
3535488
3535632
3535776
3535920
3536064
3536208
3536352
3536496
3536640
3536784
3536928
3537072
3537216
3537360
3537504
3537648
3537792
3537936
3538080
3538224
3538368
3538512
3538656
3538800
3538944
3539088
3539232
3539376
3539520
3539664
3539808
3539952
3540096
3540240
3540384
3540528
3540672
3540816
3540960
3541104
3541248
3541392
3541536
3541680
3541824
3541968
3542112
3542256
3542400
3542544
3542688
3542832
3542976
3543120
3543264
3543408
3543552
3543696
3543840
3543984
3544128
3544272
3544416
3544560
3544704
3544848
3544992
3545136
3545280
3545424
3545568
3545712
3545856
3546000
3546144
3546288
3546432
3546576
3546720
3546864
3547008
3547152
3547296
3547440
3547584
3547728
3547872
3548016
3548160
3548304
3548448
3548592
3548736
3548880
3549024
3549168
3549312
3549456
3549600
3549744
3549888
3550032
3550176
3550320
3550464
3550608
3550752
3550896
3551040
3551184
3551328
3551472
3551616
3551760
3551904
3552048
3552192
3552336
3552480
3552624
3552768
3552912
3553056
3553200
3553344
3553488
3553632
3553776
3553920
3554064
3554208
3554352
3554496
3554640
3554784
3554928
3555072
3555216
3555360
3555504
3555648
3555792
3555936
3556080
3556224
3556368
3556512
3556656
3556800
3556944
3557088
3557232
3557376
3557520
3557664
3557808
3557952
3558096
3558240
3558384
3558528
3558672
3558816
3558960
3559104
3559248
3559392
3559536
3559680
3559824
3559968
3560112
3560256
3560400
3560544
3560688
3560832
3560976
3561120
3561264
3561408
3561552
3561696
3561840
3561984
3562128
3562272
3562416
3562560
3562704
3562848
3562992
3563136
3563280
3563424
3563568
3563712
3563856
3564000
3564144
3564288
3564432
3564576
3564720
3564864
3565008
3565152
3565296
3565440
3565584
3565728
3565872
3566016
3566160
3566304
3566448
3566592
3566736
3566880
3567024
3567168
3567312
3567456
3567600
3567744
3567888
3568032
3568176
3568320
3568464
3568608
3568752
3568896
3569040
3569184
3569328
3569472
3569616
3569760
3569904
3570048
3570192
3570336
3570480
3570624
3570768
3570912
3571056
3571200
3571344
3571488
3571632
3571776
3571920
3572064
3572208
3572352
3572496
3572640
3572784
3572928
3573072
3573216
3573360
3573504
3573648
3573792
3573936
3574080
3574224
3574368
3574512
3574656
3574800
3574944
3575088
3575232
3575376
3575520
3575664
3575808
3575952
3576096
3576240
3576384
3576528
3576672
3576816
3576960
3577104
3577248
3577392
3577536
3577680
3577824
3577968
3578112
3578256
3578400
3578544
3578688
3578832
3578976
3579120
3579264
3579408
3579552
3579696
3579840
3579984
3580128
3580272
3580416
3580560
3580704
3580848
3580992
3581136
3581280
3581424
3581568
3581712
3581856
3582000
3582144
3582288
3582432
3582576
3582720
3582864
3583008
3583152
3583296
3583440
3583584
3583728
3583872
3584016
3584160
3584304
3584448
3584592
3584736
3584880
3585024
3585168
3585312
3585456
3585600
3585744
3585888
3586032
3586176
3586320
3586464
3586608
3586752
3586896
3587040
3587184
3587328
3587472
3587616
3587760
3587904
3588048
3588192
3588336
3588480
3588624
3588768
3588912
3589056
3589200
3589344
3589488
3589632
3589776
3589920
3590064
3590208
3590352
3590496
3590640
3590784
3590928
3591072
3591216
3591360
3591504
3591648
3591792
3591936
3592080
3592224
3592368
3592512
3592656
3592800
3592944
3593088
3593232
3593376
3593520
3593664
3593808
3593952
3594096
3594240
3594384
3594528
3594672
3594816
3594960
3595104
3595248
3595392
3595536
3595680
3595824
3595968
3596112
3596256
3596400
3596544
3596688
3596832
3596976
3597120
3597264
3597408
3597552
3597696
3597840
3597984
3598128
3598272
3598416
3598560
3598704
3598848
3598992
3599136
3599280
3599424
3599568
3599712
3599856
3600000
3600144
3600288
3600432
3600576
3600720
3600864
3601008
3601152
3601296
3601440
3601584
3601728
3601872
3602016
3602160
3602304
3602448
3602592
3602736
3602880
3603024
3603168
3603312
3603456
3603600
3603744
3603888
3604032
3604176
3604320
3604464
3604608
3604752
3604896
3605040
3605184
3605328
3605472
3605616
3605760
3605904
3606048
3606192
3606336
3606480
3606624
3606768
3606912
3607056
3607200
3607344
3607488
3607632
3607776
3607920
3608064
3608208
3608352
3608496
3608640
3608784
3608928
3609072
3609216
3609360
3609504
3609648
3609792
3609936
3610080
3610224
3610368
3610512
3610656
3610800
3610944
3611088
3611232
3611376
3611520
3611664
3611808
3611952
3612096
3612240
3612384
3612528
3612672
3612816
3612960
3613104
3613248
3613392
3613536
3613680
3613824
3613968
3614112
3614256
3614400
3614544
3614688
3614832
3614976
3615120
3615264
3615408
3615552
3615696
3615840
3615984
3616128
3616272
3616416
3616560
3616704
3616848
3616992
3617136
3617280
3617424
3617568
3617712
3617856
3618000
3618144
3618288
3618432
3618576
3618720
3618864
3619008
3619152
3619296
3619440
3619584
3619728
3619872
3620016
3620160
3620304
3620448
3620592
3620736
3620880
3621024
3621168
3621312
3621456
3621600
3621744
3621888
3622032
3622176
3622320
3622464
3622608
3622752
3622896
3623040
3623184
3623328
3623472
3623616
3623760
3623904
3624048
3624192
3624336
3624480
3624624
3624768
3624912
3625056
3625200
3625344
3625488
3625632
3625776
3625920
3626064
3626208
3626352
3626496
3626640
3626784
3626928
3627072
3627216
3627360
3627504
3627648
3627792
3627936
3628080
3628224
3628368
3628512
3628656
3628800
3628944
3629088
3629232
3629376
3629520
3629664
3629808
3629952
3630096
3630240
3630384
3630528
3630672
3630816
3630960
3631104
3631248
3631392
3631536
3631680
3631824
3631968
3632112
3632256
3632400
3632544
3632688
3632832
3632976
3633120
3633264
3633408
3633552
3633696
3633840
3633984
3634128
3634272
3634416
3634560
3634704
3634848
3634992
3635136
3635280
3635424
3635568
3635712
3635856
3636000
3636144
3636288
3636432
3636576
3636720
3636864
3637008
3637152
3637296
3637440
3637584
3637728
3637872
3638016
3638160
3638304
3638448
3638592
3638736
3638880
3639024
3639168
3639312
3639456
3639600
3639744
3639888
3640032
3640176
3640320
3640464
3640608
3640752
3640896
3641040
3641184
3641328
3641472
3641616
3641760
3641904
3642048
3642192
3642336
3642480
3642624
3642768
3642912
3643056
3643200
3643344
3643488
3643632
3643776
3643920
3644064
3644208
3644352
3644496
3644640
3644784
3644928
3645072
3645216
3645360
3645504
3645648
3645792
3645936
3646080
3646224
3646368
3646512
3646656
3646800
3646944
3647088
3647232
3647376
3647520
3647664
3647808
3647952
3648096
3648240
3648384
3648528
3648672
3648816
3648960
3649104
3649248
3649392
3649536
3649680
3649824
3649968
3650112
3650256
3650400
3650544
3650688
3650832
3650976
3651120
3651264
3651408
3651552
3651696
3651840
3651984
3652128
3652272
3652416
3652560
3652704
3652848
3652992
3653136
3653280
3653424
3653568
3653712
3653856
3654000
3654144
3654288
3654432
3654576
3654720
3654864
3655008
3655152
3655296
3655440
3655584
3655728
3655872
3656016
3656160
3656304
3656448
3656592
3656736
3656880
3657024
3657168
3657312
3657456
3657600
3657744
3657888
3658032
3658176
3658320
3658464
3658608
3658752
3658896
3659040
3659184
3659328
3659472
3659616
3659760
3659904
3660048
3660192
3660336
3660480
3660624
3660768
3660912
3661056
3661200
3661344
3661488
3661632
3661776
3661920
3662064
3662208
3662352
3662496
3662640
3662784
3662928
3663072
3663216
3663360
3663504
3663648
3663792
3663936
3664080
3664224
3664368
3664512
3664656
3664800
3664944
3665088
3665232
3665376
3665520
3665664
3665808
3665952
3666096
3666240
3666384
3666528
3666672
3666816
3666960
3667104
3667248
3667392
3667536
3667680
3667824
3667968
3668112
3668256
3668400
3668544
3668688
3668832
3668976
3669120
3669264
3669408
3669552
3669696
3669840
3669984
3670128
3670272
3670416
3670560
3670704
3670848
3670992
3671136
3671280
3671424
3671568
3671712
3671856
3672000
3672144
3672288
3672432
3672576
3672720
3672864
3673008
3673152
3673296
3673440
3673584
3673728
3673872
3674016
3674160
3674304
3674448
3674592
3674736
3674880
3675024
3675168
3675312
3675456
3675600
3675744
3675888
3676032
3676176
3676320
3676464
3676608
3676752
3676896
3677040
3677184
3677328
3677472
3677616
3677760
3677904
3678048
3678192
3678336
3678480
3678624
3678768
3678912
3679056
3679200
3679344
3679488
3679632
3679776
3679920
3680064
3680208
3680352
3680496
3680640
3680784
3680928
3681072
3681216
3681360
3681504
3681648
3681792
3681936
3682080
3682224
3682368
3682512
3682656
3682800
3682944
3683088
3683232
3683376
3683520
3683664
3683808
3683952
3684096
3684240
3684384
3684528
3684672
3684816
3684960
3685104
3685248
3685392
3685536
3685680
3685824
3685968
3686112
3686256
3686400
3686544
3686688
3686832
3686976
3687120
3687264
3687408
3687552
3687696
3687840
3687984
3688128
3688272
3688416
3688560
3688704
3688848
3688992
3689136
3689280
3689424
3689568
3689712
3689856
3690000
3690144
3690288
3690432
3690576
3690720
3690864
3691008
3691152
3691296
3691440
3691584
3691728
3691872
3692016
3692160
3692304
3692448
3692592
3692736
3692880
3693024
3693168
3693312
3693456
3693600
3693744
3693888
3694032
3694176
3694320
3694464
3694608
3694752
3694896
3695040
3695184
3695328
3695472
3695616
3695760
3695904
3696048
3696192
3696336
3696480
3696624
3696768
3696912
3697056
3697200
3697344
3697488
3697632
3697776
3697920
3698064
3698208
3698352
3698496
3698640
3698784
3698928
3699072
3699216
3699360
3699504
3699648
3699792
3699936
3700080
3700224
3700368
3700512
3700656
3700800
3700944
3701088
3701232
3701376
3701520
3701664
3701808
3701952
3702096
3702240
3702384
3702528
3702672
3702816
3702960
3703104
3703248
3703392
3703536
3703680
3703824
3703968
3704112
3704256
3704400
3704544
3704688
3704832
3704976
3705120
3705264
3705408
3705552
3705696
3705840
3705984
3706128
3706272
3706416
3706560
3706704
3706848
3706992
3707136
3707280
3707424
3707568
3707712
3707856
3708000
3708144
3708288
3708432
3708576
3708720
3708864
3709008
3709152
3709296
3709440
3709584
3709728
3709872
3710016
3710160
3710304
3710448
3710592
3710736
3710880
3711024
3711168
3711312
3711456
3711600
3711744
3711888
3712032
3712176
3712320
3712464
3712608
3712752
3712896
3713040
3713184
3713328
3713472
3713616
3713760
3713904
3714048
3714192
3714336
3714480
3714624
3714768
3714912
3715056
3715200
3715344
3715488
3715632
3715776
3715920
3716064
3716208
3716352
3716496
3716640
3716784
3716928
3717072
3717216
3717360
3717504
3717648
3717792
3717936
3718080
3718224
3718368
3718512
3718656
3718800
3718944
3719088
3719232
3719376
3719520
3719664
3719808
3719952
3720096
3720240
3720384
3720528
3720672
3720816
3720960
3721104
3721248
3721392
3721536
3721680
3721824
3721968
3722112
3722256
3722400
3722544
3722688
3722832
3722976
3723120
3723264
3723408
3723552
3723696
3723840
3723984
3724128
3724272
3724416
3724560
3724704
3724848
3724992
3725136
3725280
3725424
3725568
3725712
3725856
3726000
3726144
3726288
3726432
3726576
3726720
3726864
3727008
3727152
3727296
3727440
3727584
3727728
3727872
3728016
3728160
3728304
3728448
3728592
3728736
3728880
3729024
3729168
3729312
3729456
3729600
3729744
3729888
3730032
3730176
3730320
3730464
3730608
3730752
3730896
3731040
3731184
3731328
3731472
3731616
3731760
3731904
3732048
3732192
3732336
3732480
3732624
3732768
3732912
3733056
3733200
3733344
3733488
3733632
3733776
3733920
3734064
3734208
3734352
3734496
3734640
3734784
3734928
3735072
3735216
3735360
3735504
3735648
3735792
3735936
3736080
3736224
3736368
3736512
3736656
3736800
3736944
3737088
3737232
3737376
3737520
3737664
3737808
3737952
3738096
3738240
3738384
3738528
3738672
3738816
3738960
3739104
3739248
3739392
3739536
3739680
3739824
3739968
3740112
3740256
3740400
3740544
3740688
3740832
3740976
3741120
3741264
3741408
3741552
3741696
3741840
3741984
3742128
3742272
3742416
3742560
3742704
3742848
3742992
3743136
3743280
3743424
3743568
3743712
3743856
3744000
3744144
3744288
3744432
3744576
3744720
3744864
3745008
3745152
3745296
3745440
3745584
3745728
3745872
3746016
3746160
3746304
3746448
3746592
3746736
3746880
3747024
3747168
3747312
3747456
3747600
3747744
3747888
3748032
3748176
3748320
3748464
3748608
3748752
3748896
3749040
3749184
3749328
3749472
3749616
3749760
3749904
3750048
3750192
3750336
3750480
3750624
3750768
3750912
3751056
3751200
3751344
3751488
3751632
3751776
3751920
3752064
3752208
3752352
3752496
3752640
3752784
3752928
3753072
3753216
3753360
3753504
3753648
3753792
3753936
3754080
3754224
3754368
3754512
3754656
3754800
3754944
3755088
3755232
3755376
3755520
3755664
3755808
3755952
3756096
3756240
3756384
3756528
3756672
3756816
3756960
3757104
3757248
3757392
3757536
3757680
3757824
3757968
3758112
3758256
3758400
3758544
3758688
3758832
3758976
3759120
3759264
3759408
3759552
3759696
3759840
3759984
3760128
3760272
3760416
3760560
3760704
3760848
3760992
3761136
3761280
3761424
3761568
3761712
3761856
3762000
3762144
3762288
3762432
3762576
3762720
3762864
3763008
3763152
3763296
3763440
3763584
3763728
3763872
3764016
3764160
3764304
3764448
3764592
3764736
3764880
3765024
3765168
3765312
3765456
3765600
3765744
3765888
3766032
3766176
3766320
3766464
3766608
3766752
3766896
3767040
3767184
3767328
3767472
3767616
3767760
3767904
3768048
3768192
3768336
3768480
3768624
3768768
3768912
3769056
3769200
3769344
3769488
3769632
3769776
3769920
3770064
3770208
3770352
3770496
3770640
3770784
3770928
3771072
3771216
3771360
3771504
3771648
3771792
3771936
3772080
3772224
3772368
3772512
3772656
3772800
3772944
3773088
3773232
3773376
3773520
3773664
3773808
3773952
3774096
3774240
3774384
3774528
3774672
3774816
3774960
3775104
3775248
3775392
3775536
3775680
3775824
3775968
3776112
3776256
3776400
3776544
3776688
3776832
3776976
3777120
3777264
3777408
3777552
3777696
3777840
3777984
3778128
3778272
3778416
3778560
3778704
3778848
3778992
3779136
3779280
3779424
3779568
3779712
3779856
3780000
3780144
3780288
3780432
3780576
3780720
3780864
3781008
3781152
3781296
3781440
3781584
3781728
3781872
3782016
3782160
3782304
3782448
3782592
3782736
3782880
3783024
3783168
3783312
3783456
3783600
3783744
3783888
3784032
3784176
3784320
3784464
3784608
3784752
3784896
3785040
3785184
3785328
3785472
3785616
3785760
3785904
3786048
3786192
3786336
3786480
3786624
3786768
3786912
3787056
3787200
3787344
3787488
3787632
3787776
3787920
3788064
3788208
3788352
3788496
3788640
3788784
3788928
3789072
3789216
3789360
3789504
3789648
3789792
3789936
3790080
3790224
3790368
3790512
3790656
3790800
3790944
3791088
3791232
3791376
3791520
3791664
3791808
3791952
3792096
3792240
3792384
3792528
3792672
3792816
3792960
3793104
3793248
3793392
3793536
3793680
3793824
3793968
3794112
3794256
3794400
3794544
3794688
3794832
3794976
3795120
3795264
3795408
3795552
3795696
3795840
3795984
3796128
3796272
3796416
3796560
3796704
3796848
3796992
3797136
3797280
3797424
3797568
3797712
3797856
3798000
3798144
3798288
3798432
3798576
3798720
3798864
3799008
3799152
3799296
3799440
3799584
3799728
3799872
3800016
3800160
3800304
3800448
3800592
3800736
3800880
3801024
3801168
3801312
3801456
3801600
3801744
3801888
3802032
3802176
3802320
3802464
3802608
3802752
3802896
3803040
3803184
3803328
3803472
3803616
3803760
3803904
3804048
3804192
3804336
3804480
3804624
3804768
3804912
3805056
3805200
3805344
3805488
3805632
3805776
3805920
3806064
3806208
3806352
3806496
3806640
3806784
3806928
3807072
3807216
3807360
3807504
3807648
3807792
3807936
3808080
3808224
3808368
3808512
3808656
3808800
3808944
3809088
3809232
3809376
3809520
3809664
3809808
3809952
3810096
3810240
3810384
3810528
3810672
3810816
3810960
3811104
3811248
3811392
3811536
3811680
3811824
3811968
3812112
3812256
3812400
3812544
3812688
3812832
3812976
3813120
3813264
3813408
3813552
3813696
3813840
3813984
3814128
3814272
3814416
3814560
3814704
3814848
3814992
3815136
3815280
3815424
3815568
3815712
3815856
3816000
3816144
3816288
3816432
3816576
3816720
3816864
3817008
3817152
3817296
3817440
3817584
3817728
3817872
3818016
3818160
3818304
3818448
3818592
3818736
3818880
3819024
3819168
3819312
3819456
3819600
3819744
3819888
3820032
3820176
3820320
3820464
3820608
3820752
3820896
3821040
3821184
3821328
3821472
3821616
3821760
3821904
3822048
3822192
3822336
3822480
3822624
3822768
3822912
3823056
3823200
3823344
3823488
3823632
3823776
3823920
3824064
3824208
3824352
3824496
3824640
3824784
3824928
3825072
3825216
3825360
3825504
3825648
3825792
3825936
3826080
3826224
3826368
3826512
3826656
3826800
3826944
3827088
3827232
3827376
3827520
3827664
3827808
3827952
3828096
3828240
3828384
3828528
3828672
3828816
3828960
3829104
3829248
3829392
3829536
3829680
3829824
3829968
3830112
3830256
3830400
3830544
3830688
3830832
3830976
3831120
3831264
3831408
3831552
3831696
3831840
3831984
3832128
3832272
3832416
3832560
3832704
3832848
3832992
3833136
3833280
3833424
3833568
3833712
3833856
3834000
3834144
3834288
3834432
3834576
3834720
3834864
3835008
3835152
3835296
3835440
3835584
3835728
3835872
3836016
3836160
3836304
3836448
3836592
3836736
3836880
3837024
3837168
3837312
3837456
3837600
3837744
3837888
3838032
3838176
3838320
3838464
3838608
3838752
3838896
3839040
3839184
3839328
3839472
3839616
3839760
3839904
3840048
3840192
3840336
3840480
3840624
3840768
3840912
3841056
3841200
3841344
3841488
3841632
3841776
3841920
3842064
3842208
3842352
3842496
3842640
3842784
3842928
3843072
3843216
3843360
3843504
3843648
3843792
3843936
3844080
3844224
3844368
3844512
3844656
3844800
3844944
3845088
3845232
3845376
3845520
3845664
3845808
3845952
3846096
3846240
3846384
3846528
3846672
3846816
3846960
3847104
3847248
3847392
3847536
3847680
3847824
3847968
3848112
3848256
3848400
3848544
3848688
3848832
3848976
3849120
3849264
3849408
3849552
3849696
3849840
3849984
3850128
3850272
3850416
3850560
3850704
3850848
3850992
3851136
3851280
3851424
3851568
3851712
3851856
3852000
3852144
3852288
3852432
3852576
3852720
3852864
3853008
3853152
3853296
3853440
3853584
3853728
3853872
3854016
3854160
3854304
3854448
3854592
3854736
3854880
3855024
3855168
3855312
3855456
3855600
3855744
3855888
3856032
3856176
3856320
3856464
3856608
3856752
3856896
3857040
3857184
3857328
3857472
3857616
3857760
3857904
3858048
3858192
3858336
3858480
3858624
3858768
3858912
3859056
3859200
3859344
3859488
3859632
3859776
3859920
3860064
3860208
3860352
3860496
3860640
3860784
3860928
3861072
3861216
3861360
3861504
3861648
3861792
3861936
3862080
3862224
3862368
3862512
3862656
3862800
3862944
3863088
3863232
3863376
3863520
3863664
3863808
3863952
3864096
3864240
3864384
3864528
3864672
3864816
3864960
3865104
3865248
3865392
3865536
3865680
3865824
3865968
3866112
3866256
3866400
3866544
3866688
3866832
3866976
3867120
3867264
3867408
3867552
3867696
3867840
3867984
3868128
3868272
3868416
3868560
3868704
3868848
3868992
3869136
3869280
3869424
3869568
3869712
3869856
3870000
3870144
3870288
3870432
3870576
3870720
3870864
3871008
3871152
3871296
3871440
3871584
3871728
3871872
3872016
3872160
3872304
3872448
3872592
3872736
3872880
3873024
3873168
3873312
3873456
3873600
3873744
3873888
3874032
3874176
3874320
3874464
3874608
3874752
3874896
3875040
3875184
3875328
3875472
3875616
3875760
3875904
3876048
3876192
3876336
3876480
3876624
3876768
3876912
3877056
3877200
3877344
3877488
3877632
3877776
3877920
3878064
3878208
3878352
3878496
3878640
3878784
3878928
3879072
3879216
3879360
3879504
3879648
3879792
3879936
3880080
3880224
3880368
3880512
3880656
3880800
3880944
3881088
3881232
3881376
3881520
3881664
3881808
3881952
3882096
3882240
3882384
3882528
3882672
3882816
3882960
3883104
3883248
3883392
3883536
3883680
3883824
3883968
3884112
3884256
3884400
3884544
3884688
3884832
3884976
3885120
3885264
3885408
3885552
3885696
3885840
3885984
3886128
3886272
3886416
3886560
3886704
3886848
3886992
3887136
3887280
3887424
3887568
3887712
3887856
3888000
3888144
3888288
3888432
3888576
3888720
3888864
3889008
3889152
3889296
3889440
3889584
3889728
3889872
3890016
3890160
3890304
3890448
3890592
3890736
3890880
3891024
3891168
3891312
3891456
3891600
3891744
3891888
3892032
3892176
3892320
3892464
3892608
3892752
3892896
3893040
3893184
3893328
3893472
3893616
3893760
3893904
3894048
3894192
3894336
3894480
3894624
3894768
3894912
3895056
3895200
3895344
3895488
3895632
3895776
3895920
3896064
3896208
3896352
3896496
3896640
3896784
3896928
3897072
3897216
3897360
3897504
3897648
3897792
3897936
3898080
3898224
3898368
3898512
3898656
3898800
3898944
3899088
3899232
3899376
3899520
3899664
3899808
3899952
3900096
3900240
3900384
3900528
3900672
3900816
3900960
3901104
3901248
3901392
3901536
3901680
3901824
3901968
3902112
3902256
3902400
3902544
3902688
3902832
3902976
3903120
3903264
3903408
3903552
3903696
3903840
3903984
3904128
3904272
3904416
3904560
3904704
3904848
3904992
3905136
3905280
3905424
3905568
3905712
3905856
3906000
3906144
3906288
3906432
3906576
3906720
3906864
3907008
3907152
3907296
3907440
3907584
3907728
3907872
3908016
3908160
3908304
3908448
3908592
3908736
3908880
3909024
3909168
3909312
3909456
3909600
3909744
3909888
3910032
3910176
3910320
3910464
3910608
3910752
3910896
3911040
3911184
3911328
3911472
3911616
3911760
3911904
3912048
3912192
3912336
3912480
3912624
3912768
3912912
3913056
3913200
3913344
3913488
3913632
3913776
3913920
3914064
3914208
3914352
3914496
3914640
3914784
3914928
3915072
3915216
3915360
3915504
3915648
3915792
3915936
3916080
3916224
3916368
3916512
3916656
3916800
3916944
3917088
3917232
3917376
3917520
3917664
3917808
3917952
3918096
3918240
3918384
3918528
3918672
3918816
3918960
3919104
3919248
3919392
3919536
3919680
3919824
3919968
3920112
3920256
3920400
3920544
3920688
3920832
3920976
3921120
3921264
3921408
3921552
3921696
3921840
3921984
3922128
3922272
3922416
3922560
3922704
3922848
3922992
3923136
3923280
3923424
3923568
3923712
3923856
3924000
3924144
3924288
3924432
3924576
3924720
3924864
3925008
3925152
3925296
3925440
3925584
3925728
3925872
3926016
3926160
3926304
3926448
3926592
3926736
3926880
3927024
3927168
3927312
3927456
3927600
3927744
3927888
3928032
3928176
3928320
3928464
3928608
3928752
3928896
3929040
3929184
3929328
3929472
3929616
3929760
3929904
3930048
3930192
3930336
3930480
3930624
3930768
3930912
3931056
3931200
3931344
3931488
3931632
3931776
3931920
3932064
3932208
3932352
3932496
3932640
3932784
3932928
3933072
3933216
3933360
3933504
3933648
3933792
3933936
3934080
3934224
3934368
3934512
3934656
3934800
3934944
3935088
3935232
3935376
3935520
3935664
3935808
3935952
3936096
3936240
3936384
3936528
3936672
3936816
3936960
3937104
3937248
3937392
3937536
3937680
3937824
3937968
3938112
3938256
3938400
3938544
3938688
3938832
3938976
3939120
3939264
3939408
3939552
3939696
3939840
3939984
3940128
3940272
3940416
3940560
3940704
3940848
3940992
3941136
3941280
3941424
3941568
3941712
3941856
3942000
3942144
3942288
3942432
3942576
3942720
3942864
3943008
3943152
3943296
3943440
3943584
3943728
3943872
3944016
3944160
3944304
3944448
3944592
3944736
3944880
3945024
3945168
3945312
3945456
3945600
3945744
3945888
3946032
3946176
3946320
3946464
3946608
3946752
3946896
3947040
3947184
3947328
3947472
3947616
3947760
3947904
3948048
3948192
3948336
3948480
3948624
3948768
3948912
3949056
3949200
3949344
3949488
3949632
3949776
3949920
3950064
3950208
3950352
3950496
3950640
3950784
3950928
3951072
3951216
3951360
3951504
3951648
3951792
3951936
3952080
3952224
3952368
3952512
3952656
3952800
3952944
3953088
3953232
3953376
3953520
3953664
3953808
3953952
3954096
3954240
3954384
3954528
3954672
3954816
3954960
3955104
3955248
3955392
3955536
3955680
3955824
3955968
3956112
3956256
3956400
3956544
3956688
3956832
3956976
3957120
3957264
3957408
3957552
3957696
3957840
3957984
3958128
3958272
3958416
3958560
3958704
3958848
3958992
3959136
3959280
3959424
3959568
3959712
3959856
3960000
3960144
3960288
3960432
3960576
3960720
3960864
3961008
3961152
3961296
3961440
3961584
3961728
3961872
3962016
3962160
3962304
3962448
3962592
3962736
3962880
3963024
3963168
3963312
3963456
3963600
3963744
3963888
3964032
3964176
3964320
3964464
3964608
3964752
3964896
3965040
3965184
3965328
3965472
3965616
3965760
3965904
3966048
3966192
3966336
3966480
3966624
3966768
3966912
3967056
3967200
3967344
3967488
3967632
3967776
3967920
3968064
3968208
3968352
3968496
3968640
3968784
3968928
3969072
3969216
3969360
3969504
3969648
3969792
3969936
3970080
3970224
3970368
3970512
3970656
3970800
3970944
3971088
3971232
3971376
3971520
3971664
3971808
3971952
3972096
3972240
3972384
3972528
3972672
3972816
3972960
3973104
3973248
3973392
3973536
3973680
3973824
3973968
3974112
3974256
3974400
3974544
3974688
3974832
3974976
3975120
3975264
3975408
3975552
3975696
3975840
3975984
3976128
3976272
3976416
3976560
3976704
3976848
3976992
3977136
3977280
3977424
3977568
3977712
3977856
3978000
3978144
3978288
3978432
3978576
3978720
3978864
3979008
3979152
3979296
3979440
3979584
3979728
3979872
3980016
3980160
3980304
3980448
3980592
3980736
3980880
3981024
3981168
3981312
3981456
3981600
3981744
3981888
3982032
3982176
3982320
3982464
3982608
3982752
3982896
3983040
3983184
3983328
3983472
3983616
3983760
3983904
3984048
3984192
3984336
3984480
3984624
3984768
3984912
3985056
3985200
3985344
3985488
3985632
3985776
3985920
3986064
3986208
3986352
3986496
3986640
3986784
3986928
3987072
3987216
3987360
3987504
3987648
3987792
3987936
3988080
3988224
3988368
3988512
3988656
3988800
3988944
3989088
3989232
3989376
3989520
3989664
3989808
3989952
3990096
3990240
3990384
3990528
3990672
3990816
3990960
3991104
3991248
3991392
3991536
3991680
3991824
3991968
3992112
3992256
3992400
3992544
3992688
3992832
3992976
3993120
3993264
3993408
3993552
3993696
3993840
3993984
3994128
3994272
3994416
3994560
3994704
3994848
3994992
3995136
3995280
3995424
3995568
3995712
3995856
3996000
3996144
3996288
3996432
3996576
3996720
3996864
3997008
3997152
3997296
3997440
3997584
3997728
3997872
3998016
3998160
3998304
3998448
3998592
3998736
3998880
3999024
3999168
3999312
3999456
3999600
3999744
3999888
4000032
4000176
4000320
4000464
4000608
4000752
4000896
4001040
4001184
4001328
4001472
4001616
4001760
4001904
4002048
4002192
4002336
4002480
4002624
4002768
4002912
4003056
4003200
4003344
4003488
4003632
4003776
4003920
4004064
4004208
4004352
4004496
4004640
4004784
4004928
4005072
4005216
4005360
4005504
4005648
4005792
4005936
4006080
4006224
4006368
4006512
4006656
4006800
4006944
4007088
4007232
4007376
4007520
4007664
4007808
4007952
4008096
4008240
4008384
4008528
4008672
4008816
4008960
4009104
4009248
4009392
4009536
4009680
4009824
4009968
4010112
4010256
4010400
4010544
4010688
4010832
4010976
4011120
4011264
4011408
4011552
4011696
4011840
4011984
4012128
4012272
4012416
4012560
4012704
4012848
4012992
4013136
4013280
4013424
4013568
4013712
4013856
4014000
4014144
4014288
4014432
4014576
4014720
4014864
4015008
4015152
4015296
4015440
4015584
4015728
4015872
4016016
4016160
4016304
4016448
4016592
4016736
4016880
4017024
4017168
4017312
4017456
4017600
4017744
4017888
4018032
4018176
4018320
4018464
4018608
4018752
4018896
4019040
4019184
4019328
4019472
4019616
4019760
4019904
4020048
4020192
4020336
4020480
4020624
4020768
4020912
4021056
4021200
4021344
4021488
4021632
4021776
4021920
4022064
4022208
4022352
4022496
4022640
4022784
4022928
4023072
4023216
4023360
4023504
4023648
4023792
4023936
4024080
4024224
4024368
4024512
4024656
4024800
4024944
4025088
4025232
4025376
4025520
4025664
4025808
4025952
4026096
4026240
4026384
4026528
4026672
4026816
4026960
4027104
4027248
4027392
4027536
4027680
4027824
4027968
4028112
4028256
4028400
4028544
4028688
4028832
4028976
4029120
4029264
4029408
4029552
4029696
4029840
4029984
4030128
4030272
4030416
4030560
4030704
4030848
4030992
4031136
4031280
4031424
4031568
4031712
4031856
4032000
4032144
4032288
4032432
4032576
4032720
4032864
4033008
4033152
4033296
4033440
4033584
4033728
4033872
4034016
4034160
4034304
4034448
4034592
4034736
4034880
4035024
4035168
4035312
4035456
4035600
4035744
4035888
4036032
4036176
4036320
4036464
4036608
4036752
4036896
4037040
4037184
4037328
4037472
4037616
4037760
4037904
4038048
4038192
4038336
4038480
4038624
4038768
4038912
4039056
4039200
4039344
4039488
4039632
4039776
4039920
4040064
4040208
4040352
4040496
4040640
4040784
4040928
4041072
4041216
4041360
4041504
4041648
4041792
4041936
4042080
4042224
4042368
4042512
4042656
4042800
4042944
4043088
4043232
4043376
4043520
4043664
4043808
4043952
4044096
4044240
4044384
4044528
4044672
4044816
4044960
4045104
4045248
4045392
4045536
4045680
4045824
4045968
4046112
4046256
4046400
4046544
4046688
4046832
4046976
4047120
4047264
4047408
4047552
4047696
4047840
4047984
4048128
4048272
4048416
4048560
4048704
4048848
4048992
4049136
4049280
4049424
4049568
4049712
4049856
4050000
4050144
4050288
4050432
4050576
4050720
4050864
4051008
4051152
4051296
4051440
4051584
4051728
4051872
4052016
4052160
4052304
4052448
4052592
4052736
4052880
4053024
4053168
4053312
4053456
4053600
4053744
4053888
4054032
4054176
4054320
4054464
4054608
4054752
4054896
4055040
4055184
4055328
4055472
4055616
4055760
4055904
4056048
4056192
4056336
4056480
4056624
4056768
4056912
4057056
4057200
4057344
4057488
4057632
4057776
4057920
4058064
4058208
4058352
4058496
4058640
4058784
4058928
4059072
4059216
4059360
4059504
4059648
4059792
4059936
4060080
4060224
4060368
4060512
4060656
4060800
4060944
4061088
4061232
4061376
4061520
4061664
4061808
4061952
4062096
4062240
4062384
4062528
4062672
4062816
4062960
4063104
4063248
4063392
4063536
4063680
4063824
4063968
4064112
4064256
4064400
4064544
4064688
4064832
4064976
4065120
4065264
4065408
4065552
4065696
4065840
4065984
4066128
4066272
4066416
4066560
4066704
4066848
4066992
4067136
4067280
4067424
4067568
4067712
4067856
4068000
4068144
4068288
4068432
4068576
4068720
4068864
4069008
4069152
4069296
4069440
4069584
4069728
4069872
4070016
4070160
4070304
4070448
4070592
4070736
4070880
4071024
4071168
4071312
4071456
4071600
4071744
4071888
4072032
4072176
4072320
4072464
4072608
4072752
4072896
4073040
4073184
4073328
4073472
4073616
4073760
4073904
4074048
4074192
4074336
4074480
4074624
4074768
4074912
4075056
4075200
4075344
4075488
4075632
4075776
4075920
4076064
4076208
4076352
4076496
4076640
4076784
4076928
4077072
4077216
4077360
4077504
4077648
4077792
4077936
4078080
4078224
4078368
4078512
4078656
4078800
4078944
4079088
4079232
4079376
4079520
4079664
4079808
4079952
4080096
4080240
4080384
4080528
4080672
4080816
4080960
4081104
4081248
4081392
4081536
4081680
4081824
4081968
4082112
4082256
4082400
4082544
4082688
4082832
4082976
4083120
4083264
4083408
4083552
4083696
4083840
4083984
4084128
4084272
4084416
4084560
4084704
4084848
4084992
4085136
4085280
4085424
4085568
4085712
4085856
4086000
4086144
4086288
4086432
4086576
4086720
4086864
4087008
4087152
4087296
4087440
4087584
4087728
4087872
4088016
4088160
4088304
4088448
4088592
4088736
4088880
4089024
4089168
4089312
4089456
4089600
4089744
4089888
4090032
4090176
4090320
4090464
4090608
4090752
4090896
4091040
4091184
4091328
4091472
4091616
4091760
4091904
4092048
4092192
4092336
4092480
4092624
4092768
4092912
4093056
4093200
4093344
4093488
4093632
4093776
4093920
4094064
4094208
4094352
4094496
4094640
4094784
4094928
4095072
4095216
4095360
4095504
4095648
4095792
4095936
4096080
4096224
4096368
4096512
4096656
4096800
4096944
4097088
4097232
4097376
4097520
4097664
4097808
4097952
4098096
4098240
4098384
4098528
4098672
4098816
4098960
4099104
4099248
4099392
4099536
4099680
4099824
4099968
4100112
4100256
4100400
4100544
4100688
4100832
4100976
4101120
4101264
4101408
4101552
4101696
4101840
4101984
4102128
4102272
4102416
4102560
4102704
4102848
4102992
4103136
4103280
4103424
4103568
4103712
4103856
4104000
4104144
4104288
4104432
4104576
4104720
4104864
4105008
4105152
4105296
4105440
4105584
4105728
4105872
4106016
4106160
4106304
4106448
4106592
4106736
4106880
4107024
4107168
4107312
4107456
4107600
4107744
4107888
4108032
4108176
4108320
4108464
4108608
4108752
4108896
4109040
4109184
4109328
4109472
4109616
4109760
4109904
4110048
4110192
4110336
4110480
4110624
4110768
4110912
4111056
4111200
4111344
4111488
4111632
4111776
4111920
4112064
4112208
4112352
4112496
4112640
4112784
4112928
4113072
4113216
4113360
4113504
4113648
4113792
4113936
4114080
4114224
4114368
4114512
4114656
4114800
4114944
4115088
4115232
4115376
4115520
4115664
4115808
4115952
4116096
4116240
4116384
4116528
4116672
4116816
4116960
4117104
4117248
4117392
4117536
4117680
4117824
4117968
4118112
4118256
4118400
4118544
4118688
4118832
4118976
4119120
4119264
4119408
4119552
4119696
4119840
4119984
4120128
4120272
4120416
4120560
4120704
4120848
4120992
4121136
4121280
4121424
4121568
4121712
4121856
4122000
4122144
4122288
4122432
4122576
4122720
4122864
4123008
4123152
4123296
4123440
4123584
4123728
4123872
4124016
4124160
4124304
4124448
4124592
4124736
4124880
4125024
4125168
4125312
4125456
4125600
4125744
4125888
4126032
4126176
4126320
4126464
4126608
4126752
4126896
4127040
4127184
4127328
4127472
4127616
4127760
4127904
4128048
4128192
4128336
4128480
4128624
4128768
4128912
4129056
4129200
4129344
4129488
4129632
4129776
4129920
4130064
4130208
4130352
4130496
4130640
4130784
4130928
4131072
4131216
4131360
4131504
4131648
4131792
4131936
4132080
4132224
4132368
4132512
4132656
4132800
4132944
4133088
4133232
4133376
4133520
4133664
4133808
4133952
4134096
4134240
4134384
4134528
4134672
4134816
4134960
4135104
4135248
4135392
4135536
4135680
4135824
4135968
4136112
4136256
4136400
4136544
4136688
4136832
4136976
4137120
4137264
4137408
4137552
4137696
4137840
4137984
4138128
4138272
4138416
4138560
4138704
4138848
4138992
4139136
4139280
4139424
4139568
4139712
4139856
4140000
4140144
4140288
4140432
4140576
4140720
4140864
4141008
4141152
4141296
4141440
4141584
4141728
4141872
4142016
4142160
4142304
4142448
4142592
4142736
4142880
4143024
4143168
4143312
4143456
4143600
4143744
4143888
4144032
4144176
4144320
4144464
4144608
4144752
4144896
4145040
4145184
4145328
4145472
4145616
4145760
4145904
4146048
4146192
4146336
4146480
4146624
4146768
4146912
4147056
4147200
4147344
4147488
4147632
4147776
4147920
4148064
4148208
4148352
4148496
4148640
4148784
4148928
4149072
4149216
4149360
4149504
4149648
4149792
4149936
4150080
4150224
4150368
4150512
4150656
4150800
4150944
4151088
4151232
4151376
4151520
4151664
4151808
4151952
4152096
4152240
4152384
4152528
4152672
4152816
4152960
4153104
4153248
4153392
4153536
4153680
4153824
4153968
4154112
4154256
4154400
4154544
4154688
4154832
4154976
4155120
4155264
4155408
4155552
4155696
4155840
4155984
4156128
4156272
4156416
4156560
4156704
4156848
4156992
4157136
4157280
4157424
4157568
4157712
4157856
4158000
4158144
4158288
4158432
4158576
4158720
4158864
4159008
4159152
4159296
4159440
4159584
4159728
4159872
4160016
4160160
4160304
4160448
4160592
4160736
4160880
4161024
4161168
4161312
4161456
4161600
4161744
4161888
4162032
4162176
4162320
4162464
4162608
4162752
4162896
4163040
4163184
4163328
4163472
4163616
4163760
4163904
4164048
4164192
4164336
4164480
4164624
4164768
4164912
4165056
4165200
4165344
4165488
4165632
4165776
4165920
4166064
4166208
4166352
4166496
4166640
4166784
4166928
4167072
4167216
4167360
4167504
4167648
4167792
4167936
4168080
4168224
4168368
4168512
4168656
4168800
4168944
4169088
4169232
4169376
4169520
4169664
4169808
4169952
4170096
4170240
4170384
4170528
4170672
4170816
4170960
4171104
4171248
4171392
4171536
4171680
4171824
4171968
4172112
4172256
4172400
4172544
4172688
4172832
4172976
4173120
4173264
4173408
4173552
4173696
4173840
4173984
4174128
4174272
4174416
4174560
4174704
4174848
4174992
4175136
4175280
4175424
4175568
4175712
4175856
4176000
4176144
4176288
4176432
4176576
4176720
4176864
4177008
4177152
4177296
4177440
4177584
4177728
4177872
4178016
4178160
4178304
4178448
4178592
4178736
4178880
4179024
4179168
4179312
4179456
4179600
4179744
4179888
4180032
4180176
4180320
4180464
4180608
4180752
4180896
4181040
4181184
4181328
4181472
4181616
4181760
4181904
4182048
4182192
4182336
4182480
4182624
4182768
4182912
4183056
4183200
4183344
4183488
4183632
4183776
4183920
4184064
4184208
4184352
4184496
4184640
4184784
4184928
4185072
4185216
4185360
4185504
4185648
4185792
4185936
4186080
4186224
4186368
4186512
4186656
4186800
4186944
4187088
4187232
4187376
4187520
4187664
4187808
4187952
4188096
4188240
4188384
4188528
4188672
4188816
4188960
4189104
4189248
4189392
4189536
4189680
4189824
4189968
4190112
4190256
4190400
4190544
4190688
4190832
4190976
4191120
4191264
4191408
4191552
4191696
4191840
4191984
4192128
4192272
4192416
4192560
4192704
4192848
4192992
4193136
4193280
4193424
4193568
4193712
4193856
4194000
4194144
4194288
4194432
4194576
4194720
4194864
4195008
4195152
4195296
4195440
4195584
4195728
4195872
4196016
4196160
4196304
4196448
4196592
4196736
4196880
4197024
4197168
4197312
4197456
4197600
4197744
4197888
4198032
4198176
4198320
4198464
4198608
4198752
4198896
4199040
4199184
4199328
4199472
4199616
4199760
4199904
4200048
4200192
4200336
4200480
4200624
4200768
4200912
4201056
4201200
4201344
4201488
4201632
4201776
4201920
4202064
4202208
4202352
4202496
4202640
4202784
4202928
4203072
4203216
4203360
4203504
4203648
4203792
4203936
4204080
4204224
4204368
4204512
4204656
4204800
4204944
4205088
4205232
4205376
4205520
4205664
4205808
4205952
4206096
4206240
4206384
4206528
4206672
4206816
4206960
4207104
4207248
4207392
4207536
4207680
4207824
4207968
4208112
4208256
4208400
4208544
4208688
4208832
4208976
4209120
4209264
4209408
4209552
4209696
4209840
4209984
4210128
4210272
4210416
4210560
4210704
4210848
4210992
4211136
4211280
4211424
4211568
4211712
4211856
4212000
4212144
4212288
4212432
4212576
4212720
4212864
4213008
4213152
4213296
4213440
4213584
4213728
4213872
4214016
4214160
4214304
4214448
4214592
4214736
4214880
4215024
4215168
4215312
4215456
4215600
4215744
4215888
4216032
4216176
4216320
4216464
4216608
4216752
4216896
4217040
4217184
4217328
4217472
4217616
4217760
4217904
4218048
4218192
4218336
4218480
4218624
4218768
4218912
4219056
4219200
4219344
4219488
4219632
4219776
4219920
4220064
4220208
4220352
4220496
4220640
4220784
4220928
4221072
4221216
4221360
4221504
4221648
4221792
4221936
4222080
4222224
4222368
4222512
4222656
4222800
4222944
4223088
4223232
4223376
4223520
4223664
4223808
4223952
4224096
4224240
4224384
4224528
4224672
4224816
4224960
4225104
4225248
4225392
4225536
4225680
4225824
4225968
4226112
4226256
4226400
4226544
4226688
4226832
4226976
4227120
4227264
4227408
4227552
4227696
4227840
4227984
4228128
4228272
4228416
4228560
4228704
4228848
4228992
4229136
4229280
4229424
4229568
4229712
4229856
4230000
4230144
4230288
4230432
4230576
4230720
4230864
4231008
4231152
4231296
4231440
4231584
4231728
4231872
4232016
4232160
4232304
4232448
4232592
4232736
4232880
4233024
4233168
4233312
4233456
4233600
4233744
4233888
4234032
4234176
4234320
4234464
4234608
4234752
4234896
4235040
4235184
4235328
4235472
4235616
4235760
4235904
4236048
4236192
4236336
4236480
4236624
4236768
4236912
4237056
4237200
4237344
4237488
4237632
4237776
4237920
4238064
4238208
4238352
4238496
4238640
4238784
4238928
4239072
4239216
4239360
4239504
4239648
4239792
4239936
4240080
4240224
4240368
4240512
4240656
4240800
4240944
4241088
4241232
4241376
4241520
4241664
4241808
4241952
4242096
4242240
4242384
4242528
4242672
4242816
4242960
4243104
4243248
4243392
4243536
4243680
4243824
4243968
4244112
4244256
4244400
4244544
4244688
4244832
4244976
4245120
4245264
4245408
4245552
4245696
4245840
4245984
4246128
4246272
4246416
4246560
4246704
4246848
4246992
4247136
4247280
4247424
4247568
4247712
4247856
4248000
4248144
4248288
4248432
4248576
4248720
4248864
4249008
4249152
4249296
4249440
4249584
4249728
4249872
4250016
4250160
4250304
4250448
4250592
4250736
4250880
4251024
4251168
4251312
4251456
4251600
4251744
4251888
4252032
4252176
4252320
4252464
4252608
4252752
4252896
4253040
4253184
4253328
4253472
4253616
4253760
4253904
4254048
4254192
4254336
4254480
4254624
4254768
4254912
4255056
4255200
4255344
4255488
4255632
4255776
4255920
4256064
4256208
4256352
4256496
4256640
4256784
4256928
4257072
4257216
4257360
4257504
4257648
4257792
4257936
4258080
4258224
4258368
4258512
4258656
4258800
4258944
4259088
4259232
4259376
4259520
4259664
4259808
4259952
4260096
4260240
4260384
4260528
4260672
4260816
4260960
4261104
4261248
4261392
4261536
4261680
4261824
4261968
4262112
4262256
4262400
4262544
4262688
4262832
4262976
4263120
4263264
4263408
4263552
4263696
4263840
4263984
4264128
4264272
4264416
4264560
4264704
4264848
4264992
4265136
4265280
4265424
4265568
4265712
4265856
4266000
4266144
4266288
4266432
4266576
4266720
4266864
4267008
4267152
4267296
4267440
4267584
4267728
4267872
4268016
4268160
4268304
4268448
4268592
4268736
4268880
4269024
4269168
4269312
4269456
4269600
4269744
4269888
4270032
4270176
4270320
4270464
4270608
4270752
4270896
4271040
4271184
4271328
4271472
4271616
4271760
4271904
4272048
4272192
4272336
4272480
4272624
4272768
4272912
4273056
4273200
4273344
4273488
4273632
4273776
4273920
4274064
4274208
4274352
4274496
4274640
4274784
4274928
4275072
4275216
4275360
4275504
4275648
4275792
4275936
4276080
4276224
4276368
4276512
4276656
4276800
4276944
4277088
4277232
4277376
4277520
4277664
4277808
4277952
4278096
4278240
4278384
4278528
4278672
4278816
4278960
4279104
4279248
4279392
4279536
4279680
4279824
4279968
4280112
4280256
4280400
4280544
4280688
4280832
4280976
4281120
4281264
4281408
4281552
4281696
4281840
4281984
4282128
4282272
4282416
4282560
4282704
4282848
4282992
4283136
4283280
4283424
4283568
4283712
4283856
4284000
4284144
4284288
4284432
4284576
4284720
4284864
4285008
4285152
4285296
4285440
4285584
4285728
4285872
4286016
4286160
4286304
4286448
4286592
4286736
4286880
4287024
4287168
4287312
4287456
4287600
4287744
4287888
4288032
4288176
4288320
4288464
4288608
4288752
4288896
4289040
4289184
4289328
4289472
4289616
4289760
4289904
4290048
4290192
4290336
4290480
4290624
4290768
4290912
4291056
4291200
4291344
4291488
4291632
4291776
4291920
4292064
4292208
4292352
4292496
4292640
4292784
4292928
4293072
4293216
4293360
4293504
4293648
4293792
4293936
4294080
4294224
4294368
4294512
4294656
4294800
4294944
4295088
4295232
4295376
4295520
4295664
4295808
4295952
4296096
4296240
4296384
4296528
4296672
4296816
4296960
4297104
4297248
4297392
4297536
4297680
4297824
4297968
4298112
4298256
4298400
4298544
4298688
4298832
4298976
4299120
4299264
4299408
4299552
4299696
4299840
4299984
4300128
4300272
4300416
4300560
4300704
4300848
4300992
4301136
4301280
4301424
4301568
4301712
4301856
4302000
4302144
4302288
4302432
4302576
4302720
4302864
4303008
4303152
4303296
4303440
4303584
4303728
4303872
4304016
4304160
4304304
4304448
4304592
4304736
4304880
4305024
4305168
4305312
4305456
4305600
4305744
4305888
4306032
4306176
4306320
4306464
4306608
4306752
4306896
4307040
4307184
4307328
4307472
4307616
4307760
4307904
4308048
4308192
4308336
4308480
4308624
4308768
4308912
4309056
4309200
4309344
4309488
4309632
4309776
4309920
4310064
4310208
4310352
4310496
4310640
4310784
4310928
4311072
4311216
4311360
4311504
4311648
4311792
4311936
4312080
4312224
4312368
4312512
4312656
4312800
4312944
4313088
4313232
4313376
4313520
4313664
4313808
4313952
4314096
4314240
4314384
4314528
4314672
4314816
4314960
4315104
4315248
4315392
4315536
4315680
4315824
4315968
4316112
4316256
4316400
4316544
4316688
4316832
4316976
4317120
4317264
4317408
4317552
4317696
4317840
4317984
4318128
4318272
4318416
4318560
4318704
4318848
4318992
4319136
4319280
4319424
4319568
4319712
4319856
4320000
4320144
4320288
4320432
4320576
4320720
4320864
4321008
4321152
4321296
4321440
4321584
4321728
4321872
4322016
4322160
4322304
4322448
4322592
4322736
4322880
4323024
4323168
4323312
4323456
4323600
4323744
4323888
4324032
4324176
4324320
4324464
4324608
4324752
4324896
4325040
4325184
4325328
4325472
4325616
4325760
4325904
4326048
4326192
4326336
4326480
4326624
4326768
4326912
4327056
4327200
4327344
4327488
4327632
4327776
4327920
4328064
4328208
4328352
4328496
4328640
4328784
4328928
4329072
4329216
4329360
4329504
4329648
4329792
4329936
4330080
4330224
4330368
4330512
4330656
4330800
4330944
4331088
4331232
4331376
4331520
4331664
4331808
4331952
4332096
4332240
4332384
4332528
4332672
4332816
4332960
4333104
4333248
4333392
4333536
4333680
4333824
4333968
4334112
4334256
4334400
4334544
4334688
4334832
4334976
4335120
4335264
4335408
4335552
4335696
4335840
4335984
4336128
4336272
4336416
4336560
4336704
4336848
4336992
4337136
4337280
4337424
4337568
4337712
4337856
4338000
4338144
4338288
4338432
4338576
4338720
4338864
4339008
4339152
4339296
4339440
4339584
4339728
4339872
4340016
4340160
4340304
4340448
4340592
4340736
4340880
4341024
4341168
4341312
4341456
4341600
4341744
4341888
4342032
4342176
4342320
4342464
4342608
4342752
4342896
4343040
4343184
4343328
4343472
4343616
4343760
4343904
4344048
4344192
4344336
4344480
4344624
4344768
4344912
4345056
4345200
4345344
4345488
4345632
4345776
4345920
4346064
4346208
4346352
4346496
4346640
4346784
4346928
4347072
4347216
4347360
4347504
4347648
4347792
4347936
4348080
4348224
4348368
4348512
4348656
4348800
4348944
4349088
4349232
4349376
4349520
4349664
4349808
4349952
4350096
4350240
4350384
4350528
4350672
4350816
4350960
4351104
4351248
4351392
4351536
4351680
4351824
4351968
4352112
4352256
4352400
4352544
4352688
4352832
4352976
4353120
4353264
4353408
4353552
4353696
4353840
4353984
4354128
4354272
4354416
4354560
4354704
4354848
4354992
4355136
4355280
4355424
4355568
4355712
4355856
4356000
4356144
4356288
4356432
4356576
4356720
4356864
4357008
4357152
4357296
4357440
4357584
4357728
4357872
4358016
4358160
4358304
4358448
4358592
4358736
4358880
4359024
4359168
4359312
4359456
4359600
4359744
4359888
4360032
4360176
4360320
4360464
4360608
4360752
4360896
4361040
4361184
4361328
4361472
4361616
4361760
4361904
4362048
4362192
4362336
4362480
4362624
4362768
4362912
4363056
4363200
4363344
4363488
4363632
4363776
4363920
4364064
4364208
4364352
4364496
4364640
4364784
4364928
4365072
4365216
4365360
4365504
4365648
4365792
4365936
4366080
4366224
4366368
4366512
4366656
4366800
4366944
4367088
4367232
4367376
4367520
4367664
4367808
4367952
4368096
4368240
4368384
4368528
4368672
4368816
4368960
4369104
4369248
4369392
4369536
4369680
4369824
4369968
4370112
4370256
4370400
4370544
4370688
4370832
4370976
4371120
4371264
4371408
4371552
4371696
4371840
4371984
4372128
4372272
4372416
4372560
4372704
4372848
4372992
4373136
4373280
4373424
4373568
4373712
4373856
4374000
4374144
4374288
4374432
4374576
4374720
4374864
4375008
4375152
4375296
4375440
4375584
4375728
4375872
4376016
4376160
4376304
4376448
4376592
4376736
4376880
4377024
4377168
4377312
4377456
4377600
4377744
4377888
4378032
4378176
4378320
4378464
4378608
4378752
4378896
4379040
4379184
4379328
4379472
4379616
4379760
4379904
4380048
4380192
4380336
4380480
4380624
4380768
4380912
4381056
4381200
4381344
4381488
4381632
4381776
4381920
4382064
4382208
4382352
4382496
4382640
4382784
4382928
4383072
4383216
4383360
4383504
4383648
4383792
4383936
4384080
4384224
4384368
4384512
4384656
4384800
4384944
4385088
4385232
4385376
4385520
4385664
4385808
4385952
4386096
4386240
4386384
4386528
4386672
4386816
4386960
4387104
4387248
4387392
4387536
4387680
4387824
4387968
4388112
4388256
4388400
4388544
4388688
4388832
4388976
4389120
4389264
4389408
4389552
4389696
4389840
4389984
4390128
4390272
4390416
4390560
4390704
4390848
4390992
4391136
4391280
4391424
4391568
4391712
4391856
4392000
4392144
4392288
4392432
4392576
4392720
4392864
4393008
4393152
4393296
4393440
4393584
4393728
4393872
4394016
4394160
4394304
4394448
4394592
4394736
4394880
4395024
4395168
4395312
4395456
4395600
4395744
4395888
4396032
4396176
4396320
4396464
4396608
4396752
4396896
4397040
4397184
4397328
4397472
4397616
4397760
4397904
4398048
4398192
4398336
4398480
4398624
4398768
4398912
4399056
4399200
4399344
4399488
4399632
4399776
4399920
4400064
4400208
4400352
4400496
4400640
4400784
4400928
4401072
4401216
4401360
4401504
4401648
4401792
4401936
4402080
4402224
4402368
4402512
4402656
4402800
4402944
4403088
4403232
4403376
4403520
4403664
4403808
4403952
4404096
4404240
4404384
4404528
4404672
4404816
4404960
4405104
4405248
4405392
4405536
4405680
4405824
4405968
4406112
4406256
4406400
4406544
4406688
4406832
4406976
4407120
4407264
4407408
4407552
4407696
4407840
4407984
4408128
4408272
4408416
4408560
4408704
4408848
4408992
4409136
4409280
4409424
4409568
4409712
4409856
4410000
4410144
4410288
4410432
4410576
4410720
4410864
4411008
4411152
4411296
4411440
4411584
4411728
4411872
4412016
4412160
4412304
4412448
4412592
4412736
4412880
4413024
4413168
4413312
4413456
4413600
4413744
4413888
4414032
4414176
4414320
4414464
4414608
4414752
4414896
4415040
4415184
4415328
4415472
4415616
4415760
4415904
4416048
4416192
4416336
4416480
4416624
4416768
4416912
4417056
4417200
4417344
4417488
4417632
4417776
4417920
4418064
4418208
4418352
4418496
4418640
4418784
4418928
4419072
4419216
4419360
4419504
4419648
4419792
4419936
4420080
4420224
4420368
4420512
4420656
4420800
4420944
4421088
4421232
4421376
4421520
4421664
4421808
4421952
4422096
4422240
4422384
4422528
4422672
4422816
4422960
4423104
4423248
4423392
4423536
4423680
4423824
4423968
4424112
4424256
4424400
4424544
4424688
4424832
4424976
4425120
4425264
4425408
4425552
4425696
4425840
4425984
4426128
4426272
4426416
4426560
4426704
4426848
4426992
4427136
4427280
4427424
4427568
4427712
4427856
4428000
4428144
4428288
4428432
4428576
4428720
4428864
4429008
4429152
4429296
4429440
4429584
4429728
4429872
4430016
4430160
4430304
4430448
4430592
4430736
4430880
4431024
4431168
4431312
4431456
4431600
4431744
4431888
4432032
4432176
4432320
4432464
4432608
4432752
4432896
4433040
4433184
4433328
4433472
4433616
4433760
4433904
4434048
4434192
4434336
4434480
4434624
4434768
4434912
4435056
4435200
4435344
4435488
4435632
4435776
4435920
4436064
4436208
4436352
4436496
4436640
4436784
4436928
4437072
4437216
4437360
4437504
4437648
4437792
4437936
4438080
4438224
4438368
4438512
4438656
4438800
4438944
4439088
4439232
4439376
4439520
4439664
4439808
4439952
4440096
4440240
4440384
4440528
4440672
4440816
4440960
4441104
4441248
4441392
4441536
4441680
4441824
4441968
4442112
4442256
4442400
4442544
4442688
4442832
4442976
4443120
4443264
4443408
4443552
4443696
4443840
4443984
4444128
4444272
4444416
4444560
4444704
4444848
4444992
4445136
4445280
4445424
4445568
4445712
4445856
4446000
4446144
4446288
4446432
4446576
4446720
4446864
4447008
4447152
4447296
4447440
4447584
4447728
4447872
4448016
4448160
4448304
4448448
4448592
4448736
4448880
4449024
4449168
4449312
4449456
4449600
4449744
4449888
4450032
4450176
4450320
4450464
4450608
4450752
4450896
4451040
4451184
4451328
4451472
4451616
4451760
4451904
4452048
4452192
4452336
4452480
4452624
4452768
4452912
4453056
4453200
4453344
4453488
4453632
4453776
4453920
4454064
4454208
4454352
4454496
4454640
4454784
4454928
4455072
4455216
4455360
4455504
4455648
4455792
4455936
4456080
4456224
4456368
4456512
4456656
4456800
4456944
4457088
4457232
4457376
4457520
4457664
4457808
4457952
4458096
4458240
4458384
4458528
4458672
4458816
4458960
4459104
4459248
4459392
4459536
4459680
4459824
4459968
4460112
4460256
4460400
4460544
4460688
4460832
4460976
4461120
4461264
4461408
4461552
4461696
4461840
4461984
4462128
4462272
4462416
4462560
4462704
4462848
4462992
4463136
4463280
4463424
4463568
4463712
4463856
4464000
4464144
4464288
4464432
4464576
4464720
4464864
4465008
4465152
4465296
4465440
4465584
4465728
4465872
4466016
4466160
4466304
4466448
4466592
4466736
4466880
4467024
4467168
4467312
4467456
4467600
4467744
4467888
4468032
4468176
4468320
4468464
4468608
4468752
4468896
4469040
4469184
4469328
4469472
4469616
4469760
4469904
4470048
4470192
4470336
4470480
4470624
4470768
4470912
4471056
4471200
4471344
4471488
4471632
4471776
4471920
4472064
4472208
4472352
4472496
4472640
4472784
4472928
4473072
4473216
4473360
4473504
4473648
4473792
4473936
4474080
4474224
4474368
4474512
4474656
4474800
4474944
4475088
4475232
4475376
4475520
4475664
4475808
4475952
4476096
4476240
4476384
4476528
4476672
4476816
4476960
4477104
4477248
4477392
4477536
4477680
4477824
4477968
4478112
4478256
4478400
4478544
4478688
4478832
4478976
4479120
4479264
4479408
4479552
4479696
4479840
4479984
4480128
4480272
4480416
4480560
4480704
4480848
4480992
4481136
4481280
4481424
4481568
4481712
4481856
4482000
4482144
4482288
4482432
4482576
4482720
4482864
4483008
4483152
4483296
4483440
4483584
4483728
4483872
4484016
4484160
4484304
4484448
4484592
4484736
4484880
4485024
4485168
4485312
4485456
4485600
4485744
4485888
4486032
4486176
4486320
4486464
4486608
4486752
4486896
4487040
4487184
4487328
4487472
4487616
4487760
4487904
4488048
4488192
4488336
4488480
4488624
4488768
4488912
4489056
4489200
4489344
4489488
4489632
4489776
4489920
4490064
4490208
4490352
4490496
4490640
4490784
4490928
4491072
4491216
4491360
4491504
4491648
4491792
4491936
4492080
4492224
4492368
4492512
4492656
4492800
4492944
4493088
4493232
4493376
4493520
4493664
4493808
4493952
4494096
4494240
4494384
4494528
4494672
4494816
4494960
4495104
4495248
4495392
4495536
4495680
4495824
4495968
4496112
4496256
4496400
4496544
4496688
4496832
4496976
4497120
4497264
4497408
4497552
4497696
4497840
4497984
4498128
4498272
4498416
4498560
4498704
4498848
4498992
4499136
4499280
4499424
4499568
4499712
4499856
4500000
4500144
4500288
4500432
4500576
4500720
4500864
4501008
4501152
4501296
4501440
4501584
4501728
4501872
4502016
4502160
4502304
4502448
4502592
4502736
4502880
4503024
4503168
4503312
4503456
4503600
4503744
4503888
4504032
4504176
4504320
4504464
4504608
4504752
4504896
4505040
4505184
4505328
4505472
4505616
4505760
4505904
4506048
4506192
4506336
4506480
4506624
4506768
4506912
4507056
4507200
4507344
4507488
4507632
4507776
4507920
4508064
4508208
4508352
4508496
4508640
4508784
4508928
4509072
4509216
4509360
4509504
4509648
4509792
4509936
4510080
4510224
4510368
4510512
4510656
4510800
4510944
4511088
4511232
4511376
4511520
4511664
4511808
4511952
4512096
4512240
4512384
4512528
4512672
4512816
4512960
4513104
4513248
4513392
4513536
4513680
4513824
4513968
4514112
4514256
4514400
4514544
4514688
4514832
4514976
4515120
4515264
4515408
4515552
4515696
4515840
4515984
4516128
4516272
4516416
4516560
4516704
4516848
4516992
4517136
4517280
4517424
4517568
4517712
4517856
4518000
4518144
4518288
4518432
4518576
4518720
4518864
4519008
4519152
4519296
4519440
4519584
4519728
4519872
4520016
4520160
4520304
4520448
4520592
4520736
4520880
4521024
4521168
4521312
4521456
4521600
4521744
4521888
4522032
4522176
4522320
4522464
4522608
4522752
4522896
4523040
4523184
4523328
4523472
4523616
4523760
4523904
4524048
4524192
4524336
4524480
4524624
4524768
4524912
4525056
4525200
4525344
4525488
4525632
4525776
4525920
4526064
4526208
4526352
4526496
4526640
4526784
4526928
4527072
4527216
4527360
4527504
4527648
4527792
4527936
4528080
4528224
4528368
4528512
4528656
4528800
4528944
4529088
4529232
4529376
4529520
4529664
4529808
4529952
4530096
4530240
4530384
4530528
4530672
4530816
4530960
4531104
4531248
4531392
4531536
4531680
4531824
4531968
4532112
4532256
4532400
4532544
4532688
4532832
4532976
4533120
4533264
4533408
4533552
4533696
4533840
4533984
4534128
4534272
4534416
4534560
4534704
4534848
4534992
4535136
4535280
4535424
4535568
4535712
4535856
4536000
4536144
4536288
4536432
4536576
4536720
4536864
4537008
4537152
4537296
4537440
4537584
4537728
4537872
4538016
4538160
4538304
4538448
4538592
4538736
4538880
4539024
4539168
4539312
4539456
4539600
4539744
4539888
4540032
4540176
4540320
4540464
4540608
4540752
4540896
4541040
4541184
4541328
4541472
4541616
4541760
4541904
4542048
4542192
4542336
4542480
4542624
4542768
4542912
4543056
4543200
4543344
4543488
4543632
4543776
4543920
4544064
4544208
4544352
4544496
4544640
4544784
4544928
4545072
4545216
4545360
4545504
4545648
4545792
4545936
4546080
4546224
4546368
4546512
4546656
4546800
4546944
4547088
4547232
4547376
4547520
4547664
4547808
4547952
4548096
4548240
4548384
4548528
4548672
4548816
4548960
4549104
4549248
4549392
4549536
4549680
4549824
4549968
4550112
4550256
4550400
4550544
4550688
4550832
4550976
4551120
4551264
4551408
4551552
4551696
4551840
4551984
4552128
4552272
4552416
4552560
4552704
4552848
4552992
4553136
4553280
4553424
4553568
4553712
4553856
4554000
4554144
4554288
4554432
4554576
4554720
4554864
4555008
4555152
4555296
4555440
4555584
4555728
4555872
4556016
4556160
4556304
4556448
4556592
4556736
4556880
4557024
4557168
4557312
4557456
4557600
4557744
4557888
4558032
4558176
4558320
4558464
4558608
4558752
4558896
4559040
4559184
4559328
4559472
4559616
4559760
4559904
4560048
4560192
4560336
4560480
4560624
4560768
4560912
4561056
4561200
4561344
4561488
4561632
4561776
4561920
4562064
4562208
4562352
4562496
4562640
4562784
4562928
4563072
4563216
4563360
4563504
4563648
4563792
4563936
4564080
4564224
4564368
4564512
4564656
4564800
4564944
4565088
4565232
4565376
4565520
4565664
4565808
4565952
4566096
4566240
4566384
4566528
4566672
4566816
4566960
4567104
4567248
4567392
4567536
4567680
4567824
4567968
4568112
4568256
4568400
4568544
4568688
4568832
4568976
4569120
4569264
4569408
4569552
4569696
4569840
4569984
4570128
4570272
4570416
4570560
4570704
4570848
4570992
4571136
4571280
4571424
4571568
4571712
4571856
4572000
4572144
4572288
4572432
4572576
4572720
4572864
4573008
4573152
4573296
4573440
4573584
4573728
4573872
4574016
4574160
4574304
4574448
4574592
4574736
4574880
4575024
4575168
4575312
4575456
4575600
4575744
4575888
4576032
4576176
4576320
4576464
4576608
4576752
4576896
4577040
4577184
4577328
4577472
4577616
4577760
4577904
4578048
4578192
4578336
4578480
4578624
4578768
4578912
4579056
4579200
4579344
4579488
4579632
4579776
4579920
4580064
4580208
4580352
4580496
4580640
4580784
4580928
4581072
4581216
4581360
4581504
4581648
4581792
4581936
4582080
4582224
4582368
4582512
4582656
4582800
4582944
4583088
4583232
4583376
4583520
4583664
4583808
4583952
4584096
4584240
4584384
4584528
4584672
4584816
4584960
4585104
4585248
4585392
4585536
4585680
4585824
4585968
4586112
4586256
4586400
4586544
4586688
4586832
4586976
4587120
4587264
4587408
4587552
4587696
4587840
4587984
4588128
4588272
4588416
4588560
4588704
4588848
4588992
4589136
4589280
4589424
4589568
4589712
4589856
4590000
4590144
4590288
4590432
4590576
4590720
4590864
4591008
4591152
4591296
4591440
4591584
4591728
4591872
4592016
4592160
4592304
4592448
4592592
4592736
4592880
4593024
4593168
4593312
4593456
4593600
4593744
4593888
4594032
4594176
4594320
4594464
4594608
4594752
4594896
4595040
4595184
4595328
4595472
4595616
4595760
4595904
4596048
4596192
4596336
4596480
4596624
4596768
4596912
4597056
4597200
4597344
4597488
4597632
4597776
4597920
4598064
4598208
4598352
4598496
4598640
4598784
4598928
4599072
4599216
4599360
4599504
4599648
4599792
4599936
4600080
4600224
4600368
4600512
4600656
4600800
4600944
4601088
4601232
4601376
4601520
4601664
4601808
4601952
4602096
4602240
4602384
4602528
4602672
4602816
4602960
4603104
4603248
4603392
4603536
4603680
4603824
4603968
4604112
4604256
4604400
4604544
4604688
4604832
4604976
4605120
4605264
4605408
4605552
4605696
4605840
4605984
4606128
4606272
4606416
4606560
4606704
4606848
4606992
4607136
4607280
4607424
4607568
4607712
4607856
4608000
4608144
4608288
4608432
4608576
4608720
4608864
4609008
4609152
4609296
4609440
4609584
4609728
4609872
4610016
4610160
4610304
4610448
4610592
4610736
4610880
4611024
4611168
4611312
4611456
4611600
4611744
4611888
4612032
4612176
4612320
4612464
4612608
4612752
4612896
4613040
4613184
4613328
4613472
4613616
4613760
4613904
4614048
4614192
4614336
4614480
4614624
4614768
4614912
4615056
4615200
4615344
4615488
4615632
4615776
4615920
4616064
4616208
4616352
4616496
4616640
4616784
4616928
4617072
4617216
4617360
4617504
4617648
4617792
4617936
4618080
4618224
4618368
4618512
4618656
4618800
4618944
4619088
4619232
4619376
4619520
4619664
4619808
4619952
4620096
4620240
4620384
4620528
4620672
4620816
4620960
4621104
4621248
4621392
4621536
4621680
4621824
4621968
4622112
4622256
4622400
4622544
4622688
4622832
4622976
4623120
4623264
4623408
4623552
4623696
4623840
4623984
4624128
4624272
4624416
4624560
4624704
4624848
4624992
4625136
4625280
4625424
4625568
4625712
4625856
4626000
4626144
4626288
4626432
4626576
4626720
4626864
4627008
4627152
4627296
4627440
4627584
4627728
4627872
4628016
4628160
4628304
4628448
4628592
4628736
4628880
4629024
4629168
4629312
4629456
4629600
4629744
4629888
4630032
4630176
4630320
4630464
4630608
4630752
4630896
4631040
4631184
4631328
4631472
4631616
4631760
4631904
4632048
4632192
4632336
4632480
4632624
4632768
4632912
4633056
4633200
4633344
4633488
4633632
4633776
4633920
4634064
4634208
4634352
4634496
4634640
4634784
4634928
4635072
4635216
4635360
4635504
4635648
4635792
4635936
4636080
4636224
4636368
4636512
4636656
4636800
4636944
4637088
4637232
4637376
4637520
4637664
4637808
4637952
4638096
4638240
4638384
4638528
4638672
4638816
4638960
4639104
4639248
4639392
4639536
4639680
4639824
4639968
4640112
4640256
4640400
4640544
4640688
4640832
4640976
4641120
4641264
4641408
4641552
4641696
4641840
4641984
4642128
4642272
4642416
4642560
4642704
4642848
4642992
4643136
4643280
4643424
4643568
4643712
4643856
4644000
4644144
4644288
4644432
4644576
4644720
4644864
4645008
4645152
4645296
4645440
4645584
4645728
4645872
4646016
4646160
4646304
4646448
4646592
4646736
4646880
4647024
4647168
4647312
4647456
4647600
4647744
4647888
4648032
4648176
4648320
4648464
4648608
4648752
4648896
4649040
4649184
4649328
4649472
4649616
4649760
4649904
4650048
4650192
4650336
4650480
4650624
4650768
4650912
4651056
4651200
4651344
4651488
4651632
4651776
4651920
4652064
4652208
4652352
4652496
4652640
4652784
4652928
4653072
4653216
4653360
4653504
4653648
4653792
4653936
4654080
4654224
4654368
4654512
4654656
4654800
4654944
4655088
4655232
4655376
4655520
4655664
4655808
4655952
4656096
4656240
4656384
4656528
4656672
4656816
4656960
4657104
4657248
4657392
4657536
4657680
4657824
4657968
4658112
4658256
4658400
4658544
4658688
4658832
4658976
4659120
4659264
4659408
4659552
4659696
4659840
4659984
4660128
4660272
4660416
4660560
4660704
4660848
4660992
4661136
4661280
4661424
4661568
4661712
4661856
4662000
4662144
4662288
4662432
4662576
4662720
4662864
4663008
4663152
4663296
4663440
4663584
4663728
4663872
4664016
4664160
4664304
4664448
4664592
4664736
4664880
4665024
4665168
4665312
4665456
4665600
4665744
4665888
4666032
4666176
4666320
4666464
4666608
4666752
4666896
4667040
4667184
4667328
4667472
4667616
4667760
4667904
4668048
4668192
4668336
4668480
4668624
4668768
4668912
4669056
4669200
4669344
4669488
4669632
4669776
4669920
4670064
4670208
4670352
4670496
4670640
4670784
4670928
4671072
4671216
4671360
4671504
4671648
4671792
4671936
4672080
4672224
4672368
4672512
4672656
4672800
4672944
4673088
4673232
4673376
4673520
4673664
4673808
4673952
4674096
4674240
4674384
4674528
4674672
4674816
4674960
4675104
4675248
4675392
4675536
4675680
4675824
4675968
4676112
4676256
4676400
4676544
4676688
4676832
4676976
4677120
4677264
4677408
4677552
4677696
4677840
4677984
4678128
4678272
4678416
4678560
4678704
4678848
4678992
4679136
4679280
4679424
4679568
4679712
4679856
4680000
4680144
4680288
4680432
4680576
4680720
4680864
4681008
4681152
4681296
4681440
4681584
4681728
4681872
4682016
4682160
4682304
4682448
4682592
4682736
4682880
4683024
4683168
4683312
4683456
4683600
4683744
4683888
4684032
4684176
4684320
4684464
4684608
4684752
4684896
4685040
4685184
4685328
4685472
4685616
4685760
4685904
4686048
4686192
4686336
4686480
4686624
4686768
4686912
4687056
4687200
4687344
4687488
4687632
4687776
4687920
4688064
4688208
4688352
4688496
4688640
4688784
4688928
4689072
4689216
4689360
4689504
4689648
4689792
4689936
4690080
4690224
4690368
4690512
4690656
4690800
4690944
4691088
4691232
4691376
4691520
4691664
4691808
4691952
4692096
4692240
4692384
4692528
4692672
4692816
4692960
4693104
4693248
4693392
4693536
4693680
4693824
4693968
4694112
4694256
4694400
4694544
4694688
4694832
4694976
4695120
4695264
4695408
4695552
4695696
4695840
4695984
4696128
4696272
4696416
4696560
4696704
4696848
4696992
4697136
4697280
4697424
4697568
4697712
4697856
4698000
4698144
4698288
4698432
4698576
4698720
4698864
4699008
4699152
4699296
4699440
4699584
4699728
4699872
4700016
4700160
4700304
4700448
4700592
4700736
4700880
4701024
4701168
4701312
4701456
4701600
4701744
4701888
4702032
4702176
4702320
4702464
4702608
4702752
4702896
4703040
4703184
4703328
4703472
4703616
4703760
4703904
4704048
4704192
4704336
4704480
4704624
4704768
4704912
4705056
4705200
4705344
4705488
4705632
4705776
4705920
4706064
4706208
4706352
4706496
4706640
4706784
4706928
4707072
4707216
4707360
4707504
4707648
4707792
4707936
4708080
4708224
4708368
4708512
4708656
4708800
4708944
4709088
4709232
4709376
4709520
4709664
4709808
4709952
4710096
4710240
4710384
4710528
4710672
4710816
4710960
4711104
4711248
4711392
4711536
4711680
4711824
4711968
4712112
4712256
4712400
4712544
4712688
4712832
4712976
4713120
4713264
4713408
4713552
4713696
4713840
4713984
4714128
4714272
4714416
4714560
4714704
4714848
4714992
4715136
4715280
4715424
4715568
4715712
4715856
4716000
4716144
4716288
4716432
4716576
4716720
4716864
4717008
4717152
4717296
4717440
4717584
4717728
4717872
4718016
4718160
4718304
4718448
4718592
4718736
4718880
4719024
4719168
4719312
4719456
4719600
4719744
4719888
4720032
4720176
4720320
4720464
4720608
4720752
4720896
4721040
4721184
4721328
4721472
4721616
4721760
4721904
4722048
4722192
4722336
4722480
4722624
4722768
4722912
4723056
4723200
4723344
4723488
4723632
4723776
4723920
4724064
4724208
4724352
4724496
4724640
4724784
4724928
4725072
4725216
4725360
4725504
4725648
4725792
4725936
4726080
4726224
4726368
4726512
4726656
4726800
4726944
4727088
4727232
4727376
4727520
4727664
4727808
4727952
4728096
4728240
4728384
4728528
4728672
4728816
4728960
4729104
4729248
4729392
4729536
4729680
4729824
4729968
4730112
4730256
4730400
4730544
4730688
4730832
4730976
4731120
4731264
4731408
4731552
4731696
4731840
4731984
4732128
4732272
4732416
4732560
4732704
4732848
4732992
4733136
4733280
4733424
4733568
4733712
4733856
4734000
4734144
4734288
4734432
4734576
4734720
4734864
4735008
4735152
4735296
4735440
4735584
4735728
4735872
4736016
4736160
4736304
4736448
4736592
4736736
4736880
4737024
4737168
4737312
4737456
4737600
4737744
4737888
4738032
4738176
4738320
4738464
4738608
4738752
4738896
4739040
4739184
4739328
4739472
4739616
4739760
4739904
4740048
4740192
4740336
4740480
4740624
4740768
4740912
4741056
4741200
4741344
4741488
4741632
4741776
4741920
4742064
4742208
4742352
4742496
4742640
4742784
4742928
4743072
4743216
4743360
4743504
4743648
4743792
4743936
4744080
4744224
4744368
4744512
4744656
4744800
4744944
4745088
4745232
4745376
4745520
4745664
4745808
4745952
4746096
4746240
4746384
4746528
4746672
4746816
4746960
4747104
4747248
4747392
4747536
4747680
4747824
4747968
4748112
4748256
4748400
4748544
4748688
4748832
4748976
4749120
4749264
4749408
4749552
4749696
4749840
4749984
4750128
4750272
4750416
4750560
4750704
4750848
4750992
4751136
4751280
4751424
4751568
4751712
4751856
4752000
4752144
4752288
4752432
4752576
4752720
4752864
4753008
4753152
4753296
4753440
4753584
4753728
4753872
4754016
4754160
4754304
4754448
4754592
4754736
4754880
4755024
4755168
4755312
4755456
4755600
4755744
4755888
4756032
4756176
4756320
4756464
4756608
4756752
4756896
4757040
4757184
4757328
4757472
4757616
4757760
4757904
4758048
4758192
4758336
4758480
4758624
4758768
4758912
4759056
4759200
4759344
4759488
4759632
4759776
4759920
4760064
4760208
4760352
4760496
4760640
4760784
4760928
4761072
4761216
4761360
4761504
4761648
4761792
4761936
4762080
4762224
4762368
4762512
4762656
4762800
4762944
4763088
4763232
4763376
4763520
4763664
4763808
4763952
4764096
4764240
4764384
4764528
4764672
4764816
4764960
4765104
4765248
4765392
4765536
4765680
4765824
4765968
4766112
4766256
4766400
4766544
4766688
4766832
4766976
4767120
4767264
4767408
4767552
4767696
4767840
4767984
4768128
4768272
4768416
4768560
4768704
4768848
4768992
4769136
4769280
4769424
4769568
4769712
4769856
4770000
4770144
4770288
4770432
4770576
4770720
4770864
4771008
4771152
4771296
4771440
4771584
4771728
4771872
4772016
4772160
4772304
4772448
4772592
4772736
4772880
4773024
4773168
4773312
4773456
4773600
4773744
4773888
4774032
4774176
4774320
4774464
4774608
4774752
4774896
4775040
4775184
4775328
4775472
4775616
4775760
4775904
4776048
4776192
4776336
4776480
4776624
4776768
4776912
4777056
4777200
4777344
4777488
4777632
4777776
4777920
4778064
4778208
4778352
4778496
4778640
4778784
4778928
4779072
4779216
4779360
4779504
4779648
4779792
4779936
4780080
4780224
4780368
4780512
4780656
4780800
4780944
4781088
4781232
4781376
4781520
4781664
4781808
4781952
4782096
4782240
4782384
4782528
4782672
4782816
4782960
4783104
4783248
4783392
4783536
4783680
4783824
4783968
4784112
4784256
4784400
4784544
4784688
4784832
4784976
4785120
4785264
4785408
4785552
4785696
4785840
4785984
4786128
4786272
4786416
4786560
4786704
4786848
4786992
4787136
4787280
4787424
4787568
4787712
4787856
4788000
4788144
4788288
4788432
4788576
4788720
4788864
4789008
4789152
4789296
4789440
4789584
4789728
4789872
4790016
4790160
4790304
4790448
4790592
4790736
4790880
4791024
4791168
4791312
4791456
4791600
4791744
4791888
4792032
4792176
4792320
4792464
4792608
4792752
4792896
4793040
4793184
4793328
4793472
4793616
4793760
4793904
4794048
4794192
4794336
4794480
4794624
4794768
4794912
4795056
4795200
4795344
4795488
4795632
4795776
4795920
4796064
4796208
4796352
4796496
4796640
4796784
4796928
4797072
4797216
4797360
4797504
4797648
4797792
4797936
4798080
4798224
4798368
4798512
4798656
4798800
4798944
4799088
4799232
4799376
4799520
4799664
4799808
4799952
4800096
4800240
4800384
4800528
4800672
4800816
4800960
4801104
4801248
4801392
4801536
4801680
4801824
4801968
4802112
4802256
4802400
4802544
4802688
4802832
4802976
4803120
4803264
4803408
4803552
4803696
4803840
4803984
4804128
4804272
4804416
4804560
4804704
4804848
4804992
4805136
4805280
4805424
4805568
4805712
4805856
4806000
4806144
4806288
4806432
4806576
4806720
4806864
4807008
4807152
4807296
4807440
4807584
4807728
4807872
4808016
4808160
4808304
4808448
4808592
4808736
4808880
4809024
4809168
4809312
4809456
4809600
4809744
4809888
4810032
4810176
4810320
4810464
4810608
4810752
4810896
4811040
4811184
4811328
4811472
4811616
4811760
4811904
4812048
4812192
4812336
4812480
4812624
4812768
4812912
4813056
4813200
4813344
4813488
4813632
4813776
4813920
4814064
4814208
4814352
4814496
4814640
4814784
4814928
4815072
4815216
4815360
4815504
4815648
4815792
4815936
4816080
4816224
4816368
4816512
4816656
4816800
4816944
4817088
4817232
4817376
4817520
4817664
4817808
4817952
4818096
4818240
4818384
4818528
4818672
4818816
4818960
4819104
4819248
4819392
4819536
4819680
4819824
4819968
4820112
4820256
4820400
4820544
4820688
4820832
4820976
4821120
4821264
4821408
4821552
4821696
4821840
4821984
4822128
4822272
4822416
4822560
4822704
4822848
4822992
4823136
4823280
4823424
4823568
4823712
4823856
4824000
4824144
4824288
4824432
4824576
4824720
4824864
4825008
4825152
4825296
4825440
4825584
4825728
4825872
4826016
4826160
4826304
4826448
4826592
4826736
4826880
4827024
4827168
4827312
4827456
4827600
4827744
4827888
4828032
4828176
4828320
4828464
4828608
4828752
4828896
4829040
4829184
4829328
4829472
4829616
4829760
4829904
4830048
4830192
4830336
4830480
4830624
4830768
4830912
4831056
4831200
4831344
4831488
4831632
4831776
4831920
4832064
4832208
4832352
4832496
4832640
4832784
4832928
4833072
4833216
4833360
4833504
4833648
4833792
4833936
4834080
4834224
4834368
4834512
4834656
4834800
4834944
4835088
4835232
4835376
4835520
4835664
4835808
4835952
4836096
4836240
4836384
4836528
4836672
4836816
4836960
4837104
4837248
4837392
4837536
4837680
4837824
4837968
4838112
4838256
4838400
4838544
4838688
4838832
4838976
4839120
4839264
4839408
4839552
4839696
4839840
4839984
4840128
4840272
4840416
4840560
4840704
4840848
4840992
4841136
4841280
4841424
4841568
4841712
4841856
4842000
4842144
4842288
4842432
4842576
4842720
4842864
4843008
4843152
4843296
4843440
4843584
4843728
4843872
4844016
4844160
4844304
4844448
4844592
4844736
4844880
4845024
4845168
4845312
4845456
4845600
4845744
4845888
4846032
4846176
4846320
4846464
4846608
4846752
4846896
4847040
4847184
4847328
4847472
4847616
4847760
4847904
4848048
4848192
4848336
4848480
4848624
4848768
4848912
4849056
4849200
4849344
4849488
4849632
4849776
4849920
4850064
4850208
4850352
4850496
4850640
4850784
4850928
4851072
4851216
4851360
4851504
4851648
4851792
4851936
4852080
4852224
4852368
4852512
4852656
4852800
4852944
4853088
4853232
4853376
4853520
4853664
4853808
4853952
4854096
4854240
4854384
4854528
4854672
4854816
4854960
4855104
4855248
4855392
4855536
4855680
4855824
4855968
4856112
4856256
4856400
4856544
4856688
4856832
4856976
4857120
4857264
4857408
4857552
4857696
4857840
4857984
4858128
4858272
4858416
4858560
4858704
4858848
4858992
4859136
4859280
4859424
4859568
4859712
4859856
4860000
4860144
4860288
4860432
4860576
4860720
4860864
4861008
4861152
4861296
4861440
4861584
4861728
4861872
4862016
4862160
4862304
4862448
4862592
4862736
4862880
4863024
4863168
4863312
4863456
4863600
4863744
4863888
4864032
4864176
4864320
4864464
4864608
4864752
4864896
4865040
4865184
4865328
4865472
4865616
4865760
4865904
4866048
4866192
4866336
4866480
4866624
4866768
4866912
4867056
4867200
4867344
4867488
4867632
4867776
4867920
4868064
4868208
4868352
4868496
4868640
4868784
4868928
4869072
4869216
4869360
4869504
4869648
4869792
4869936
4870080
4870224
4870368
4870512
4870656
4870800
4870944
4871088
4871232
4871376
4871520
4871664
4871808
4871952
4872096
4872240
4872384
4872528
4872672
4872816
4872960
4873104
4873248
4873392
4873536
4873680
4873824
4873968
4874112
4874256
4874400
4874544
4874688
4874832
4874976
4875120
4875264
4875408
4875552
4875696
4875840
4875984
4876128
4876272
4876416
4876560
4876704
4876848
4876992
4877136
4877280
4877424
4877568
4877712
4877856
4878000
4878144
4878288
4878432
4878576
4878720
4878864
4879008
4879152
4879296
4879440
4879584
4879728
4879872
4880016
4880160
4880304
4880448
4880592
4880736
4880880
4881024
4881168
4881312
4881456
4881600
4881744
4881888
4882032
4882176
4882320
4882464
4882608
4882752
4882896
4883040
4883184
4883328
4883472
4883616
4883760
4883904
4884048
4884192
4884336
4884480
4884624
4884768
4884912
4885056
4885200
4885344
4885488
4885632
4885776
4885920
4886064
4886208
4886352
4886496
4886640
4886784
4886928
4887072
4887216
4887360
4887504
4887648
4887792
4887936
4888080
4888224
4888368
4888512
4888656
4888800
4888944
4889088
4889232
4889376
4889520
4889664
4889808
4889952
4890096
4890240
4890384
4890528
4890672
4890816
4890960
4891104
4891248
4891392
4891536
4891680
4891824
4891968
4892112
4892256
4892400
4892544
4892688
4892832
4892976
4893120
4893264
4893408
4893552
4893696
4893840
4893984
4894128
4894272
4894416
4894560
4894704
4894848
4894992
4895136
4895280
4895424
4895568
4895712
4895856
4896000
4896144
4896288
4896432
4896576
4896720
4896864
4897008
4897152
4897296
4897440
4897584
4897728
4897872
4898016
4898160
4898304
4898448
4898592
4898736
4898880
4899024
4899168
4899312
4899456
4899600
4899744
4899888
4900032
4900176
4900320
4900464
4900608
4900752
4900896
4901040
4901184
4901328
4901472
4901616
4901760
4901904
4902048
4902192
4902336
4902480
4902624
4902768
4902912
4903056
4903200
4903344
4903488
4903632
4903776
4903920
4904064
4904208
4904352
4904496
4904640
4904784
4904928
4905072
4905216
4905360
4905504
4905648
4905792
4905936
4906080
4906224
4906368
4906512
4906656
4906800
4906944
4907088
4907232
4907376
4907520
4907664
4907808
4907952
4908096
4908240
4908384
4908528
4908672
4908816
4908960
4909104
4909248
4909392
4909536
4909680
4909824
4909968
4910112
4910256
4910400
4910544
4910688
4910832
4910976
4911120
4911264
4911408
4911552
4911696
4911840
4911984
4912128
4912272
4912416
4912560
4912704
4912848
4912992
4913136
4913280
4913424
4913568
4913712
4913856
4914000
4914144
4914288
4914432
4914576
4914720
4914864
4915008
4915152
4915296
4915440
4915584
4915728
4915872
4916016
4916160
4916304
4916448
4916592
4916736
4916880
4917024
4917168
4917312
4917456
4917600
4917744
4917888
4918032
4918176
4918320
4918464
4918608
4918752
4918896
4919040
4919184
4919328
4919472
4919616
4919760
4919904
4920048
4920192
4920336
4920480
4920624
4920768
4920912
4921056
4921200
4921344
4921488
4921632
4921776
4921920
4922064
4922208
4922352
4922496
4922640
4922784
4922928
4923072
4923216
4923360
4923504
4923648
4923792
4923936
4924080
4924224
4924368
4924512
4924656
4924800
4924944
4925088
4925232
4925376
4925520
4925664
4925808
4925952
4926096
4926240
4926384
4926528
4926672
4926816
4926960
4927104
4927248
4927392
4927536
4927680
4927824
4927968
4928112
4928256
4928400
4928544
4928688
4928832
4928976
4929120
4929264
4929408
4929552
4929696
4929840
4929984
4930128
4930272
4930416
4930560
4930704
4930848
4930992
4931136
4931280
4931424
4931568
4931712
4931856
4932000
4932144
4932288
4932432
4932576
4932720
4932864
4933008
4933152
4933296
4933440
4933584
4933728
4933872
4934016
4934160
4934304
4934448
4934592
4934736
4934880
4935024
4935168
4935312
4935456
4935600
4935744
4935888
4936032
4936176
4936320
4936464
4936608
4936752
4936896
4937040
4937184
4937328
4937472
4937616
4937760
4937904
4938048
4938192
4938336
4938480
4938624
4938768
4938912
4939056
4939200
4939344
4939488
4939632
4939776
4939920
4940064
4940208
4940352
4940496
4940640
4940784
4940928
4941072
4941216
4941360
4941504
4941648
4941792
4941936
4942080
4942224
4942368
4942512
4942656
4942800
4942944
4943088
4943232
4943376
4943520
4943664
4943808
4943952
4944096
4944240
4944384
4944528
4944672
4944816
4944960
4945104
4945248
4945392
4945536
4945680
4945824
4945968
4946112
4946256
4946400
4946544
4946688
4946832
4946976
4947120
4947264
4947408
4947552
4947696
4947840
4947984
4948128
4948272
4948416
4948560
4948704
4948848
4948992
4949136
4949280
4949424
4949568
4949712
4949856
4950000
4950144
4950288
4950432
4950576
4950720
4950864
4951008
4951152
4951296
4951440
4951584
4951728
4951872
4952016
4952160
4952304
4952448
4952592
4952736
4952880
4953024
4953168
4953312
4953456
4953600
4953744
4953888
4954032
4954176
4954320
4954464
4954608
4954752
4954896
4955040
4955184
4955328
4955472
4955616
4955760
4955904
4956048
4956192
4956336
4956480
4956624
4956768
4956912
4957056
4957200
4957344
4957488
4957632
4957776
4957920
4958064
4958208
4958352
4958496
4958640
4958784
4958928
4959072
4959216
4959360
4959504
4959648
4959792
4959936
4960080
4960224
4960368
4960512
4960656
4960800
4960944
4961088
4961232
4961376
4961520
4961664
4961808
4961952
4962096
4962240
4962384
4962528
4962672
4962816
4962960
4963104
4963248
4963392
4963536
4963680
4963824
4963968
4964112
4964256
4964400
4964544
4964688
4964832
4964976
4965120
4965264
4965408
4965552
4965696
4965840
4965984
4966128
4966272
4966416
4966560
4966704
4966848
4966992
4967136
4967280
4967424
4967568
4967712
4967856
4968000
4968144
4968288
4968432
4968576
4968720
4968864
4969008
4969152
4969296
4969440
4969584
4969728
4969872
4970016
4970160
4970304
4970448
4970592
4970736
4970880
4971024
4971168
4971312
4971456
4971600
4971744
4971888
4972032
4972176
4972320
4972464
4972608
4972752
4972896
4973040
4973184
4973328
4973472
4973616
4973760
4973904
4974048
4974192
4974336
4974480
4974624
4974768
4974912
4975056
4975200
4975344
4975488
4975632
4975776
4975920
4976064
4976208
4976352
4976496
4976640
4976784
4976928
4977072
4977216
4977360
4977504
4977648
4977792
4977936
4978080
4978224
4978368
4978512
4978656
4978800
4978944
4979088
4979232
4979376
4979520
4979664
4979808
4979952
4980096
4980240
4980384
4980528
4980672
4980816
4980960
4981104
4981248
4981392
4981536
4981680
4981824
4981968
4982112
4982256
4982400
4982544
4982688
4982832
4982976
4983120
4983264
4983408
4983552
4983696
4983840
4983984
4984128
4984272
4984416
4984560
4984704
4984848
4984992
4985136
4985280
4985424
4985568
4985712
4985856
4986000
4986144
4986288
4986432
4986576
4986720
4986864
4987008
4987152
4987296
4987440
4987584
4987728
4987872
4988016
4988160
4988304
4988448
4988592
4988736
4988880
4989024
4989168
4989312
4989456
4989600
4989744
4989888
4990032
4990176
4990320
4990464
4990608
4990752
4990896
4991040
4991184
4991328
4991472
4991616
4991760
4991904
4992048
4992192
4992336
4992480
4992624
4992768
4992912
4993056
4993200
4993344
4993488
4993632
4993776
4993920
4994064
4994208
4994352
4994496
4994640
4994784
4994928
4995072
4995216
4995360
4995504
4995648
4995792
4995936
4996080
4996224
4996368
4996512
4996656
4996800
4996944
4997088
4997232
4997376
4997520
4997664
4997808
4997952
4998096
4998240
4998384
4998528
4998672
4998816
4998960
4999104
4999248
4999392
4999536
4999680
4999824
4999968
5000112
5000256
5000400
5000544
5000688
5000832
5000976
5001120
5001264
5001408
5001552
5001696
5001840
5001984
5002128
5002272
5002416
5002560
5002704
5002848
5002992
5003136
5003280
5003424
5003568
5003712
5003856
5004000
5004144
5004288
5004432
5004576
5004720
5004864
5005008
5005152
5005296
5005440
5005584
5005728
5005872
5006016
5006160
5006304
5006448
5006592
5006736
5006880
5007024
5007168
5007312
5007456
5007600
5007744
5007888
5008032
5008176
5008320
5008464
5008608
5008752
5008896
5009040
5009184
5009328
5009472
5009616
5009760
5009904
5010048
5010192
5010336
5010480
5010624
5010768
5010912
5011056
5011200
5011344
5011488
5011632
5011776
5011920
5012064
5012208
5012352
5012496
5012640
5012784
5012928
5013072
5013216
5013360
5013504
5013648
5013792
5013936
5014080
5014224
5014368
5014512
5014656
5014800
5014944
5015088
5015232
5015376
5015520
5015664
5015808
5015952
5016096
5016240
5016384
5016528
5016672
5016816
5016960
5017104
5017248
5017392
5017536
5017680
5017824
5017968
5018112
5018256
5018400
5018544
5018688
5018832
5018976
5019120
5019264
5019408
5019552
5019696
5019840
5019984
5020128
5020272
5020416
5020560
5020704
5020848
5020992
5021136
5021280
5021424
5021568
5021712
5021856
5022000
5022144
5022288
5022432
5022576
5022720
5022864
5023008
5023152
5023296
5023440
5023584
5023728
5023872
5024016
5024160
5024304
5024448
5024592
5024736
5024880
5025024
5025168
5025312
5025456
5025600
5025744
5025888
5026032
5026176
5026320
5026464
5026608
5026752
5026896
5027040
5027184
5027328
5027472
5027616
5027760
5027904
5028048
5028192
5028336
5028480
5028624
5028768
5028912
5029056
5029200
5029344
5029488
5029632
5029776
5029920
5030064
5030208
5030352
5030496
5030640
5030784
5030928
5031072
5031216
5031360
5031504
5031648
5031792
5031936
5032080
5032224
5032368
5032512
5032656
5032800
5032944
5033088
5033232
5033376
5033520
5033664
5033808
5033952
5034096
5034240
5034384
5034528
5034672
5034816
5034960
5035104
5035248
5035392
5035536
5035680
5035824
5035968
5036112
5036256
5036400
5036544
5036688
5036832
5036976
5037120
5037264
5037408
5037552
5037696
5037840
5037984
5038128
5038272
5038416
5038560
5038704
5038848
5038992
5039136
5039280
5039424
5039568
5039712
5039856
5040000
5040144
5040288
5040432
5040576
5040720
5040864
5041008
5041152
5041296
5041440
5041584
5041728
5041872
5042016
5042160
5042304
5042448
5042592
5042736
5042880
5043024
5043168
5043312
5043456
5043600
5043744
5043888
5044032
5044176
5044320
5044464
5044608
5044752
5044896
5045040
5045184
5045328
5045472
5045616
5045760
5045904
5046048
5046192
5046336
5046480
5046624
5046768
5046912
5047056
5047200
5047344
5047488
5047632
5047776
5047920
5048064
5048208
5048352
5048496
5048640
5048784
5048928
5049072
5049216
5049360
5049504
5049648
5049792
5049936
5050080
5050224
5050368
5050512
5050656
5050800
5050944
5051088
5051232
5051376
5051520
5051664
5051808
5051952
5052096
5052240
5052384
5052528
5052672
5052816
5052960
5053104
5053248
5053392
5053536
5053680
5053824
5053968
5054112
5054256
5054400
5054544
5054688
5054832
5054976
5055120
5055264
5055408
5055552
5055696
5055840
5055984
5056128
5056272
5056416
5056560
5056704
5056848
5056992
5057136
5057280
5057424
5057568
5057712
5057856
5058000
5058144
5058288
5058432
5058576
5058720
5058864
5059008
5059152
5059296
5059440
5059584
5059728
5059872
5060016
5060160
5060304
5060448
5060592
5060736
5060880
5061024
5061168
5061312
5061456
5061600
5061744
5061888
5062032
5062176
5062320
5062464
5062608
5062752
5062896
5063040
5063184
5063328
5063472
5063616
5063760
5063904
5064048
5064192
5064336
5064480
5064624
5064768
5064912
5065056
5065200
5065344
5065488
5065632
5065776
5065920
5066064
5066208
5066352
5066496
5066640
5066784
5066928
5067072
5067216
5067360
5067504
5067648
5067792
5067936
5068080
5068224
5068368
5068512
5068656
5068800
5068944
5069088
5069232
5069376
5069520
5069664
5069808
5069952
5070096
5070240
5070384
5070528
5070672
5070816
5070960
5071104
5071248
5071392
5071536
5071680
5071824
5071968
5072112
5072256
5072400
5072544
5072688
5072832
5072976
5073120
5073264
5073408
5073552
5073696
5073840
5073984
5074128
5074272
5074416
5074560
5074704
5074848
5074992
5075136
5075280
5075424
5075568
5075712
5075856
5076000
5076144
5076288
5076432
5076576
5076720
5076864
5077008
5077152
5077296
5077440
5077584
5077728
5077872
5078016
5078160
5078304
5078448
5078592
5078736
5078880
5079024
5079168
5079312
5079456
5079600
5079744
5079888
5080032
5080176
5080320
5080464
5080608
5080752
5080896
5081040
5081184
5081328
5081472
5081616
5081760
5081904
5082048
5082192
5082336
5082480
5082624
5082768
5082912
5083056
5083200
5083344
5083488
5083632
5083776
5083920
5084064
5084208
5084352
5084496
5084640
5084784
5084928
5085072
5085216
5085360
5085504
5085648
5085792
5085936
5086080
5086224
5086368
5086512
5086656
5086800
5086944
5087088
5087232
5087376
5087520
5087664
5087808
5087952
5088096
5088240
5088384
5088528
5088672
5088816
5088960
5089104
5089248
5089392
5089536
5089680
5089824
5089968
5090112
5090256
5090400
5090544
5090688
5090832
5090976
5091120
5091264
5091408
5091552
5091696
5091840
5091984
5092128
5092272
5092416
5092560
5092704
5092848
5092992
5093136
5093280
5093424
5093568
5093712
5093856
5094000
5094144
5094288
5094432
5094576
5094720
5094864
5095008
5095152
5095296
5095440
5095584
5095728
5095872
5096016
5096160
5096304
5096448
5096592
5096736
5096880
5097024
5097168
5097312
5097456
5097600
5097744
5097888
5098032
5098176
5098320
5098464
5098608
5098752
5098896
5099040
5099184
5099328
5099472
5099616
5099760
5099904
5100048
5100192
5100336
5100480
5100624
5100768
5100912
5101056
5101200
5101344
5101488
5101632
5101776
5101920
5102064
5102208
5102352
5102496
5102640
5102784
5102928
5103072
5103216
5103360
5103504
5103648
5103792
5103936
5104080
5104224
5104368
5104512
5104656
5104800
5104944
5105088
5105232
5105376
5105520
5105664
5105808
5105952
5106096
5106240
5106384
5106528
5106672
5106816
5106960
5107104
5107248
5107392
5107536
5107680
5107824
5107968
5108112
5108256
5108400
5108544
5108688
5108832
5108976
5109120
5109264
5109408
5109552
5109696
5109840
5109984
5110128
5110272
5110416
5110560
5110704
5110848
5110992
5111136
5111280
5111424
5111568
5111712
5111856
5112000
5112144
5112288
5112432
5112576
5112720
5112864
5113008
5113152
5113296
5113440
5113584
5113728
5113872
5114016
5114160
5114304
5114448
5114592
5114736
5114880
5115024
5115168
5115312
5115456
5115600
5115744
5115888
5116032
5116176
5116320
5116464
5116608
5116752
5116896
5117040
5117184
5117328
5117472
5117616
5117760
5117904
5118048
5118192
5118336
5118480
5118624
5118768
5118912
5119056
5119200
5119344
5119488
5119632
5119776
5119920
5120064
5120208
5120352
5120496
5120640
5120784
5120928
5121072
5121216
5121360
5121504
5121648
5121792
5121936
5122080
5122224
5122368
5122512
5122656
5122800
5122944
5123088
5123232
5123376
5123520
5123664
5123808
5123952
5124096
5124240
5124384
5124528
5124672
5124816
5124960
5125104
5125248
5125392
5125536
5125680
5125824
5125968
5126112
5126256
5126400
5126544
5126688
5126832
5126976
5127120
5127264
5127408
5127552
5127696
5127840
5127984
5128128
5128272
5128416
5128560
5128704
5128848
5128992
5129136
5129280
5129424
5129568
5129712
5129856
5130000
5130144
5130288
5130432
5130576
5130720
5130864
5131008
5131152
5131296
5131440
5131584
5131728
5131872
5132016
5132160
5132304
5132448
5132592
5132736
5132880
5133024
5133168
5133312
5133456
5133600
5133744
5133888
5134032
5134176
5134320
5134464
5134608
5134752
5134896
5135040
5135184
5135328
5135472
5135616
5135760
5135904
5136048
5136192
5136336
5136480
5136624
5136768
5136912
5137056
5137200
5137344
5137488
5137632
5137776
5137920
5138064
5138208
5138352
5138496
5138640
5138784
5138928
5139072
5139216
5139360
5139504
5139648
5139792
5139936
5140080
5140224
5140368
5140512
5140656
5140800
5140944
5141088
5141232
5141376
5141520
5141664
5141808
5141952
5142096
5142240
5142384
5142528
5142672
5142816
5142960
5143104
5143248
5143392
5143536
5143680
5143824
5143968
5144112
5144256
5144400
5144544
5144688
5144832
5144976
5145120
5145264
5145408
5145552
5145696
5145840
5145984
5146128
5146272
5146416
5146560
5146704
5146848
5146992
5147136
5147280
5147424
5147568
5147712
5147856
5148000
5148144
5148288
5148432
5148576
5148720
5148864
5149008
5149152
5149296
5149440
5149584
5149728
5149872
5150016
5150160
5150304
5150448
5150592
5150736
5150880
5151024
5151168
5151312
5151456
5151600
5151744
5151888
5152032
5152176
5152320
5152464
5152608
5152752
5152896
5153040
5153184
5153328
5153472
5153616
5153760
5153904
5154048
5154192
5154336
5154480
5154624
5154768
5154912
5155056
5155200
5155344
5155488
5155632
5155776
5155920
5156064
5156208
5156352
5156496
5156640
5156784
5156928
5157072
5157216
5157360
5157504
5157648
5157792
5157936
5158080
5158224
5158368
5158512
5158656
5158800
5158944
5159088
5159232
5159376
5159520
5159664
5159808
5159952
5160096
5160240
5160384
5160528
5160672
5160816
5160960
5161104
5161248
5161392
5161536
5161680
5161824
5161968
5162112
5162256
5162400
5162544
5162688
5162832
5162976
5163120
5163264
5163408
5163552
5163696
5163840
5163984
5164128
5164272
5164416
5164560
5164704
5164848
5164992
5165136
5165280
5165424
5165568
5165712
5165856
5166000
5166144
5166288
5166432
5166576
5166720
5166864
5167008
5167152
5167296
5167440
5167584
5167728
5167872
5168016
5168160
5168304
5168448
5168592
5168736
5168880
5169024
5169168
5169312
5169456
5169600
5169744
5169888
5170032
5170176
5170320
5170464
5170608
5170752
5170896
5171040
5171184
5171328
5171472
5171616
5171760
5171904
5172048
5172192
5172336
5172480
5172624
5172768
5172912
5173056
5173200
5173344
5173488
5173632
5173776
5173920
5174064
5174208
5174352
5174496
5174640
5174784
5174928
5175072
5175216
5175360
5175504
5175648
5175792
5175936
5176080
5176224
5176368
5176512
5176656
5176800
5176944
5177088
5177232
5177376
5177520
5177664
5177808
5177952
5178096
5178240
5178384
5178528
5178672
5178816
5178960
5179104
5179248
5179392
5179536
5179680
5179824
5179968
5180112
5180256
5180400
5180544
5180688
5180832
5180976
5181120
5181264
5181408
5181552
5181696
5181840
5181984
5182128
5182272
5182416
5182560
5182704
5182848
5182992
5183136
5183280
5183424
5183568
5183712
5183856
5184000
5184144
5184288
5184432
5184576
5184720
5184864
5185008
5185152
5185296
5185440
5185584
5185728
5185872
5186016
5186160
5186304
5186448
5186592
5186736
5186880
5187024
5187168
5187312
5187456
5187600
5187744
5187888
5188032
5188176
5188320
5188464
5188608
5188752
5188896
5189040
5189184
5189328
5189472
5189616
5189760
5189904
5190048
5190192
5190336
5190480
5190624
5190768
5190912
5191056
5191200
5191344
5191488
5191632
5191776
5191920
5192064
5192208
5192352
5192496
5192640
5192784
5192928
5193072
5193216
5193360
5193504
5193648
5193792
5193936
5194080
5194224
5194368
5194512
5194656
5194800
5194944
5195088
5195232
5195376
5195520
5195664
5195808
5195952
5196096
5196240
5196384
5196528
5196672
5196816
5196960
5197104
5197248
5197392
5197536
5197680
5197824
5197968
5198112
5198256
5198400
5198544
5198688
5198832
5198976
5199120
5199264
5199408
5199552
5199696
5199840
5199984
5200128
5200272
5200416
5200560
5200704
5200848
5200992
5201136
5201280
5201424
5201568
5201712
5201856
5202000
5202144
5202288
5202432
5202576
5202720
5202864
5203008
5203152
5203296
5203440
5203584
5203728
5203872
5204016
5204160
5204304
5204448
5204592
5204736
5204880
5205024
5205168
5205312
5205456
5205600
5205744
5205888
5206032
5206176
5206320
5206464
5206608
5206752
5206896
5207040
5207184
5207328
5207472
5207616
5207760
5207904
5208048
5208192
5208336
5208480
5208624
5208768
5208912
5209056
5209200
5209344
5209488
5209632
5209776
5209920
5210064
5210208
5210352
5210496
5210640
5210784
5210928
5211072
5211216
5211360
5211504
5211648
5211792
5211936
5212080
5212224
5212368
5212512
5212656
5212800
5212944
5213088
5213232
5213376
5213520
5213664
5213808
5213952
5214096
5214240
5214384
5214528
5214672
5214816
5214960
5215104
5215248
5215392
5215536
5215680
5215824
5215968
5216112
5216256
5216400
5216544
5216688
5216832
5216976
5217120
5217264
5217408
5217552
5217696
5217840
5217984
5218128
5218272
5218416
5218560
5218704
5218848
5218992
5219136
5219280
5219424
5219568
5219712
5219856
5220000
5220144
5220288
5220432
5220576
5220720
5220864
5221008
5221152
5221296
5221440
5221584
5221728
5221872
5222016
5222160
5222304
5222448
5222592
5222736
5222880
5223024
5223168
5223312
5223456
5223600
5223744
5223888
5224032
5224176
5224320
5224464
5224608
5224752
5224896
5225040
5225184
5225328
5225472
5225616
5225760
5225904
5226048
5226192
5226336
5226480
5226624
5226768
5226912
5227056
5227200
5227344
5227488
5227632
5227776
5227920
5228064
5228208
5228352
5228496
5228640
5228784
5228928
5229072
5229216
5229360
5229504
5229648
5229792
5229936
5230080
5230224
5230368
5230512
5230656
5230800
5230944
5231088
5231232
5231376
5231520
5231664
5231808
5231952
5232096
5232240
5232384
5232528
5232672
5232816
5232960
5233104
5233248
5233392
5233536
5233680
5233824
5233968
5234112
5234256
5234400
5234544
5234688
5234832
5234976
5235120
5235264
5235408
5235552
5235696
5235840
5235984
5236128
5236272
5236416
5236560
5236704
5236848
5236992
5237136
5237280
5237424
5237568
5237712
5237856
5238000
5238144
5238288
5238432
5238576
5238720
5238864
5239008
5239152
5239296
5239440
5239584
5239728
5239872
5240016
5240160
5240304
5240448
5240592
5240736
5240880
5241024
5241168
5241312
5241456
5241600
5241744
5241888
5242032
5242176
5242320
5242464
5242608
5242752
5242896
5243040
5243184
5243328
5243472
5243616
5243760
5243904
5244048
5244192
5244336
5244480
5244624
5244768
5244912
5245056
5245200
5245344
5245488
5245632
5245776
5245920
5246064
5246208
5246352
5246496
5246640
5246784
5246928
5247072
5247216
5247360
5247504
5247648
5247792
5247936
5248080
5248224
5248368
5248512
5248656
5248800
5248944
5249088
5249232
5249376
5249520
5249664
5249808
5249952
5250096
5250240
5250384
5250528
5250672
5250816
5250960
5251104
5251248
5251392
5251536
5251680
5251824
5251968
5252112
5252256
5252400
5252544
5252688
5252832
5252976
5253120
5253264
5253408
5253552
5253696
5253840
5253984
5254128
5254272
5254416
5254560
5254704
5254848
5254992
5255136
5255280
5255424
5255568
5255712
5255856
5256000
5256144
5256288
5256432
5256576
5256720
5256864
5257008
5257152
5257296
5257440
5257584
5257728
5257872
5258016
5258160
5258304
5258448
5258592
5258736
5258880
5259024
5259168
5259312
5259456
5259600
5259744
5259888
5260032
5260176
5260320
5260464
5260608
5260752
5260896
5261040
5261184
5261328
5261472
5261616
5261760
5261904
5262048
5262192
5262336
5262480
5262624
5262768
5262912
5263056
5263200
5263344
5263488
5263632
5263776
5263920
5264064
5264208
5264352
5264496
5264640
5264784
5264928
5265072
5265216
5265360
5265504
5265648
5265792
5265936
5266080
5266224
5266368
5266512
5266656
5266800
5266944
5267088
5267232
5267376
5267520
5267664
5267808
5267952
5268096
5268240
5268384
5268528
5268672
5268816
5268960
5269104
5269248
5269392
5269536
5269680
5269824
5269968
5270112
5270256
5270400
5270544
5270688
5270832
5270976
5271120
5271264
5271408
5271552
5271696
5271840
5271984
5272128
5272272
5272416
5272560
5272704
5272848
5272992
5273136
5273280
5273424
5273568
5273712
5273856
5274000
5274144
5274288
5274432
5274576
5274720
5274864
5275008
5275152
5275296
5275440
5275584
5275728
5275872
5276016
5276160
5276304
5276448
5276592
5276736
5276880
5277024
5277168
5277312
5277456
5277600
5277744
5277888
5278032
5278176
5278320
5278464
5278608
5278752
5278896
5279040
5279184
5279328
5279472
5279616
5279760
5279904
5280048
5280192
5280336
5280480
5280624
5280768
5280912
5281056
5281200
5281344
5281488
5281632
5281776
5281920
5282064
5282208
5282352
5282496
5282640
5282784
5282928
5283072
5283216
5283360
5283504
5283648
5283792
5283936
5284080
5284224
5284368
5284512
5284656
5284800
5284944
5285088
5285232
5285376
5285520
5285664
5285808
5285952
5286096
5286240
5286384
5286528
5286672
5286816
5286960
5287104
5287248
5287392
5287536
5287680
5287824
5287968
5288112
5288256
5288400
5288544
5288688
5288832
5288976
5289120
5289264
5289408
5289552
5289696
5289840
5289984
5290128
5290272
5290416
5290560
5290704
5290848
5290992
5291136
5291280
5291424
5291568
5291712
5291856
5292000
5292144
5292288
5292432
5292576
5292720
5292864
5293008
5293152
5293296
5293440
5293584
5293728
5293872
5294016
5294160
5294304
5294448
5294592
5294736
5294880
5295024
5295168
5295312
5295456
5295600
5295744
5295888
5296032
5296176
5296320
5296464
5296608
5296752
5296896
5297040
5297184
5297328
5297472
5297616
5297760
5297904
5298048
5298192
5298336
5298480
5298624
5298768
5298912
5299056
5299200
5299344
5299488
5299632
5299776
5299920
5300064
5300208
5300352
5300496
5300640
5300784
5300928
5301072
5301216
5301360
5301504
5301648
5301792
5301936
5302080
5302224
5302368
5302512
5302656
5302800
5302944
5303088
5303232
5303376
5303520
5303664
5303808
5303952
5304096
5304240
5304384
5304528
5304672
5304816
5304960
5305104
5305248
5305392
5305536
5305680
5305824
5305968
5306112
5306256
5306400
5306544
5306688
5306832
5306976
5307120
5307264
5307408
5307552
5307696
5307840
5307984
5308128
5308272
5308416
5308560
5308704
5308848
5308992
5309136
5309280
5309424
5309568
5309712
5309856
5310000
5310144
5310288
5310432
5310576
5310720
5310864
5311008
5311152
5311296
5311440
5311584
5311728
5311872
5312016
5312160
5312304
5312448
5312592
5312736
5312880
5313024
5313168
5313312
5313456
5313600
5313744
5313888
5314032
5314176
5314320
5314464
5314608
5314752
5314896
5315040
5315184
5315328
5315472
5315616
5315760
5315904
5316048
5316192
5316336
5316480
5316624
5316768
5316912
5317056
5317200
5317344
5317488
5317632
5317776
5317920
5318064
5318208
5318352
5318496
5318640
5318784
5318928
5319072
5319216
5319360
5319504
5319648
5319792
5319936
5320080
5320224
5320368
5320512
5320656
5320800
5320944
5321088
5321232
5321376
5321520
5321664
5321808
5321952
5322096
5322240
5322384
5322528
5322672
5322816
5322960
5323104
5323248
5323392
5323536
5323680
5323824
5323968
5324112
5324256
5324400
5324544
5324688
5324832
5324976
5325120
5325264
5325408
5325552
5325696
5325840
5325984
5326128
5326272
5326416
5326560
5326704
5326848
5326992
5327136
5327280
5327424
5327568
5327712
5327856
5328000
5328144
5328288
5328432
5328576
5328720
5328864
5329008
5329152
5329296
5329440
5329584
5329728
5329872
5330016
5330160
5330304
5330448
5330592
5330736
5330880
5331024
5331168
5331312
5331456
5331600
5331744
5331888
5332032
5332176
5332320
5332464
5332608
5332752
5332896
5333040
5333184
5333328
5333472
5333616
5333760
5333904
5334048
5334192
5334336
5334480
5334624
5334768
5334912
5335056
5335200
5335344
5335488
5335632
5335776
5335920
5336064
5336208
5336352
5336496
5336640
5336784
5336928
5337072
5337216
5337360
5337504
5337648
5337792
5337936
5338080
5338224
5338368
5338512
5338656
5338800
5338944
5339088
5339232
5339376
5339520
5339664
5339808
5339952
5340096
5340240
5340384
5340528
5340672
5340816
5340960
5341104
5341248
5341392
5341536
5341680
5341824
5341968
5342112
5342256
5342400
5342544
5342688
5342832
5342976
5343120
5343264
5343408
5343552
5343696
5343840
5343984
5344128
5344272
5344416
5344560
5344704
5344848
5344992
5345136
5345280
5345424
5345568
5345712
5345856
5346000
5346144
5346288
5346432
5346576
5346720
5346864
5347008
5347152
5347296
5347440
5347584
5347728
5347872
5348016
5348160
5348304
5348448
5348592
5348736
5348880
5349024
5349168
5349312
5349456
5349600
5349744
5349888
5350032
5350176
5350320
5350464
5350608
5350752
5350896
5351040
5351184
5351328
5351472
5351616
5351760
5351904
5352048
5352192
5352336
5352480
5352624
5352768
5352912
5353056
5353200
5353344
5353488
5353632
5353776
5353920
5354064
5354208
5354352
5354496
5354640
5354784
5354928
5355072
5355216
5355360
5355504
5355648
5355792
5355936
5356080
5356224
5356368
5356512
5356656
5356800
5356944
5357088
5357232
5357376
5357520
5357664
5357808
5357952
5358096
5358240
5358384
5358528
5358672
5358816
5358960
5359104
5359248
5359392
5359536
5359680
5359824
5359968
5360112
5360256
5360400
5360544
5360688
5360832
5360976
5361120
5361264
5361408
5361552
5361696
5361840
5361984
5362128
5362272
5362416
5362560
5362704
5362848
5362992
5363136
5363280
5363424
5363568
5363712
5363856
5364000
5364144
5364288
5364432
5364576
5364720
5364864
5365008
5365152
5365296
5365440
5365584
5365728
5365872
5366016
5366160
5366304
5366448
5366592
5366736
5366880
5367024
5367168
5367312
5367456
5367600
5367744
5367888
5368032
5368176
5368320
5368464
5368608
5368752
5368896
5369040
5369184
5369328
5369472
5369616
5369760
5369904
5370048
5370192
5370336
5370480
5370624
5370768
5370912
5371056
5371200
5371344
5371488
5371632
5371776
5371920
5372064
5372208
5372352
5372496
5372640
5372784
5372928
5373072
5373216
5373360
5373504
5373648
5373792
5373936
5374080
5374224
5374368
5374512
5374656
5374800
5374944
5375088
5375232
5375376
5375520
5375664
5375808
5375952
5376096
5376240
5376384
5376528
5376672
5376816
5376960
5377104
5377248
5377392
5377536
5377680
5377824
5377968
5378112
5378256
5378400
5378544
5378688
5378832
5378976
5379120
5379264
5379408
5379552
5379696
5379840
5379984
5380128
5380272
5380416
5380560
5380704
5380848
5380992
5381136
5381280
5381424
5381568
5381712
5381856
5382000
5382144
5382288
5382432
5382576
5382720
5382864
5383008
5383152
5383296
5383440
5383584
5383728
5383872
5384016
5384160
5384304
5384448
5384592
5384736
5384880
5385024
5385168
5385312
5385456
5385600
5385744
5385888
5386032
5386176
5386320
5386464
5386608
5386752
5386896
5387040
5387184
5387328
5387472
5387616
5387760
5387904
5388048
5388192
5388336
5388480
5388624
5388768
5388912
5389056
5389200
5389344
5389488
5389632
5389776
5389920
5390064
5390208
5390352
5390496
5390640
5390784
5390928
5391072
5391216
5391360
5391504
5391648
5391792
5391936
5392080
5392224
5392368
5392512
5392656
5392800
5392944
5393088
5393232
5393376
5393520
5393664
5393808
5393952
5394096
5394240
5394384
5394528
5394672
5394816
5394960
5395104
5395248
5395392
5395536
5395680
5395824
5395968
5396112
5396256
5396400
5396544
5396688
5396832
5396976
5397120
5397264
5397408
5397552
5397696
5397840
5397984
5398128
5398272
5398416
5398560
5398704
5398848
5398992
5399136
5399280
5399424
5399568
5399712
5399856
5400000
5400144
5400288
5400432
5400576
5400720
5400864
5401008
5401152
5401296
5401440
5401584
5401728
5401872
5402016
5402160
5402304
5402448
5402592
5402736
5402880
5403024
5403168
5403312
5403456
5403600
5403744
5403888
5404032
5404176
5404320
5404464
5404608
5404752
5404896
5405040
5405184
5405328
5405472
5405616
5405760
5405904
5406048
5406192
5406336
5406480
5406624
5406768
5406912
5407056
5407200
5407344
5407488
5407632
5407776
5407920
5408064
5408208
5408352
5408496
5408640
5408784
5408928
5409072
5409216
5409360
5409504
5409648
5409792
5409936
5410080
5410224
5410368
5410512
5410656
5410800
5410944
5411088
5411232
5411376
5411520
5411664
5411808
5411952
5412096
5412240
5412384
5412528
5412672
5412816
5412960
5413104
5413248
5413392
5413536
5413680
5413824
5413968
5414112
5414256
5414400
5414544
5414688
5414832
5414976
5415120
5415264
5415408
5415552
5415696
5415840
5415984
5416128
5416272
5416416
5416560
5416704
5416848
5416992
5417136
5417280
5417424
5417568
5417712
5417856
5418000
5418144
5418288
5418432
5418576
5418720
5418864
5419008
5419152
5419296
5419440
5419584
5419728
5419872
5420016
5420160
5420304
5420448
5420592
5420736
5420880
5421024
5421168
5421312
5421456
5421600
5421744
5421888
5422032
5422176
5422320
5422464
5422608
5422752
5422896
5423040
5423184
5423328
5423472
5423616
5423760
5423904
5424048
5424192
5424336
5424480
5424624
5424768
5424912
5425056
5425200
5425344
5425488
5425632
5425776
5425920
5426064
5426208
5426352
5426496
5426640
5426784
5426928
5427072
5427216
5427360
5427504
5427648
5427792
5427936
5428080
5428224
5428368
5428512
5428656
5428800
5428944
5429088
5429232
5429376
5429520
5429664
5429808
5429952
5430096
5430240
5430384
5430528
5430672
5430816
5430960
5431104
5431248
5431392
5431536
5431680
5431824
5431968
5432112
5432256
5432400
5432544
5432688
5432832
5432976
5433120
5433264
5433408
5433552
5433696
5433840
5433984
5434128
5434272
5434416
5434560
5434704
5434848
5434992
5435136
5435280
5435424
5435568
5435712
5435856
5436000
5436144
5436288
5436432
5436576
5436720
5436864
5437008
5437152
5437296
5437440
5437584
5437728
5437872
5438016
5438160
5438304
5438448
5438592
5438736
5438880
5439024
5439168
5439312
5439456
5439600
5439744
5439888
5440032
5440176
5440320
5440464
5440608
5440752
5440896
5441040
5441184
5441328
5441472
5441616
5441760
5441904
5442048
5442192
5442336
5442480
5442624
5442768
5442912
5443056
5443200
5443344
5443488
5443632
5443776
5443920
5444064
5444208
5444352
5444496
5444640
5444784
5444928
5445072
5445216
5445360
5445504
5445648
5445792
5445936
5446080
5446224
5446368
5446512
5446656
5446800
5446944
5447088
5447232
5447376
5447520
5447664
5447808
5447952
5448096
5448240
5448384
5448528
5448672
5448816
5448960
5449104
5449248
5449392
5449536
5449680
5449824
5449968
5450112
5450256
5450400
5450544
5450688
5450832
5450976
5451120
5451264
5451408
5451552
5451696
5451840
5451984
5452128
5452272
5452416
5452560
5452704
5452848
5452992
5453136
5453280
5453424
5453568
5453712
5453856
5454000
5454144
5454288
5454432
5454576
5454720
5454864
5455008
5455152
5455296
5455440
5455584
5455728
5455872
5456016
5456160
5456304
5456448
5456592
5456736
5456880
5457024
5457168
5457312
5457456
5457600
5457744
5457888
5458032
5458176
5458320
5458464
5458608
5458752
5458896
5459040
5459184
5459328
5459472
5459616
5459760
5459904
5460048
5460192
5460336
5460480
5460624
5460768
5460912
5461056
5461200
5461344
5461488
5461632
5461776
5461920
5462064
5462208
5462352
5462496
5462640
5462784
5462928
5463072
5463216
5463360
5463504
5463648
5463792
5463936
5464080
5464224
5464368
5464512
5464656
5464800
5464944
5465088
5465232
5465376
5465520
5465664
5465808
5465952
5466096
5466240
5466384
5466528
5466672
5466816
5466960
5467104
5467248
5467392
5467536
5467680
5467824
5467968
5468112
5468256
5468400
5468544
5468688
5468832
5468976
5469120
5469264
5469408
5469552
5469696
5469840
5469984
5470128
5470272
5470416
5470560
5470704
5470848
5470992
5471136
5471280
5471424
5471568
5471712
5471856
5472000
5472144
5472288
5472432
5472576
5472720
5472864
5473008
5473152
5473296
5473440
5473584
5473728
5473872
5474016
5474160
5474304
5474448
5474592
5474736
5474880
5475024
5475168
5475312
5475456
5475600
5475744
5475888
5476032
5476176
5476320
5476464
5476608
5476752
5476896
5477040
5477184
5477328
5477472
5477616
5477760
5477904
5478048
5478192
5478336
5478480
5478624
5478768
5478912
5479056
5479200
5479344
5479488
5479632
5479776
5479920
5480064
5480208
5480352
5480496
5480640
5480784
5480928
5481072
5481216
5481360
5481504
5481648
5481792
5481936
5482080
5482224
5482368
5482512
5482656
5482800
5482944
5483088
5483232
5483376
5483520
5483664
5483808
5483952
5484096
5484240
5484384
5484528
5484672
5484816
5484960
5485104
5485248
5485392
5485536
5485680
5485824
5485968
5486112
5486256
5486400
5486544
5486688
5486832
5486976
5487120
5487264
5487408
5487552
5487696
5487840
5487984
5488128
5488272
5488416
5488560
5488704
5488848
5488992
5489136
5489280
5489424
5489568
5489712
5489856
5490000
5490144
5490288
5490432
5490576
5490720
5490864
5491008
5491152
5491296
5491440
5491584
5491728
5491872
5492016
5492160
5492304
5492448
5492592
5492736
5492880
5493024
5493168
5493312
5493456
5493600
5493744
5493888
5494032
5494176
5494320
5494464
5494608
5494752
5494896
5495040
5495184
5495328
5495472
5495616
5495760
5495904
5496048
5496192
5496336
5496480
5496624
5496768
5496912
5497056
5497200
5497344
5497488
5497632
5497776
5497920
5498064
5498208
5498352
5498496
5498640
5498784
5498928
5499072
5499216
5499360
5499504
5499648
5499792
5499936
5500080
5500224
5500368
5500512
5500656
5500800
5500944
5501088
5501232
5501376
5501520
5501664
5501808
5501952
5502096
5502240
5502384
5502528
5502672
5502816
5502960
5503104
5503248
5503392
5503536
5503680
5503824
5503968
5504112
5504256
5504400
5504544
5504688
5504832
5504976
5505120
5505264
5505408
5505552
5505696
5505840
5505984
5506128
5506272
5506416
5506560
5506704
5506848
5506992
5507136
5507280
5507424
5507568
5507712
5507856
5508000
5508144
5508288
5508432
5508576
5508720
5508864
5509008
5509152
5509296
5509440
5509584
5509728
5509872
5510016
5510160
5510304
5510448
5510592
5510736
5510880
5511024
5511168
5511312
5511456
5511600
5511744
5511888
5512032
5512176
5512320
5512464
5512608
5512752
5512896
5513040
5513184
5513328
5513472
5513616
5513760
5513904
5514048
5514192
5514336
5514480
5514624
5514768
5514912
5515056
5515200
5515344
5515488
5515632
5515776
5515920
5516064
5516208
5516352
5516496
5516640
5516784
5516928
5517072
5517216
5517360
5517504
5517648
5517792
5517936
5518080
5518224
5518368
5518512
5518656
5518800
5518944
5519088
5519232
5519376
5519520
5519664
5519808
5519952
5520096
5520240
5520384
5520528
5520672
5520816
5520960
5521104
5521248
5521392
5521536
5521680
5521824
5521968
5522112
5522256
5522400
5522544
5522688
5522832
5522976
5523120
5523264
5523408
5523552
5523696
5523840
5523984
5524128
5524272
5524416
5524560
5524704
5524848
5524992
5525136
5525280
5525424
5525568
5525712
5525856
5526000
5526144
5526288
5526432
5526576
5526720
5526864
5527008
5527152
5527296
5527440
5527584
5527728
5527872
5528016
5528160
5528304
5528448
5528592
5528736
5528880
5529024
5529168
5529312
5529456
5529600
5529744
5529888
5530032
5530176
5530320
5530464
5530608
5530752
5530896
5531040
5531184
5531328
5531472
5531616
5531760
5531904
5532048
5532192
5532336
5532480
5532624
5532768
5532912
5533056
5533200
5533344
5533488
5533632
5533776
5533920
5534064
5534208
5534352
5534496
5534640
5534784
5534928
5535072
5535216
5535360
5535504
5535648
5535792
5535936
5536080
5536224
5536368
5536512
5536656
5536800
5536944
5537088
5537232
5537376
5537520
5537664
5537808
5537952
5538096
5538240
5538384
5538528
5538672
5538816
5538960
5539104
5539248
5539392
5539536
5539680
5539824
5539968
5540112
5540256
5540400
5540544
5540688
5540832
5540976
5541120
5541264
5541408
5541552
5541696
5541840
5541984
5542128
5542272
5542416
5542560
5542704
5542848
5542992
5543136
5543280
5543424
5543568
5543712
5543856
5544000
5544144
5544288
5544432
5544576
5544720
5544864
5545008
5545152
5545296
5545440
5545584
5545728
5545872
5546016
5546160
5546304
5546448
5546592
5546736
5546880
5547024
5547168
5547312
5547456
5547600
5547744
5547888
5548032
5548176
5548320
5548464
5548608
5548752
5548896
5549040
5549184
5549328
5549472
5549616
5549760
5549904
5550048
5550192
5550336
5550480
5550624
5550768
5550912
5551056
5551200
5551344
5551488
5551632
5551776
5551920
5552064
5552208
5552352
5552496
5552640
5552784
5552928
5553072
5553216
5553360
5553504
5553648
5553792
5553936
5554080
5554224
5554368
5554512
5554656
5554800
5554944
5555088
5555232
5555376
5555520
5555664
5555808
5555952
5556096
5556240
5556384
5556528
5556672
5556816
5556960
5557104
5557248
5557392
5557536
5557680
5557824
5557968
5558112
5558256
5558400
5558544
5558688
5558832
5558976
5559120
5559264
5559408
5559552
5559696
5559840
5559984
5560128
5560272
5560416
5560560
5560704
5560848
5560992
5561136
5561280
5561424
5561568
5561712
5561856
5562000
5562144
5562288
5562432
5562576
5562720
5562864
5563008
5563152
5563296
5563440
5563584
5563728
5563872
5564016
5564160
5564304
5564448
5564592
5564736
5564880
5565024
5565168
5565312
5565456
5565600
5565744
5565888
5566032
5566176
5566320
5566464
5566608
5566752
5566896
5567040
5567184
5567328
5567472
5567616
5567760
5567904
5568048
5568192
5568336
5568480
5568624
5568768
5568912
5569056
5569200
5569344
5569488
5569632
5569776
5569920
5570064
5570208
5570352
5570496
5570640
5570784
5570928
5571072
5571216
5571360
5571504
5571648
5571792
5571936
5572080
5572224
5572368
5572512
5572656
5572800
5572944
5573088
5573232
5573376
5573520
5573664
5573808
5573952
5574096
5574240
5574384
5574528
5574672
5574816
5574960
5575104
5575248
5575392
5575536
5575680
5575824
5575968
5576112
5576256
5576400
5576544
5576688
5576832
5576976
5577120
5577264
5577408
5577552
5577696
5577840
5577984
5578128
5578272
5578416
5578560
5578704
5578848
5578992
5579136
5579280
5579424
5579568
5579712
5579856
5580000
5580144
5580288
5580432
5580576
5580720
5580864
5581008
5581152
5581296
5581440
5581584
5581728
5581872
5582016
5582160
5582304
5582448
5582592
5582736
5582880
5583024
5583168
5583312
5583456
5583600
5583744
5583888
5584032
5584176
5584320
5584464
5584608
5584752
5584896
5585040
5585184
5585328
5585472
5585616
5585760
5585904
5586048
5586192
5586336
5586480
5586624
5586768
5586912
5587056
5587200
5587344
5587488
5587632
5587776
5587920
5588064
5588208
5588352
5588496
5588640
5588784
5588928
5589072
5589216
5589360
5589504
5589648
5589792
5589936
5590080
5590224
5590368
5590512
5590656
5590800
5590944
5591088
5591232
5591376
5591520
5591664
5591808
5591952
5592096
5592240
5592384
5592528
5592672
5592816
5592960
5593104
5593248
5593392
5593536
5593680
5593824
5593968
5594112
5594256
5594400
5594544
5594688
5594832
5594976
5595120
5595264
5595408
5595552
5595696
5595840
5595984
5596128
5596272
5596416
5596560
5596704
5596848
5596992
5597136
5597280
5597424
5597568
5597712
5597856
5598000
5598144
5598288
5598432
5598576
5598720
5598864
5599008
5599152
5599296
5599440
5599584
5599728
5599872
5600016
5600160
5600304
5600448
5600592
5600736
5600880
5601024
5601168
5601312
5601456
5601600
5601744
5601888
5602032
5602176
5602320
5602464
5602608
5602752
5602896
5603040
5603184
5603328
5603472
5603616
5603760
5603904
5604048
5604192
5604336
5604480
5604624
5604768
5604912
5605056
5605200
5605344
5605488
5605632
5605776
5605920
5606064
5606208
5606352
5606496
5606640
5606784
5606928
5607072
5607216
5607360
5607504
5607648
5607792
5607936
5608080
5608224
5608368
5608512
5608656
5608800
5608944
5609088
5609232
5609376
5609520
5609664
5609808
5609952
5610096
5610240
5610384
5610528
5610672
5610816
5610960
5611104
5611248
5611392
5611536
5611680
5611824
5611968
5612112
5612256
5612400
5612544
5612688
5612832
5612976
5613120
5613264
5613408
5613552
5613696
5613840
5613984
5614128
5614272
5614416
5614560
5614704
5614848
5614992
5615136
5615280
5615424
5615568
5615712
5615856
5616000
5616144
5616288
5616432
5616576
5616720
5616864
5617008
5617152
5617296
5617440
5617584
5617728
5617872
5618016
5618160
5618304
5618448
5618592
5618736
5618880
5619024
5619168
5619312
5619456
5619600
5619744
5619888
5620032
5620176
5620320
5620464
5620608
5620752
5620896
5621040
5621184
5621328
5621472
5621616
5621760
5621904
5622048
5622192
5622336
5622480
5622624
5622768
5622912
5623056
5623200
5623344
5623488
5623632
5623776
5623920
5624064
5624208
5624352
5624496
5624640
5624784
5624928
5625072
5625216
5625360
5625504
5625648
5625792
5625936
5626080
5626224
5626368
5626512
5626656
5626800
5626944
5627088
5627232
5627376
5627520
5627664
5627808
5627952
5628096
5628240
5628384
5628528
5628672
5628816
5628960
5629104
5629248
5629392
5629536
5629680
5629824
5629968
5630112
5630256
5630400
5630544
5630688
5630832
5630976
5631120
5631264
5631408
5631552
5631696
5631840
5631984
5632128
5632272
5632416
5632560
5632704
5632848
5632992
5633136
5633280
5633424
5633568
5633712
5633856
5634000
5634144
5634288
5634432
5634576
5634720
5634864
5635008
5635152
5635296
5635440
5635584
5635728
5635872
5636016
5636160
5636304
5636448
5636592
5636736
5636880
5637024
5637168
5637312
5637456
5637600
5637744
5637888
5638032
5638176
5638320
5638464
5638608
5638752
5638896
5639040
5639184
5639328
5639472
5639616
5639760
5639904
5640048
5640192
5640336
5640480
5640624
5640768
5640912
5641056
5641200
5641344
5641488
5641632
5641776
5641920
5642064
5642208
5642352
5642496
5642640
5642784
5642928
5643072
5643216
5643360
5643504
5643648
5643792
5643936
5644080
5644224
5644368
5644512
5644656
5644800
5644944
5645088
5645232
5645376
5645520
5645664
5645808
5645952
5646096
5646240
5646384
5646528
5646672
5646816
5646960
5647104
5647248
5647392
5647536
5647680
5647824
5647968
5648112
5648256
5648400
5648544
5648688
5648832
5648976
5649120
5649264
5649408
5649552
5649696
5649840
5649984
5650128
5650272
5650416
5650560
5650704
5650848
5650992
5651136
5651280
5651424
5651568
5651712
5651856
5652000
5652144
5652288
5652432
5652576
5652720
5652864
5653008
5653152
5653296
5653440
5653584
5653728
5653872
5654016
5654160
5654304
5654448
5654592
5654736
5654880
5655024
5655168
5655312
5655456
5655600
5655744
5655888
5656032
5656176
5656320
5656464
5656608
5656752
5656896
5657040
5657184
5657328
5657472
5657616
5657760
5657904
5658048
5658192
5658336
5658480
5658624
5658768
5658912
5659056
5659200
5659344
5659488
5659632
5659776
5659920
5660064
5660208
5660352
5660496
5660640
5660784
5660928
5661072
5661216
5661360
5661504
5661648
5661792
5661936
5662080
5662224
5662368
5662512
5662656
5662800
5662944
5663088
5663232
5663376
5663520
5663664
5663808
5663952
5664096
5664240
5664384
5664528
5664672
5664816
5664960
5665104
5665248
5665392
5665536
5665680
5665824
5665968
5666112
5666256
5666400
5666544
5666688
5666832
5666976
5667120
5667264
5667408
5667552
5667696
5667840
5667984
5668128
5668272
5668416
5668560
5668704
5668848
5668992
5669136
5669280
5669424
5669568
5669712
5669856
5670000
5670144
5670288
5670432
5670576
5670720
5670864
5671008
5671152
5671296
5671440
5671584
5671728
5671872
5672016
5672160
5672304
5672448
5672592
5672736
5672880
5673024
5673168
5673312
5673456
5673600
5673744
5673888
5674032
5674176
5674320
5674464
5674608
5674752
5674896
5675040
5675184
5675328
5675472
5675616
5675760
5675904
5676048
5676192
5676336
5676480
5676624
5676768
5676912
5677056
5677200
5677344
5677488
5677632
5677776
5677920
5678064
5678208
5678352
5678496
5678640
5678784
5678928
5679072
5679216
5679360
5679504
5679648
5679792
5679936
5680080
5680224
5680368
5680512
5680656
5680800
5680944
5681088
5681232
5681376
5681520
5681664
5681808
5681952
5682096
5682240
5682384
5682528
5682672
5682816
5682960
5683104
5683248
5683392
5683536
5683680
5683824
5683968
5684112
5684256
5684400
5684544
5684688
5684832
5684976
5685120
5685264
5685408
5685552
5685696
5685840
5685984
5686128
5686272
5686416
5686560
5686704
5686848
5686992
5687136
5687280
5687424
5687568
5687712
5687856
5688000
5688144
5688288
5688432
5688576
5688720
5688864
5689008
5689152
5689296
5689440
5689584
5689728
5689872
5690016
5690160
5690304
5690448
5690592
5690736
5690880
5691024
5691168
5691312
5691456
5691600
5691744
5691888
5692032
5692176
5692320
5692464
5692608
5692752
5692896
5693040
5693184
5693328
5693472
5693616
5693760
5693904
5694048
5694192
5694336
5694480
5694624
5694768
5694912
5695056
5695200
5695344
5695488
5695632
5695776
5695920
5696064
5696208
5696352
5696496
5696640
5696784
5696928
5697072
5697216
5697360
5697504
5697648
5697792
5697936
5698080
5698224
5698368
5698512
5698656
5698800
5698944
5699088
5699232
5699376
5699520
5699664
5699808
5699952
5700096
5700240
5700384
5700528
5700672
5700816
5700960
5701104
5701248
5701392
5701536
5701680
5701824
5701968
5702112
5702256
5702400
5702544
5702688
5702832
5702976
5703120
5703264
5703408
5703552
5703696
5703840
5703984
5704128
5704272
5704416
5704560
5704704
5704848
5704992
5705136
5705280
5705424
5705568
5705712
5705856
5706000
5706144
5706288
5706432
5706576
5706720
5706864
5707008
5707152
5707296
5707440
5707584
5707728
5707872
5708016
5708160
5708304
5708448
5708592
5708736
5708880
5709024
5709168
5709312
5709456
5709600
5709744
5709888
5710032
5710176
5710320
5710464
5710608
5710752
5710896
5711040
5711184
5711328
5711472
5711616
5711760
5711904
5712048
5712192
5712336
5712480
5712624
5712768
5712912
5713056
5713200
5713344
5713488
5713632
5713776
5713920
5714064
5714208
5714352
5714496
5714640
5714784
5714928
5715072
5715216
5715360
5715504
5715648
5715792
5715936
5716080
5716224
5716368
5716512
5716656
5716800
5716944
5717088
5717232
5717376
5717520
5717664
5717808
5717952
5718096
5718240
5718384
5718528
5718672
5718816
5718960
5719104
5719248
5719392
5719536
5719680
5719824
5719968
5720112
5720256
5720400
5720544
5720688
5720832
5720976
5721120
5721264
5721408
5721552
5721696
5721840
5721984
5722128
5722272
5722416
5722560
5722704
5722848
5722992
5723136
5723280
5723424
5723568
5723712
5723856
5724000
5724144
5724288
5724432
5724576
5724720
5724864
5725008
5725152
5725296
5725440
5725584
5725728
5725872
5726016
5726160
5726304
5726448
5726592
5726736
5726880
5727024
5727168
5727312
5727456
5727600
5727744
5727888
5728032
5728176
5728320
5728464
5728608
5728752
5728896
5729040
5729184
5729328
5729472
5729616
5729760
5729904
5730048
5730192
5730336
5730480
5730624
5730768
5730912
5731056
5731200
5731344
5731488
5731632
5731776
5731920
5732064
5732208
5732352
5732496
5732640
5732784
5732928
5733072
5733216
5733360
5733504
5733648
5733792
5733936
5734080
5734224
5734368
5734512
5734656
5734800
5734944
5735088
5735232
5735376
5735520
5735664
5735808
5735952
5736096
5736240
5736384
5736528
5736672
5736816
5736960
5737104
5737248
5737392
5737536
5737680
5737824
5737968
5738112
5738256
5738400
5738544
5738688
5738832
5738976
5739120
5739264
5739408
5739552
5739696
5739840
5739984
5740128
5740272
5740416
5740560
5740704
5740848
5740992
5741136
5741280
5741424
5741568
5741712
5741856
5742000
5742144
5742288
5742432
5742576
5742720
5742864
5743008
5743152
5743296
5743440
5743584
5743728
5743872
5744016
5744160
5744304
5744448
5744592
5744736
5744880
5745024
5745168
5745312
5745456
5745600
5745744
5745888
5746032
5746176
5746320
5746464
5746608
5746752
5746896
5747040
5747184
5747328
5747472
5747616
5747760
5747904
5748048
5748192
5748336
5748480
5748624
5748768
5748912
5749056
5749200
5749344
5749488
5749632
5749776
5749920
5750064
5750208
5750352
5750496
5750640
5750784
5750928
5751072
5751216
5751360
5751504
5751648
5751792
5751936
5752080
5752224
5752368
5752512
5752656
5752800
5752944
5753088
5753232
5753376
5753520
5753664
5753808
5753952
5754096
5754240
5754384
5754528
5754672
5754816
5754960
5755104
5755248
5755392
5755536
5755680
5755824
5755968
5756112
5756256
5756400
5756544
5756688
5756832
5756976
5757120
5757264
5757408
5757552
5757696
5757840
5757984
5758128
5758272
5758416
5758560
5758704
5758848
5758992
5759136
5759280
5759424
5759568
5759712
5759856
5760000
5760144
5760288
5760432
5760576
5760720
5760864
5761008
5761152
5761296
5761440
5761584
5761728
5761872
5762016
5762160
5762304
5762448
5762592
5762736
5762880
5763024
5763168
5763312
5763456
5763600
5763744
5763888
5764032
5764176
5764320
5764464
5764608
5764752
5764896
5765040
5765184
5765328
5765472
5765616
5765760
5765904
5766048
5766192
5766336
5766480
5766624
5766768
5766912
5767056
5767200
5767344
5767488
5767632
5767776
5767920
5768064
5768208
5768352
5768496
5768640
5768784
5768928
5769072
5769216
5769360
5769504
5769648
5769792
5769936
5770080
5770224
5770368
5770512
5770656
5770800
5770944
5771088
5771232
5771376
5771520
5771664
5771808
5771952
5772096
5772240
5772384
5772528
5772672
5772816
5772960
5773104
5773248
5773392
5773536
5773680
5773824
5773968
5774112
5774256
5774400
5774544
5774688
5774832
5774976
5775120
5775264
5775408
5775552
5775696
5775840
5775984
5776128
5776272
5776416
5776560
5776704
5776848
5776992
5777136
5777280
5777424
5777568
5777712
5777856
5778000
5778144
5778288
5778432
5778576
5778720
5778864
5779008
5779152
5779296
5779440
5779584
5779728
5779872
5780016
5780160
5780304
5780448
5780592
5780736
5780880
5781024
5781168
5781312
5781456
5781600
5781744
5781888
5782032
5782176
5782320
5782464
5782608
5782752
5782896
5783040
5783184
5783328
5783472
5783616
5783760
5783904
5784048
5784192
5784336
5784480
5784624
5784768
5784912
5785056
5785200
5785344
5785488
5785632
5785776
5785920
5786064
5786208
5786352
5786496
5786640
5786784
5786928
5787072
5787216
5787360
5787504
5787648
5787792
5787936
5788080
5788224
5788368
5788512
5788656
5788800
5788944
5789088
5789232
5789376
5789520
5789664
5789808
5789952
5790096
5790240
5790384
5790528
5790672
5790816
5790960
5791104
5791248
5791392
5791536
5791680
5791824
5791968
5792112
5792256
5792400
5792544
5792688
5792832
5792976
5793120
5793264
5793408
5793552
5793696
5793840
5793984
5794128
5794272
5794416
5794560
5794704
5794848
5794992
5795136
5795280
5795424
5795568
5795712
5795856
5796000
5796144
5796288
5796432
5796576
5796720
5796864
5797008
5797152
5797296
5797440
5797584
5797728
5797872
5798016
5798160
5798304
5798448
5798592
5798736
5798880
5799024
5799168
5799312
5799456
5799600
5799744
5799888
5800032
5800176
5800320
5800464
5800608
5800752
5800896
5801040
5801184
5801328
5801472
5801616
5801760
5801904
5802048
5802192
5802336
5802480
5802624
5802768
5802912
5803056
5803200
5803344
5803488
5803632
5803776
5803920
5804064
5804208
5804352
5804496
5804640
5804784
5804928
5805072
5805216
5805360
5805504
5805648
5805792
5805936
5806080
5806224
5806368
5806512
5806656
5806800
5806944
5807088
5807232
5807376
5807520
5807664
5807808
5807952
5808096
5808240
5808384
5808528
5808672
5808816
5808960
5809104
5809248
5809392
5809536
5809680
5809824
5809968
5810112
5810256
5810400
5810544
5810688
5810832
5810976
5811120
5811264
5811408
5811552
5811696
5811840
5811984
5812128
5812272
5812416
5812560
5812704
5812848
5812992
5813136
5813280
5813424
5813568
5813712
5813856
5814000
5814144
5814288
5814432
5814576
5814720
5814864
5815008
5815152
5815296
5815440
5815584
5815728
5815872
5816016
5816160
5816304
5816448
5816592
5816736
5816880
5817024
5817168
5817312
5817456
5817600
5817744
5817888
5818032
5818176
5818320
5818464
5818608
5818752
5818896
5819040
5819184
5819328
5819472
5819616
5819760
5819904
5820048
5820192
5820336
5820480
5820624
5820768
5820912
5821056
5821200
5821344
5821488
5821632
5821776
5821920
5822064
5822208
5822352
5822496
5822640
5822784
5822928
5823072
5823216
5823360
5823504
5823648
5823792
5823936
5824080
5824224
5824368
5824512
5824656
5824800
5824944
5825088
5825232
5825376
5825520
5825664
5825808
5825952
5826096
5826240
5826384
5826528
5826672
5826816
5826960
5827104
5827248
5827392
5827536
5827680
5827824
5827968
5828112
5828256
5828400
5828544
5828688
5828832
5828976
5829120
5829264
5829408
5829552
5829696
5829840
5829984
5830128
5830272
5830416
5830560
5830704
5830848
5830992
5831136
5831280
5831424
5831568
5831712
5831856
5832000
5832144
5832288
5832432
5832576
5832720
5832864
5833008
5833152
5833296
5833440
5833584
5833728
5833872
5834016
5834160
5834304
5834448
5834592
5834736
5834880
5835024
5835168
5835312
5835456
5835600
5835744
5835888
5836032
5836176
5836320
5836464
5836608
5836752
5836896
5837040
5837184
5837328
5837472
5837616
5837760
5837904
5838048
5838192
5838336
5838480
5838624
5838768
5838912
5839056
5839200
5839344
5839488
5839632
5839776
5839920
5840064
5840208
5840352
5840496
5840640
5840784
5840928
5841072
5841216
5841360
5841504
5841648
5841792
5841936
5842080
5842224
5842368
5842512
5842656
5842800
5842944
5843088
5843232
5843376
5843520
5843664
5843808
5843952
5844096
5844240
5844384
5844528
5844672
5844816
5844960
5845104
5845248
5845392
5845536
5845680
5845824
5845968
5846112
5846256
5846400
5846544
5846688
5846832
5846976
5847120
5847264
5847408
5847552
5847696
5847840
5847984
5848128
5848272
5848416
5848560
5848704
5848848
5848992
5849136
5849280
5849424
5849568
5849712
5849856
5850000
5850144
5850288
5850432
5850576
5850720
5850864
5851008
5851152
5851296
5851440
5851584
5851728
5851872
5852016
5852160
5852304
5852448
5852592
5852736
5852880
5853024
5853168
5853312
5853456
5853600
5853744
5853888
5854032
5854176
5854320
5854464
5854608
5854752
5854896
5855040
5855184
5855328
5855472
5855616
5855760
5855904
5856048
5856192
5856336
5856480
5856624
5856768
5856912
5857056
5857200
5857344
5857488
5857632
5857776
5857920
5858064
5858208
5858352
5858496
5858640
5858784
5858928
5859072
5859216
5859360
5859504
5859648
5859792
5859936
5860080
5860224
5860368
5860512
5860656
5860800
5860944
5861088
5861232
5861376
5861520
5861664
5861808
5861952
5862096
5862240
5862384
5862528
5862672
5862816
5862960
5863104
5863248
5863392
5863536
5863680
5863824
5863968
5864112
5864256
5864400
5864544
5864688
5864832
5864976
5865120
5865264
5865408
5865552
5865696
5865840
5865984
5866128
5866272
5866416
5866560
5866704
5866848
5866992
5867136
5867280
5867424
5867568
5867712
5867856
5868000
5868144
5868288
5868432
5868576
5868720
5868864
5869008
5869152
5869296
5869440
5869584
5869728
5869872
5870016
5870160
5870304
5870448
5870592
5870736
5870880
5871024
5871168
5871312
5871456
5871600
5871744
5871888
5872032
5872176
5872320
5872464
5872608
5872752
5872896
5873040
5873184
5873328
5873472
5873616
5873760
5873904
5874048
5874192
5874336
5874480
5874624
5874768
5874912
5875056
5875200
5875344
5875488
5875632
5875776
5875920
5876064
5876208
5876352
5876496
5876640
5876784
5876928
5877072
5877216
5877360
5877504
5877648
5877792
5877936
5878080
5878224
5878368
5878512
5878656
5878800
5878944
5879088
5879232
5879376
5879520
5879664
5879808
5879952
5880096
5880240
5880384
5880528
5880672
5880816
5880960
5881104
5881248
5881392
5881536
5881680
5881824
5881968
5882112
5882256
5882400
5882544
5882688
5882832
5882976
5883120
5883264
5883408
5883552
5883696
5883840
5883984
5884128
5884272
5884416
5884560
5884704
5884848
5884992
5885136
5885280
5885424
5885568
5885712
5885856
5886000
5886144
5886288
5886432
5886576
5886720
5886864
5887008
5887152
5887296
5887440
5887584
5887728
5887872
5888016
5888160
5888304
5888448
5888592
5888736
5888880
5889024
5889168
5889312
5889456
5889600
5889744
5889888
5890032
5890176
5890320
5890464
5890608
5890752
5890896
5891040
5891184
5891328
5891472
5891616
5891760
5891904
5892048
5892192
5892336
5892480
5892624
5892768
5892912
5893056
5893200
5893344
5893488
5893632
5893776
5893920
5894064
5894208
5894352
5894496
5894640
5894784
5894928
5895072
5895216
5895360
5895504
5895648
5895792
5895936
5896080
5896224
5896368
5896512
5896656
5896800
5896944
5897088
5897232
5897376
5897520
5897664
5897808
5897952
5898096
5898240
5898384
5898528
5898672
5898816
5898960
5899104
5899248
5899392
5899536
5899680
5899824
5899968
5900112
5900256
5900400
5900544
5900688
5900832
5900976
5901120
5901264
5901408
5901552
5901696
5901840
5901984
5902128
5902272
5902416
5902560
5902704
5902848
5902992
5903136
5903280
5903424
5903568
5903712
5903856
5904000
5904144
5904288
5904432
5904576
5904720
5904864
5905008
5905152
5905296
5905440
5905584
5905728
5905872
5906016
5906160
5906304
5906448
5906592
5906736
5906880
5907024
5907168
5907312
5907456
5907600
5907744
5907888
5908032
5908176
5908320
5908464
5908608
5908752
5908896
5909040
5909184
5909328
5909472
5909616
5909760
5909904
5910048
5910192
5910336
5910480
5910624
5910768
5910912
5911056
5911200
5911344
5911488
5911632
5911776
5911920
5912064
5912208
5912352
5912496
5912640
5912784
5912928
5913072
5913216
5913360
5913504
5913648
5913792
5913936
5914080
5914224
5914368
5914512
5914656
5914800
5914944
5915088
5915232
5915376
5915520
5915664
5915808
5915952
5916096
5916240
5916384
5916528
5916672
5916816
5916960
5917104
5917248
5917392
5917536
5917680
5917824
5917968
5918112
5918256
5918400
5918544
5918688
5918832
5918976
5919120
5919264
5919408
5919552
5919696
5919840
5919984
5920128
5920272
5920416
5920560
5920704
5920848
5920992
5921136
5921280
5921424
5921568
5921712
5921856
5922000
5922144
5922288
5922432
5922576
5922720
5922864
5923008
5923152
5923296
5923440
5923584
5923728
5923872
5924016
5924160
5924304
5924448
5924592
5924736
5924880
5925024
5925168
5925312
5925456
5925600
5925744
5925888
5926032
5926176
5926320
5926464
5926608
5926752
5926896
5927040
5927184
5927328
5927472
5927616
5927760
5927904
5928048
5928192
5928336
5928480
5928624
5928768
5928912
5929056
5929200
5929344
5929488
5929632
5929776
5929920
5930064
5930208
5930352
5930496
5930640
5930784
5930928
5931072
5931216
5931360
5931504
5931648
5931792
5931936
5932080
5932224
5932368
5932512
5932656
5932800
5932944
5933088
5933232
5933376
5933520
5933664
5933808
5933952
5934096
5934240
5934384
5934528
5934672
5934816
5934960
5935104
5935248
5935392
5935536
5935680
5935824
5935968
5936112
5936256
5936400
5936544
5936688
5936832
5936976
5937120
5937264
5937408
5937552
5937696
5937840
5937984
5938128
5938272
5938416
5938560
5938704
5938848
5938992
5939136
5939280
5939424
5939568
5939712
5939856
5940000
5940144
5940288
5940432
5940576
5940720
5940864
5941008
5941152
5941296
5941440
5941584
5941728
5941872
5942016
5942160
5942304
5942448
5942592
5942736
5942880
5943024
5943168
5943312
5943456
5943600
5943744
5943888
5944032
5944176
5944320
5944464
5944608
5944752
5944896
5945040
5945184
5945328
5945472
5945616
5945760
5945904
5946048
5946192
5946336
5946480
5946624
5946768
5946912
5947056
5947200
5947344
5947488
5947632
5947776
5947920
5948064
5948208
5948352
5948496
5948640
5948784
5948928
5949072
5949216
5949360
5949504
5949648
5949792
5949936
5950080
5950224
5950368
5950512
5950656
5950800
5950944
5951088
5951232
5951376
5951520
5951664
5951808
5951952
5952096
5952240
5952384
5952528
5952672
5952816
5952960
5953104
5953248
5953392
5953536
5953680
5953824
5953968
5954112
5954256
5954400
5954544
5954688
5954832
5954976
5955120
5955264
5955408
5955552
5955696
5955840
5955984
5956128
5956272
5956416
5956560
5956704
5956848
5956992
5957136
5957280
5957424
5957568
5957712
5957856
5958000
5958144
5958288
5958432
5958576
5958720
5958864
5959008
5959152
5959296
5959440
5959584
5959728
5959872
5960016
5960160
5960304
5960448
5960592
5960736
5960880
5961024
5961168
5961312
5961456
5961600
5961744
5961888
5962032
5962176
5962320
5962464
5962608
5962752
5962896
5963040
5963184
5963328
5963472
5963616
5963760
5963904
5964048
5964192
5964336
5964480
5964624
5964768
5964912
5965056
5965200
5965344
5965488
5965632
5965776
5965920
5966064
5966208
5966352
5966496
5966640
5966784
5966928
5967072
5967216
5967360
5967504
5967648
5967792
5967936
5968080
5968224
5968368
5968512
5968656
5968800
5968944
5969088
5969232
5969376
5969520
5969664
5969808
5969952
5970096
5970240
5970384
5970528
5970672
5970816
5970960
5971104
5971248
5971392
5971536
5971680
5971824
5971968
5972112
5972256
5972400
5972544
5972688
5972832
5972976
5973120
5973264
5973408
5973552
5973696
5973840
5973984
5974128
5974272
5974416
5974560
5974704
5974848
5974992
5975136
5975280
5975424
5975568
5975712
5975856
5976000
5976144
5976288
5976432
5976576
5976720
5976864
5977008
5977152
5977296
5977440
5977584
5977728
5977872
5978016
5978160
5978304
5978448
5978592
5978736
5978880
5979024
5979168
5979312
5979456
5979600
5979744
5979888
5980032
5980176
5980320
5980464
5980608
5980752
5980896
5981040
5981184
5981328
5981472
5981616
5981760
5981904
5982048
5982192
5982336
5982480
5982624
5982768
5982912
5983056
5983200
5983344
5983488
5983632
5983776
5983920
5984064
5984208
5984352
5984496
5984640
5984784
5984928
5985072
5985216
5985360
5985504
5985648
5985792
5985936
5986080
5986224
5986368
5986512
5986656
5986800
5986944
5987088
5987232
5987376
5987520
5987664
5987808
5987952
5988096
5988240
5988384
5988528
5988672
5988816
5988960
5989104
5989248
5989392
5989536
5989680
5989824
5989968
5990112
5990256
5990400
5990544
5990688
5990832
5990976
5991120
5991264
5991408
5991552
5991696
5991840
5991984
5992128
5992272
5992416
5992560
5992704
5992848
5992992
5993136
5993280
5993424
5993568
5993712
5993856
5994000
5994144
5994288
5994432
5994576
5994720
5994864
5995008
5995152
5995296
5995440
5995584
5995728
5995872
5996016
5996160
5996304
5996448
5996592
5996736
5996880
5997024
5997168
5997312
5997456
5997600
5997744
5997888
5998032
5998176
5998320
5998464
5998608
5998752
5998896
5999040
5999184
5999328
5999472
5999616
5999760
5999904
6000048
6000192
6000336
6000480
6000624
6000768
6000912
6001056
6001200
6001344
6001488
6001632
6001776
6001920
6002064
6002208
6002352
6002496
6002640
6002784
6002928
6003072
6003216
6003360
6003504
6003648
6003792
6003936
6004080
6004224
6004368
6004512
6004656
6004800
6004944
6005088
6005232
6005376
6005520
6005664
6005808
6005952
6006096
6006240
6006384
6006528
6006672
6006816
6006960
6007104
6007248
6007392
6007536
6007680
6007824
6007968
6008112
6008256
6008400
6008544
6008688
6008832
6008976
6009120
6009264
6009408
6009552
6009696
6009840
6009984
6010128
6010272
6010416
6010560
6010704
6010848
6010992
6011136
6011280
6011424
6011568
6011712
6011856
6012000
6012144
6012288
6012432
6012576
6012720
6012864
6013008
6013152
6013296
6013440
6013584
6013728
6013872
6014016
6014160
6014304
6014448
6014592
6014736
6014880
6015024
6015168
6015312
6015456
6015600
6015744
6015888
6016032
6016176
6016320
6016464
6016608
6016752
6016896
6017040
6017184
6017328
6017472
6017616
6017760
6017904
6018048
6018192
6018336
6018480
6018624
6018768
6018912
6019056
6019200
6019344
6019488
6019632
6019776
6019920
6020064
6020208
6020352
6020496
6020640
6020784
6020928
6021072
6021216
6021360
6021504
6021648
6021792
6021936
6022080
6022224
6022368
6022512
6022656
6022800
6022944
6023088
6023232
6023376
6023520
6023664
6023808
6023952
6024096
6024240
6024384
6024528
6024672
6024816
6024960
6025104
6025248
6025392
6025536
6025680
6025824
6025968
6026112
6026256
6026400
6026544
6026688
6026832
6026976
6027120
6027264
6027408
6027552
6027696
6027840
6027984
6028128
6028272
6028416
6028560
6028704
6028848
6028992
6029136
6029280
6029424
6029568
6029712
6029856
6030000
6030144
6030288
6030432
6030576
6030720
6030864
6031008
6031152
6031296
6031440
6031584
6031728
6031872
6032016
6032160
6032304
6032448
6032592
6032736
6032880
6033024
6033168
6033312
6033456
6033600
6033744
6033888
6034032
6034176
6034320
6034464
6034608
6034752
6034896
6035040
6035184
6035328
6035472
6035616
6035760
6035904
6036048
6036192
6036336
6036480
6036624
6036768
6036912
6037056
6037200
6037344
6037488
6037632
6037776
6037920
6038064
6038208
6038352
6038496
6038640
6038784
6038928
6039072
6039216
6039360
6039504
6039648
6039792
6039936
6040080
6040224
6040368
6040512
6040656
6040800
6040944
6041088
6041232
6041376
6041520
6041664
6041808
6041952
6042096
6042240
6042384
6042528
6042672
6042816
6042960
6043104
6043248
6043392
6043536
6043680
6043824
6043968
6044112
6044256
6044400
6044544
6044688
6044832
6044976
6045120
6045264
6045408
6045552
6045696
6045840
6045984
6046128
6046272
6046416
6046560
6046704
6046848
6046992
6047136
6047280
6047424
6047568
6047712
6047856
6048000
6048144
6048288
6048432
6048576
6048720
6048864
6049008
6049152
6049296
6049440
6049584
6049728
6049872
6050016
6050160
6050304
6050448
6050592
6050736
6050880
6051024
6051168
6051312
6051456
6051600
6051744
6051888
6052032
6052176
6052320
6052464
6052608
6052752
6052896
6053040
6053184
6053328
6053472
6053616
6053760
6053904
6054048
6054192
6054336
6054480
6054624
6054768
6054912
6055056
6055200
6055344
6055488
6055632
6055776
6055920
6056064
6056208
6056352
6056496
6056640
6056784
6056928
6057072
6057216
6057360
6057504
6057648
6057792
6057936
6058080
6058224
6058368
6058512
6058656
6058800
6058944
6059088
6059232
6059376
6059520
6059664
6059808
6059952
6060096
6060240
6060384
6060528
6060672
6060816
6060960
6061104
6061248
6061392
6061536
6061680
6061824
6061968
6062112
6062256
6062400
6062544
6062688
6062832
6062976
6063120
6063264
6063408
6063552
6063696
6063840
6063984
6064128
6064272
6064416
6064560
6064704
6064848
6064992
6065136
6065280
6065424
6065568
6065712
6065856
6066000
6066144
6066288
6066432
6066576
6066720
6066864
6067008
6067152
6067296
6067440
6067584
6067728
6067872
6068016
6068160
6068304
6068448
6068592
6068736
6068880
6069024
6069168
6069312
6069456
6069600
6069744
6069888
6070032
6070176
6070320
6070464
6070608
6070752
6070896
6071040
6071184
6071328
6071472
6071616
6071760
6071904
6072048
6072192
6072336
6072480
6072624
6072768
6072912
6073056
6073200
6073344
6073488
6073632
6073776
6073920
6074064
6074208
6074352
6074496
6074640
6074784
6074928
6075072
6075216
6075360
6075504
6075648
6075792
6075936
6076080
6076224
6076368
6076512
6076656
6076800
6076944
6077088
6077232
6077376
6077520
6077664
6077808
6077952
6078096
6078240
6078384
6078528
6078672
6078816
6078960
6079104
6079248
6079392
6079536
6079680
6079824
6079968
6080112
6080256
6080400
6080544
6080688
6080832
6080976
6081120
6081264
6081408
6081552
6081696
6081840
6081984
6082128
6082272
6082416
6082560
6082704
6082848
6082992
6083136
6083280
6083424
6083568
6083712
6083856
6084000
6084144
6084288
6084432
6084576
6084720
6084864
6085008
6085152
6085296
6085440
6085584
6085728
6085872
6086016
6086160
6086304
6086448
6086592
6086736
6086880
6087024
6087168
6087312
6087456
6087600
6087744
6087888
6088032
6088176
6088320
6088464
6088608
6088752
6088896
6089040
6089184
6089328
6089472
6089616
6089760
6089904
6090048
6090192
6090336
6090480
6090624
6090768
6090912
6091056
6091200
6091344
6091488
6091632
6091776
6091920
6092064
6092208
6092352
6092496
6092640
6092784
6092928
6093072
6093216
6093360
6093504
6093648
6093792
6093936
6094080
6094224
6094368
6094512
6094656
6094800
6094944
6095088
6095232
6095376
6095520
6095664
6095808
6095952
6096096
6096240
6096384
6096528
6096672
6096816
6096960
6097104
6097248
6097392
6097536
6097680
6097824
6097968
6098112
6098256
6098400
6098544
6098688
6098832
6098976
6099120
6099264
6099408
6099552
6099696
6099840
6099984
6100128
6100272
6100416
6100560
6100704
6100848
6100992
6101136
6101280
6101424
6101568
6101712
6101856
6102000
6102144
6102288
6102432
6102576
6102720
6102864
6103008
6103152
6103296
6103440
6103584
6103728
6103872
6104016
6104160
6104304
6104448
6104592
6104736
6104880
6105024
6105168
6105312
6105456
6105600
6105744
6105888
6106032
6106176
6106320
6106464
6106608
6106752
6106896
6107040
6107184
6107328
6107472
6107616
6107760
6107904
6108048
6108192
6108336
6108480
6108624
6108768
6108912
6109056
6109200
6109344
6109488
6109632
6109776
6109920
6110064
6110208
6110352
6110496
6110640
6110784
6110928
6111072
6111216
6111360
6111504
6111648
6111792
6111936
6112080
6112224
6112368
6112512
6112656
6112800
6112944
6113088
6113232
6113376
6113520
6113664
6113808
6113952
6114096
6114240
6114384
6114528
6114672
6114816
6114960
6115104
6115248
6115392
6115536
6115680
6115824
6115968
6116112
6116256
6116400
6116544
6116688
6116832
6116976
6117120
6117264
6117408
6117552
6117696
6117840
6117984
6118128
6118272
6118416
6118560
6118704
6118848
6118992
6119136
6119280
6119424
6119568
6119712
6119856
6120000
6120144
6120288
6120432
6120576
6120720
6120864
6121008
6121152
6121296
6121440
6121584
6121728
6121872
6122016
6122160
6122304
6122448
6122592
6122736
6122880
6123024
6123168
6123312
6123456
6123600
6123744
6123888
6124032
6124176
6124320
6124464
6124608
6124752
6124896
6125040
6125184
6125328
6125472
6125616
6125760
6125904
6126048
6126192
6126336
6126480
6126624
6126768
6126912
6127056
6127200
6127344
6127488
6127632
6127776
6127920
6128064
6128208
6128352
6128496
6128640
6128784
6128928
6129072
6129216
6129360
6129504
6129648
6129792
6129936
6130080
6130224
6130368
6130512
6130656
6130800
6130944
6131088
6131232
6131376
6131520
6131664
6131808
6131952
6132096
6132240
6132384
6132528
6132672
6132816
6132960
6133104
6133248
6133392
6133536
6133680
6133824
6133968
6134112
6134256
6134400
6134544
6134688
6134832
6134976
6135120
6135264
6135408
6135552
6135696
6135840
6135984
6136128
6136272
6136416
6136560
6136704
6136848
6136992
6137136
6137280
6137424
6137568
6137712
6137856
6138000
6138144
6138288
6138432
6138576
6138720
6138864
6139008
6139152
6139296
6139440
6139584
6139728
6139872
6140016
6140160
6140304
6140448
6140592
6140736
6140880
6141024
6141168
6141312
6141456
6141600
6141744
6141888
6142032
6142176
6142320
6142464
6142608
6142752
6142896
6143040
6143184
6143328
6143472
6143616
6143760
6143904
6144048
6144192
6144336
6144480
6144624
6144768
6144912
6145056
6145200
6145344
6145488
6145632
6145776
6145920
6146064
6146208
6146352
6146496
6146640
6146784
6146928
6147072
6147216
6147360
6147504
6147648
6147792
6147936
6148080
6148224
6148368
6148512
6148656
6148800
6148944
6149088
6149232
6149376
6149520
6149664
6149808
6149952
6150096
6150240
6150384
6150528
6150672
6150816
6150960
6151104
6151248
6151392
6151536
6151680
6151824
6151968
6152112
6152256
6152400
6152544
6152688
6152832
6152976
6153120
6153264
6153408
6153552
6153696
6153840
6153984
6154128
6154272
6154416
6154560
6154704
6154848
6154992
6155136
6155280
6155424
6155568
6155712
6155856
6156000
6156144
6156288
6156432
6156576
6156720
6156864
6157008
6157152
6157296
6157440
6157584
6157728
6157872
6158016
6158160
6158304
6158448
6158592
6158736
6158880
6159024
6159168
6159312
6159456
6159600
6159744
6159888
6160032
6160176
6160320
6160464
6160608
6160752
6160896
6161040
6161184
6161328
6161472
6161616
6161760
6161904
6162048
6162192
6162336
6162480
6162624
6162768
6162912
6163056
6163200
6163344
6163488
6163632
6163776
6163920
6164064
6164208
6164352
6164496
6164640
6164784
6164928
6165072
6165216
6165360
6165504
6165648
6165792
6165936
6166080
6166224
6166368
6166512
6166656
6166800
6166944
6167088
6167232
6167376
6167520
6167664
6167808
6167952
6168096
6168240
6168384
6168528
6168672
6168816
6168960
6169104
6169248
6169392
6169536
6169680
6169824
6169968
6170112
6170256
6170400
6170544
6170688
6170832
6170976
6171120
6171264
6171408
6171552
6171696
6171840
6171984
6172128
6172272
6172416
6172560
6172704
6172848
6172992
6173136
6173280
6173424
6173568
6173712
6173856
6174000
6174144
6174288
6174432
6174576
6174720
6174864
6175008
6175152
6175296
6175440
6175584
6175728
6175872
6176016
6176160
6176304
6176448
6176592
6176736
6176880
6177024
6177168
6177312
6177456
6177600
6177744
6177888
6178032
6178176
6178320
6178464
6178608
6178752
6178896
6179040
6179184
6179328
6179472
6179616
6179760
6179904
6180048
6180192
6180336
6180480
6180624
6180768
6180912
6181056
6181200
6181344
6181488
6181632
6181776
6181920
6182064
6182208
6182352
6182496
6182640
6182784
6182928
6183072
6183216
6183360
6183504
6183648
6183792
6183936
6184080
6184224
6184368
6184512
6184656
6184800
6184944
6185088
6185232
6185376
6185520
6185664
6185808
6185952
6186096
6186240
6186384
6186528
6186672
6186816
6186960
6187104
6187248
6187392
6187536
6187680
6187824
6187968
6188112
6188256
6188400
6188544
6188688
6188832
6188976
6189120
6189264
6189408
6189552
6189696
6189840
6189984
6190128
6190272
6190416
6190560
6190704
6190848
6190992
6191136
6191280
6191424
6191568
6191712
6191856
6192000
6192144
6192288
6192432
6192576
6192720
6192864
6193008
6193152
6193296
6193440
6193584
6193728
6193872
6194016
6194160
6194304
6194448
6194592
6194736
6194880
6195024
6195168
6195312
6195456
6195600
6195744
6195888
6196032
6196176
6196320
6196464
6196608
6196752
6196896
6197040
6197184
6197328
6197472
6197616
6197760
6197904
6198048
6198192
6198336
6198480
6198624
6198768
6198912
6199056
6199200
6199344
6199488
6199632
6199776
6199920
6200064
6200208
6200352
6200496
6200640
6200784
6200928
6201072
6201216
6201360
6201504
6201648
6201792
6201936
6202080
6202224
6202368
6202512
6202656
6202800
6202944
6203088
6203232
6203376
6203520
6203664
6203808
6203952
6204096
6204240
6204384
6204528
6204672
6204816
6204960
6205104
6205248
6205392
6205536
6205680
6205824
6205968
6206112
6206256
6206400
6206544
6206688
6206832
6206976
6207120
6207264
6207408
6207552
6207696
6207840
6207984
6208128
6208272
6208416
6208560
6208704
6208848
6208992
6209136
6209280
6209424
6209568
6209712
6209856
6210000
6210144
6210288
6210432
6210576
6210720
6210864
6211008
6211152
6211296
6211440
6211584
6211728
6211872
6212016
6212160
6212304
6212448
6212592
6212736
6212880
6213024
6213168
6213312
6213456
6213600
6213744
6213888
6214032
6214176
6214320
6214464
6214608
6214752
6214896
6215040
6215184
6215328
6215472
6215616
6215760
6215904
6216048
6216192
6216336
6216480
6216624
6216768
6216912
6217056
6217200
6217344
6217488
6217632
6217776
6217920
6218064
6218208
6218352
6218496
6218640
6218784
6218928
6219072
6219216
6219360
6219504
6219648
6219792
6219936
6220080
6220224
6220368
6220512
6220656
6220800
6220944
6221088
6221232
6221376
6221520
6221664
6221808
6221952
6222096
6222240
6222384
6222528
6222672
6222816
6222960
6223104
6223248
6223392
6223536
6223680
6223824
6223968
6224112
6224256
6224400
6224544
6224688
6224832
6224976
6225120
6225264
6225408
6225552
6225696
6225840
6225984
6226128
6226272
6226416
6226560
6226704
6226848
6226992
6227136
6227280
6227424
6227568
6227712
6227856
6228000
6228144
6228288
6228432
6228576
6228720
6228864
6229008
6229152
6229296
6229440
6229584
6229728
6229872
6230016
6230160
6230304
6230448
6230592
6230736
6230880
6231024
6231168
6231312
6231456
6231600
6231744
6231888
6232032
6232176
6232320
6232464
6232608
6232752
6232896
6233040
6233184
6233328
6233472
6233616
6233760
6233904
6234048
6234192
6234336
6234480
6234624
6234768
6234912
6235056
6235200
6235344
6235488
6235632
6235776
6235920
6236064
6236208
6236352
6236496
6236640
6236784
6236928
6237072
6237216
6237360
6237504
6237648
6237792
6237936
6238080
6238224
6238368
6238512
6238656
6238800
6238944
6239088
6239232
6239376
6239520
6239664
6239808
6239952
6240096
6240240
6240384
6240528
6240672
6240816
6240960
6241104
6241248
6241392
6241536
6241680
6241824
6241968
6242112
6242256
6242400
6242544
6242688
6242832
6242976
6243120
6243264
6243408
6243552
6243696
6243840
6243984
6244128
6244272
6244416
6244560
6244704
6244848
6244992
6245136
6245280
6245424
6245568
6245712
6245856
6246000
6246144
6246288
6246432
6246576
6246720
6246864
6247008
6247152
6247296
6247440
6247584
6247728
6247872
6248016
6248160
6248304
6248448
6248592
6248736
6248880
6249024
6249168
6249312
6249456
6249600
6249744
6249888
6250032
6250176
6250320
6250464
6250608
6250752
6250896
6251040
6251184
6251328
6251472
6251616
6251760
6251904
6252048
6252192
6252336
6252480
6252624
6252768
6252912
6253056
6253200
6253344
6253488
6253632
6253776
6253920
6254064
6254208
6254352
6254496
6254640
6254784
6254928
6255072
6255216
6255360
6255504
6255648
6255792
6255936
6256080
6256224
6256368
6256512
6256656
6256800
6256944
6257088
6257232
6257376
6257520
6257664
6257808
6257952
6258096
6258240
6258384
6258528
6258672
6258816
6258960
6259104
6259248
6259392
6259536
6259680
6259824
6259968
6260112
6260256
6260400
6260544
6260688
6260832
6260976
6261120
6261264
6261408
6261552
6261696
6261840
6261984
6262128
6262272
6262416
6262560
6262704
6262848
6262992
6263136
6263280
6263424
6263568
6263712
6263856
6264000
6264144
6264288
6264432
6264576
6264720
6264864
6265008
6265152
6265296
6265440
6265584
6265728
6265872
6266016
6266160
6266304
6266448
6266592
6266736
6266880
6267024
6267168
6267312
6267456
6267600
6267744
6267888
6268032
6268176
6268320
6268464
6268608
6268752
6268896
6269040
6269184
6269328
6269472
6269616
6269760
6269904
6270048
6270192
6270336
6270480
6270624
6270768
6270912
6271056
6271200
6271344
6271488
6271632
6271776
6271920
6272064
6272208
6272352
6272496
6272640
6272784
6272928
6273072
6273216
6273360
6273504
6273648
6273792
6273936
6274080
6274224
6274368
6274512
6274656
6274800
6274944
6275088
6275232
6275376
6275520
6275664
6275808
6275952
6276096
6276240
6276384
6276528
6276672
6276816
6276960
6277104
6277248
6277392
6277536
6277680
6277824
6277968
6278112
6278256
6278400
6278544
6278688
6278832
6278976
6279120
6279264
6279408
6279552
6279696
6279840
6279984
6280128
6280272
6280416
6280560
6280704
6280848
6280992
6281136
6281280
6281424
6281568
6281712
6281856
6282000
6282144
6282288
6282432
6282576
6282720
6282864
6283008
6283152
6283296
6283440
6283584
6283728
6283872
6284016
6284160
6284304
6284448
6284592
6284736
6284880
6285024
6285168
6285312
6285456
6285600
6285744
6285888
6286032
6286176
6286320
6286464
6286608
6286752
6286896
6287040
6287184
6287328
6287472
6287616
6287760
6287904
6288048
6288192
6288336
6288480
6288624
6288768
6288912
6289056
6289200
6289344
6289488
6289632
6289776
6289920
6290064
6290208
6290352
6290496
6290640
6290784
6290928
6291072
6291216
6291360
6291504
6291648
6291792
6291936
6292080
6292224
6292368
6292512
6292656
6292800
6292944
6293088
6293232
6293376
6293520
6293664
6293808
6293952
6294096
6294240
6294384
6294528
6294672
6294816
6294960
6295104
6295248
6295392
6295536
6295680
6295824
6295968
6296112
6296256
6296400
6296544
6296688
6296832
6296976
6297120
6297264
6297408
6297552
6297696
6297840
6297984
6298128
6298272
6298416
6298560
6298704
6298848
6298992
6299136
6299280
6299424
6299568
6299712
6299856
6300000
6300144
6300288
6300432
6300576
6300720
6300864
6301008
6301152
6301296
6301440
6301584
6301728
6301872
6302016
6302160
6302304
6302448
6302592
6302736
6302880
6303024
6303168
6303312
6303456
6303600
6303744
6303888
6304032
6304176
6304320
6304464
6304608
6304752
6304896
6305040
6305184
6305328
6305472
6305616
6305760
6305904
6306048
6306192
6306336
6306480
6306624
6306768
6306912
6307056
6307200
6307344
6307488
6307632
6307776
6307920
6308064
6308208
6308352
6308496
6308640
6308784
6308928
6309072
6309216
6309360
6309504
6309648
6309792
6309936
6310080
6310224
6310368
6310512
6310656
6310800
6310944
6311088
6311232
6311376
6311520
6311664
6311808
6311952
6312096
6312240
6312384
6312528
6312672
6312816
6312960
6313104
6313248
6313392
6313536
6313680
6313824
6313968
6314112
6314256
6314400
6314544
6314688
6314832
6314976
6315120
6315264
6315408
6315552
6315696
6315840
6315984
6316128
6316272
6316416
6316560
6316704
6316848
6316992
6317136
6317280
6317424
6317568
6317712
6317856
6318000
6318144
6318288
6318432
6318576
6318720
6318864
6319008
6319152
6319296
6319440
6319584
6319728
6319872
6320016
6320160
6320304
6320448
6320592
6320736
6320880
6321024
6321168
6321312
6321456
6321600
6321744
6321888
6322032
6322176
6322320
6322464
6322608
6322752
6322896
6323040
6323184
6323328
6323472
6323616
6323760
6323904
6324048
6324192
6324336
6324480
6324624
6324768
6324912
6325056
6325200
6325344
6325488
6325632
6325776
6325920
6326064
6326208
6326352
6326496
6326640
6326784
6326928
6327072
6327216
6327360
6327504
6327648
6327792
6327936
6328080
6328224
6328368
6328512
6328656
6328800
6328944
6329088
6329232
6329376
6329520
6329664
6329808
6329952
6330096
6330240
6330384
6330528
6330672
6330816
6330960
6331104
6331248
6331392
6331536
6331680
6331824
6331968
6332112
6332256
6332400
6332544
6332688
6332832
6332976
6333120
6333264
6333408
6333552
6333696
6333840
6333984
6334128
6334272
6334416
6334560
6334704
6334848
6334992
6335136
6335280
6335424
6335568
6335712
6335856
6336000
6336144
6336288
6336432
6336576
6336720
6336864
6337008
6337152
6337296
6337440
6337584
6337728
6337872
6338016
6338160
6338304
6338448
6338592
6338736
6338880
6339024
6339168
6339312
6339456
6339600
6339744
6339888
6340032
6340176
6340320
6340464
6340608
6340752
6340896
6341040
6341184
6341328
6341472
6341616
6341760
6341904
6342048
6342192
6342336
6342480
6342624
6342768
6342912
6343056
6343200
6343344
6343488
6343632
6343776
6343920
6344064
6344208
6344352
6344496
6344640
6344784
6344928
6345072
6345216
6345360
6345504
6345648
6345792
6345936
6346080
6346224
6346368
6346512
6346656
6346800
6346944
6347088
6347232
6347376
6347520
6347664
6347808
6347952
6348096
6348240
6348384
6348528
6348672
6348816
6348960
6349104
6349248
6349392
6349536
6349680
6349824
6349968
6350112
6350256
6350400
6350544
6350688
6350832
6350976
6351120
6351264
6351408
6351552
6351696
6351840
6351984
6352128
6352272
6352416
6352560
6352704
6352848
6352992
6353136
6353280
6353424
6353568
6353712
6353856
6354000
6354144
6354288
6354432
6354576
6354720
6354864
6355008
6355152
6355296
6355440
6355584
6355728
6355872
6356016
6356160
6356304
6356448
6356592
6356736
6356880
6357024
6357168
6357312
6357456
6357600
6357744
6357888
6358032
6358176
6358320
6358464
6358608
6358752
6358896
6359040
6359184
6359328
6359472
6359616
6359760
6359904
6360048
6360192
6360336
6360480
6360624
6360768
6360912
6361056
6361200
6361344
6361488
6361632
6361776
6361920
6362064
6362208
6362352
6362496
6362640
6362784
6362928
6363072
6363216
6363360
6363504
6363648
6363792
6363936
6364080
6364224
6364368
6364512
6364656
6364800
6364944
6365088
6365232
6365376
6365520
6365664
6365808
6365952
6366096
6366240
6366384
6366528
6366672
6366816
6366960
6367104
6367248
6367392
6367536
6367680
6367824
6367968
6368112
6368256
6368400
6368544
6368688
6368832
6368976
6369120
6369264
6369408
6369552
6369696
6369840
6369984
6370128
6370272
6370416
6370560
6370704
6370848
6370992
6371136
6371280
6371424
6371568
6371712
6371856
6372000
6372144
6372288
6372432
6372576
6372720
6372864
6373008
6373152
6373296
6373440
6373584
6373728
6373872
6374016
6374160
6374304
6374448
6374592
6374736
6374880
6375024
6375168
6375312
6375456
6375600
6375744
6375888
6376032
6376176
6376320
6376464
6376608
6376752
6376896
6377040
6377184
6377328
6377472
6377616
6377760
6377904
6378048
6378192
6378336
6378480
6378624
6378768
6378912
6379056
6379200
6379344
6379488
6379632
6379776
6379920
6380064
6380208
6380352
6380496
6380640
6380784
6380928
6381072
6381216
6381360
6381504
6381648
6381792
6381936
6382080
6382224
6382368
6382512
6382656
6382800
6382944
6383088
6383232
6383376
6383520
6383664
6383808
6383952
6384096
6384240
6384384
6384528
6384672
6384816
6384960
6385104
6385248
6385392
6385536
6385680
6385824
6385968
6386112
6386256
6386400
6386544
6386688
6386832
6386976
6387120
6387264
6387408
6387552
6387696
6387840
6387984
6388128
6388272
6388416
6388560
6388704
6388848
6388992
6389136
6389280
6389424
6389568
6389712
6389856
6390000
6390144
6390288
6390432
6390576
6390720
6390864
6391008
6391152
6391296
6391440
6391584
6391728
6391872
6392016
6392160
6392304
6392448
6392592
6392736
6392880
6393024
6393168
6393312
6393456
6393600
6393744
6393888
6394032
6394176
6394320
6394464
6394608
6394752
6394896
6395040
6395184
6395328
6395472
6395616
6395760
6395904
6396048
6396192
6396336
6396480
6396624
6396768
6396912
6397056
6397200
6397344
6397488
6397632
6397776
6397920
6398064
6398208
6398352
6398496
6398640
6398784
6398928
6399072
6399216
6399360
6399504
6399648
6399792
6399936
6400080
6400224
6400368
6400512
6400656
6400800
6400944
6401088
6401232
6401376
6401520
6401664
6401808
6401952
6402096
6402240
6402384
6402528
6402672
6402816
6402960
6403104
6403248
6403392
6403536
6403680
6403824
6403968
6404112
6404256
6404400
6404544
6404688
6404832
6404976
6405120
6405264
6405408
6405552
6405696
6405840
6405984
6406128
6406272
6406416
6406560
6406704
6406848
6406992
6407136
6407280
6407424
6407568
6407712
6407856
6408000
6408144
6408288
6408432
6408576
6408720
6408864
6409008
6409152
6409296
6409440
6409584
6409728
6409872
6410016
6410160
6410304
6410448
6410592
6410736
6410880
6411024
6411168
6411312
6411456
6411600
6411744
6411888
6412032
6412176
6412320
6412464
6412608
6412752
6412896
6413040
6413184
6413328
6413472
6413616
6413760
6413904
6414048
6414192
6414336
6414480
6414624
6414768
6414912
6415056
6415200
6415344
6415488
6415632
6415776
6415920
6416064
6416208
6416352
6416496
6416640
6416784
6416928
6417072
6417216
6417360
6417504
6417648
6417792
6417936
6418080
6418224
6418368
6418512
6418656
6418800
6418944
6419088
6419232
6419376
6419520
6419664
6419808
6419952
6420096
6420240
6420384
6420528
6420672
6420816
6420960
6421104
6421248
6421392
6421536
6421680
6421824
6421968
6422112
6422256
6422400
6422544
6422688
6422832
6422976
6423120
6423264
6423408
6423552
6423696
6423840
6423984
6424128
6424272
6424416
6424560
6424704
6424848
6424992
6425136
6425280
6425424
6425568
6425712
6425856
6426000
6426144
6426288
6426432
6426576
6426720
6426864
6427008
6427152
6427296
6427440
6427584
6427728
6427872
6428016
6428160
6428304
6428448
6428592
6428736
6428880
6429024
6429168
6429312
6429456
6429600
6429744
6429888
6430032
6430176
6430320
6430464
6430608
6430752
6430896
6431040
6431184
6431328
6431472
6431616
6431760
6431904
6432048
6432192
6432336
6432480
6432624
6432768
6432912
6433056
6433200
6433344
6433488
6433632
6433776
6433920
6434064
6434208
6434352
6434496
6434640
6434784
6434928
6435072
6435216
6435360
6435504
6435648
6435792
6435936
6436080
6436224
6436368
6436512
6436656
6436800
6436944
6437088
6437232
6437376
6437520
6437664
6437808
6437952
6438096
6438240
6438384
6438528
6438672
6438816
6438960
6439104
6439248
6439392
6439536
6439680
6439824
6439968
6440112
6440256
6440400
6440544
6440688
6440832
6440976
6441120
6441264
6441408
6441552
6441696
6441840
6441984
6442128
6442272
6442416
6442560
6442704
6442848
6442992
6443136
6443280
6443424
6443568
6443712
6443856
6444000
6444144
6444288
6444432
6444576
6444720
6444864
6445008
6445152
6445296
6445440
6445584
6445728
6445872
6446016
6446160
6446304
6446448
6446592
6446736
6446880
6447024
6447168
6447312
6447456
6447600
6447744
6447888
6448032
6448176
6448320
6448464
6448608
6448752
6448896
6449040
6449184
6449328
6449472
6449616
6449760
6449904
6450048
6450192
6450336
6450480
6450624
6450768
6450912
6451056
6451200
6451344
6451488
6451632
6451776
6451920
6452064
6452208
6452352
6452496
6452640
6452784
6452928
6453072
6453216
6453360
6453504
6453648
6453792
6453936
6454080
6454224
6454368
6454512
6454656
6454800
6454944
6455088
6455232
6455376
6455520
6455664
6455808
6455952
6456096
6456240
6456384
6456528
6456672
6456816
6456960
6457104
6457248
6457392
6457536
6457680
6457824
6457968
6458112
6458256
6458400
6458544
6458688
6458832
6458976
6459120
6459264
6459408
6459552
6459696
6459840
6459984
6460128
6460272
6460416
6460560
6460704
6460848
6460992
6461136
6461280
6461424
6461568
6461712
6461856
6462000
6462144
6462288
6462432
6462576
6462720
6462864
6463008
6463152
6463296
6463440
6463584
6463728
6463872
6464016
6464160
6464304
6464448
6464592
6464736
6464880
6465024
6465168
6465312
6465456
6465600
6465744
6465888
6466032
6466176
6466320
6466464
6466608
6466752
6466896
6467040
6467184
6467328
6467472
6467616
6467760
6467904
6468048
6468192
6468336
6468480
6468624
6468768
6468912
6469056
6469200
6469344
6469488
6469632
6469776
6469920
6470064
6470208
6470352
6470496
6470640
6470784
6470928
6471072
6471216
6471360
6471504
6471648
6471792
6471936
6472080
6472224
6472368
6472512
6472656
6472800
6472944
6473088
6473232
6473376
6473520
6473664
6473808
6473952
6474096
6474240
6474384
6474528
6474672
6474816
6474960
6475104
6475248
6475392
6475536
6475680
6475824
6475968
6476112
6476256
6476400
6476544
6476688
6476832
6476976
6477120
6477264
6477408
6477552
6477696
6477840
6477984
6478128
6478272
6478416
6478560
6478704
6478848
6478992
6479136
6479280
6479424
6479568
6479712
6479856
6480000
6480144
6480288
6480432
6480576
6480720
6480864
6481008
6481152
6481296
6481440
6481584
6481728
6481872
6482016
6482160
6482304
6482448
6482592
6482736
6482880
6483024
6483168
6483312
6483456
6483600
6483744
6483888
6484032
6484176
6484320
6484464
6484608
6484752
6484896
6485040
6485184
6485328
6485472
6485616
6485760
6485904
6486048
6486192
6486336
6486480
6486624
6486768
6486912
6487056
6487200
6487344
6487488
6487632
6487776
6487920
6488064
6488208
6488352
6488496
6488640
6488784
6488928
6489072
6489216
6489360
6489504
6489648
6489792
6489936
6490080
6490224
6490368
6490512
6490656
6490800
6490944
6491088
6491232
6491376
6491520
6491664
6491808
6491952
6492096
6492240
6492384
6492528
6492672
6492816
6492960
6493104
6493248
6493392
6493536
6493680
6493824
6493968
6494112
6494256
6494400
6494544
6494688
6494832
6494976
6495120
6495264
6495408
6495552
6495696
6495840
6495984
6496128
6496272
6496416
6496560
6496704
6496848
6496992
6497136
6497280
6497424
6497568
6497712
6497856
6498000
6498144
6498288
6498432
6498576
6498720
6498864
6499008
6499152
6499296
6499440
6499584
6499728
6499872
6500016
6500160
6500304
6500448
6500592
6500736
6500880
6501024
6501168
6501312
6501456
6501600
6501744
6501888
6502032
6502176
6502320
6502464
6502608
6502752
6502896
6503040
6503184
6503328
6503472
6503616
6503760
6503904
6504048
6504192
6504336
6504480
6504624
6504768
6504912
6505056
6505200
6505344
6505488
6505632
6505776
6505920
6506064
6506208
6506352
6506496
6506640
6506784
6506928
6507072
6507216
6507360
6507504
6507648
6507792
6507936
6508080
6508224
6508368
6508512
6508656
6508800
6508944
6509088
6509232
6509376
6509520
6509664
6509808
6509952
6510096
6510240
6510384
6510528
6510672
6510816
6510960
6511104
6511248
6511392
6511536
6511680
6511824
6511968
6512112
6512256
6512400
6512544
6512688
6512832
6512976
6513120
6513264
6513408
6513552
6513696
6513840
6513984
6514128
6514272
6514416
6514560
6514704
6514848
6514992
6515136
6515280
6515424
6515568
6515712
6515856
6516000
6516144
6516288
6516432
6516576
6516720
6516864
6517008
6517152
6517296
6517440
6517584
6517728
6517872
6518016
6518160
6518304
6518448
6518592
6518736
6518880
6519024
6519168
6519312
6519456
6519600
6519744
6519888
6520032
6520176
6520320
6520464
6520608
6520752
6520896
6521040
6521184
6521328
6521472
6521616
6521760
6521904
6522048
6522192
6522336
6522480
6522624
6522768
6522912
6523056
6523200
6523344
6523488
6523632
6523776
6523920
6524064
6524208
6524352
6524496
6524640
6524784
6524928
6525072
6525216
6525360
6525504
6525648
6525792
6525936
6526080
6526224
6526368
6526512
6526656
6526800
6526944
6527088
6527232
6527376
6527520
6527664
6527808
6527952
6528096
6528240
6528384
6528528
6528672
6528816
6528960
6529104
6529248
6529392
6529536
6529680
6529824
6529968
6530112
6530256
6530400
6530544
6530688
6530832
6530976
6531120
6531264
6531408
6531552
6531696
6531840
6531984
6532128
6532272
6532416
6532560
6532704
6532848
6532992
6533136
6533280
6533424
6533568
6533712
6533856
6534000
6534144
6534288
6534432
6534576
6534720
6534864
6535008
6535152
6535296
6535440
6535584
6535728
6535872
6536016
6536160
6536304
6536448
6536592
6536736
6536880
6537024
6537168
6537312
6537456
6537600
6537744
6537888
6538032
6538176
6538320
6538464
6538608
6538752
6538896
6539040
6539184
6539328
6539472
6539616
6539760
6539904
6540048
6540192
6540336
6540480
6540624
6540768
6540912
6541056
6541200
6541344
6541488
6541632
6541776
6541920
6542064
6542208
6542352
6542496
6542640
6542784
6542928
6543072
6543216
6543360
6543504
6543648
6543792
6543936
6544080
6544224
6544368
6544512
6544656
6544800
6544944
6545088
6545232
6545376
6545520
6545664
6545808
6545952
6546096
6546240
6546384
6546528
6546672
6546816
6546960
6547104
6547248
6547392
6547536
6547680
6547824
6547968
6548112
6548256
6548400
6548544
6548688
6548832
6548976
6549120
6549264
6549408
6549552
6549696
6549840
6549984
6550128
6550272
6550416
6550560
6550704
6550848
6550992
6551136
6551280
6551424
6551568
6551712
6551856
6552000
6552144
6552288
6552432
6552576
6552720
6552864
6553008
6553152
6553296
6553440
6553584
6553728
6553872
6554016
6554160
6554304
6554448
6554592
6554736
6554880
6555024
6555168
6555312
6555456
6555600
6555744
6555888
6556032
6556176
6556320
6556464
6556608
6556752
6556896
6557040
6557184
6557328
6557472
6557616
6557760
6557904
6558048
6558192
6558336
6558480
6558624
6558768
6558912
6559056
6559200
6559344
6559488
6559632
6559776
6559920
6560064
6560208
6560352
6560496
6560640
6560784
6560928
6561072
6561216
6561360
6561504
6561648
6561792
6561936
6562080
6562224
6562368
6562512
6562656
6562800
6562944
6563088
6563232
6563376
6563520
6563664
6563808
6563952
6564096
6564240
6564384
6564528
6564672
6564816
6564960
6565104
6565248
6565392
6565536
6565680
6565824
6565968
6566112
6566256
6566400
6566544
6566688
6566832
6566976
6567120
6567264
6567408
6567552
6567696
6567840
6567984
6568128
6568272
6568416
6568560
6568704
6568848
6568992
6569136
6569280
6569424
6569568
6569712
6569856
6570000
6570144
6570288
6570432
6570576
6570720
6570864
6571008
6571152
6571296
6571440
6571584
6571728
6571872
6572016
6572160
6572304
6572448
6572592
6572736
6572880
6573024
6573168
6573312
6573456
6573600
6573744
6573888
6574032
6574176
6574320
6574464
6574608
6574752
6574896
6575040
6575184
6575328
6575472
6575616
6575760
6575904
6576048
6576192
6576336
6576480
6576624
6576768
6576912
6577056
6577200
6577344
6577488
6577632
6577776
6577920
6578064
6578208
6578352
6578496
6578640
6578784
6578928
6579072
6579216
6579360
6579504
6579648
6579792
6579936
6580080
6580224
6580368
6580512
6580656
6580800
6580944
6581088
6581232
6581376
6581520
6581664
6581808
6581952
6582096
6582240
6582384
6582528
6582672
6582816
6582960
6583104
6583248
6583392
6583536
6583680
6583824
6583968
6584112
6584256
6584400
6584544
6584688
6584832
6584976
6585120
6585264
6585408
6585552
6585696
6585840
6585984
6586128
6586272
6586416
6586560
6586704
6586848
6586992
6587136
6587280
6587424
6587568
6587712
6587856
6588000
6588144
6588288
6588432
6588576
6588720
6588864
6589008
6589152
6589296
6589440
6589584
6589728
6589872
6590016
6590160
6590304
6590448
6590592
6590736
6590880
6591024
6591168
6591312
6591456
6591600
6591744
6591888
6592032
6592176
6592320
6592464
6592608
6592752
6592896
6593040
6593184
6593328
6593472
6593616
6593760
6593904
6594048
6594192
6594336
6594480
6594624
6594768
6594912
6595056
6595200
6595344
6595488
6595632
6595776
6595920
6596064
6596208
6596352
6596496
6596640
6596784
6596928
6597072
6597216
6597360
6597504
6597648
6597792
6597936
6598080
6598224
6598368
6598512
6598656
6598800
6598944
6599088
6599232
6599376
6599520
6599664
6599808
6599952
6600096
6600240
6600384
6600528
6600672
6600816
6600960
6601104
6601248
6601392
6601536
6601680
6601824
6601968
6602112
6602256
6602400
6602544
6602688
6602832
6602976
6603120
6603264
6603408
6603552
6603696
6603840
6603984
6604128
6604272
6604416
6604560
6604704
6604848
6604992
6605136
6605280
6605424
6605568
6605712
6605856
6606000
6606144
6606288
6606432
6606576
6606720
6606864
6607008
6607152
6607296
6607440
6607584
6607728
6607872
6608016
6608160
6608304
6608448
6608592
6608736
6608880
6609024
6609168
6609312
6609456
6609600
6609744
6609888
6610032
6610176
6610320
6610464
6610608
6610752
6610896
6611040
6611184
6611328
6611472
6611616
6611760
6611904
6612048
6612192
6612336
6612480
6612624
6612768
6612912
6613056
6613200
6613344
6613488
6613632
6613776
6613920
6614064
6614208
6614352
6614496
6614640
6614784
6614928
6615072
6615216
6615360
6615504
6615648
6615792
6615936
6616080
6616224
6616368
6616512
6616656
6616800
6616944
6617088
6617232
6617376
6617520
6617664
6617808
6617952
6618096
6618240
6618384
6618528
6618672
6618816
6618960
6619104
6619248
6619392
6619536
6619680
6619824
6619968
6620112
6620256
6620400
6620544
6620688
6620832
6620976
6621120
6621264
6621408
6621552
6621696
6621840
6621984
6622128
6622272
6622416
6622560
6622704
6622848
6622992
6623136
6623280
6623424
6623568
6623712
6623856
6624000
6624144
6624288
6624432
6624576
6624720
6624864
6625008
6625152
6625296
6625440
6625584
6625728
6625872
6626016
6626160
6626304
6626448
6626592
6626736
6626880
6627024
6627168
6627312
6627456
6627600
6627744
6627888
6628032
6628176
6628320
6628464
6628608
6628752
6628896
6629040
6629184
6629328
6629472
6629616
6629760
6629904
6630048
6630192
6630336
6630480
6630624
6630768
6630912
6631056
6631200
6631344
6631488
6631632
6631776
6631920
6632064
6632208
6632352
6632496
6632640
6632784
6632928
6633072
6633216
6633360
6633504
6633648
6633792
6633936
6634080
6634224
6634368
6634512
6634656
6634800
6634944
6635088
6635232
6635376
6635520
6635664
6635808
6635952
6636096
6636240
6636384
6636528
6636672
6636816
6636960
6637104
6637248
6637392
6637536
6637680
6637824
6637968
6638112
6638256
6638400
6638544
6638688
6638832
6638976
6639120
6639264
6639408
6639552
6639696
6639840
6639984
6640128
6640272
6640416
6640560
6640704
6640848
6640992
6641136
6641280
6641424
6641568
6641712
6641856
6642000
6642144
6642288
6642432
6642576
6642720
6642864
6643008
6643152
6643296
6643440
6643584
6643728
6643872
6644016
6644160
6644304
6644448
6644592
6644736
6644880
6645024
6645168
6645312
6645456
6645600
6645744
6645888
6646032
6646176
6646320
6646464
6646608
6646752
6646896
6647040
6647184
6647328
6647472
6647616
6647760
6647904
6648048
6648192
6648336
6648480
6648624
6648768
6648912
6649056
6649200
6649344
6649488
6649632
6649776
6649920
6650064
6650208
6650352
6650496
6650640
6650784
6650928
6651072
6651216
6651360
6651504
6651648
6651792
6651936
6652080
6652224
6652368
6652512
6652656
6652800
6652944
6653088
6653232
6653376
6653520
6653664
6653808
6653952
6654096
6654240
6654384
6654528
6654672
6654816
6654960
6655104
6655248
6655392
6655536
6655680
6655824
6655968
6656112
6656256
6656400
6656544
6656688
6656832
6656976
6657120
6657264
6657408
6657552
6657696
6657840
6657984
6658128
6658272
6658416
6658560
6658704
6658848
6658992
6659136
6659280
6659424
6659568
6659712
6659856
6660000
6660144
6660288
6660432
6660576
6660720
6660864
6661008
6661152
6661296
6661440
6661584
6661728
6661872
6662016
6662160
6662304
6662448
6662592
6662736
6662880
6663024
6663168
6663312
6663456
6663600
6663744
6663888
6664032
6664176
6664320
6664464
6664608
6664752
6664896
6665040
6665184
6665328
6665472
6665616
6665760
6665904
6666048
6666192
6666336
6666480
6666624
6666768
6666912
6667056
6667200
6667344
6667488
6667632
6667776
6667920
6668064
6668208
6668352
6668496
6668640
6668784
6668928
6669072
6669216
6669360
6669504
6669648
6669792
6669936
6670080
6670224
6670368
6670512
6670656
6670800
6670944
6671088
6671232
6671376
6671520
6671664
6671808
6671952
6672096
6672240
6672384
6672528
6672672
6672816
6672960
6673104
6673248
6673392
6673536
6673680
6673824
6673968
6674112
6674256
6674400
6674544
6674688
6674832
6674976
6675120
6675264
6675408
6675552
6675696
6675840
6675984
6676128
6676272
6676416
6676560
6676704
6676848
6676992
6677136
6677280
6677424
6677568
6677712
6677856
6678000
6678144
6678288
6678432
6678576
6678720
6678864
6679008
6679152
6679296
6679440
6679584
6679728
6679872
6680016
6680160
6680304
6680448
6680592
6680736
6680880
6681024
6681168
6681312
6681456
6681600
6681744
6681888
6682032
6682176
6682320
6682464
6682608
6682752
6682896
6683040
6683184
6683328
6683472
6683616
6683760
6683904
6684048
6684192
6684336
6684480
6684624
6684768
6684912
6685056
6685200
6685344
6685488
6685632
6685776
6685920
6686064
6686208
6686352
6686496
6686640
6686784
6686928
6687072
6687216
6687360
6687504
6687648
6687792
6687936
6688080
6688224
6688368
6688512
6688656
6688800
6688944
6689088
6689232
6689376
6689520
6689664
6689808
6689952
6690096
6690240
6690384
6690528
6690672
6690816
6690960
6691104
6691248
6691392
6691536
6691680
6691824
6691968
6692112
6692256
6692400
6692544
6692688
6692832
6692976
6693120
6693264
6693408
6693552
6693696
6693840
6693984
6694128
6694272
6694416
6694560
6694704
6694848
6694992
6695136
6695280
6695424
6695568
6695712
6695856
6696000
6696144
6696288
6696432
6696576
6696720
6696864
6697008
6697152
6697296
6697440
6697584
6697728
6697872
6698016
6698160
6698304
6698448
6698592
6698736
6698880
6699024
6699168
6699312
6699456
6699600
6699744
6699888
6700032
6700176
6700320
6700464
6700608
6700752
6700896
6701040
6701184
6701328
6701472
6701616
6701760
6701904
6702048
6702192
6702336
6702480
6702624
6702768
6702912
6703056
6703200
6703344
6703488
6703632
6703776
6703920
6704064
6704208
6704352
6704496
6704640
6704784
6704928
6705072
6705216
6705360
6705504
6705648
6705792
6705936
6706080
6706224
6706368
6706512
6706656
6706800
6706944
6707088
6707232
6707376
6707520
6707664
6707808
6707952
6708096
6708240
6708384
6708528
6708672
6708816
6708960
6709104
6709248
6709392
6709536
6709680
6709824
6709968
6710112
6710256
6710400
6710544
6710688
6710832
6710976
6711120
6711264
6711408
6711552
6711696
6711840
6711984
6712128
6712272
6712416
6712560
6712704
6712848
6712992
6713136
6713280
6713424
6713568
6713712
6713856
6714000
6714144
6714288
6714432
6714576
6714720
6714864
6715008
6715152
6715296
6715440
6715584
6715728
6715872
6716016
6716160
6716304
6716448
6716592
6716736
6716880
6717024
6717168
6717312
6717456
6717600
6717744
6717888
6718032
6718176
6718320
6718464
6718608
6718752
6718896
6719040
6719184
6719328
6719472
6719616
6719760
6719904
6720048
6720192
6720336
6720480
6720624
6720768
6720912
6721056
6721200
6721344
6721488
6721632
6721776
6721920
6722064
6722208
6722352
6722496
6722640
6722784
6722928
6723072
6723216
6723360
6723504
6723648
6723792
6723936
6724080
6724224
6724368
6724512
6724656
6724800
6724944
6725088
6725232
6725376
6725520
6725664
6725808
6725952
6726096
6726240
6726384
6726528
6726672
6726816
6726960
6727104
6727248
6727392
6727536
6727680
6727824
6727968
6728112
6728256
6728400
6728544
6728688
6728832
6728976
6729120
6729264
6729408
6729552
6729696
6729840
6729984
6730128
6730272
6730416
6730560
6730704
6730848
6730992
6731136
6731280
6731424
6731568
6731712
6731856
6732000
6732144
6732288
6732432
6732576
6732720
6732864
6733008
6733152
6733296
6733440
6733584
6733728
6733872
6734016
6734160
6734304
6734448
6734592
6734736
6734880
6735024
6735168
6735312
6735456
6735600
6735744
6735888
6736032
6736176
6736320
6736464
6736608
6736752
6736896
6737040
6737184
6737328
6737472
6737616
6737760
6737904
6738048
6738192
6738336
6738480
6738624
6738768
6738912
6739056
6739200
6739344
6739488
6739632
6739776
6739920
6740064
6740208
6740352
6740496
6740640
6740784
6740928
6741072
6741216
6741360
6741504
6741648
6741792
6741936
6742080
6742224
6742368
6742512
6742656
6742800
6742944
6743088
6743232
6743376
6743520
6743664
6743808
6743952
6744096
6744240
6744384
6744528
6744672
6744816
6744960
6745104
6745248
6745392
6745536
6745680
6745824
6745968
6746112
6746256
6746400
6746544
6746688
6746832
6746976
6747120
6747264
6747408
6747552
6747696
6747840
6747984
6748128
6748272
6748416
6748560
6748704
6748848
6748992
6749136
6749280
6749424
6749568
6749712
6749856
6750000
6750144
6750288
6750432
6750576
6750720
6750864
6751008
6751152
6751296
6751440
6751584
6751728
6751872
6752016
6752160
6752304
6752448
6752592
6752736
6752880
6753024
6753168
6753312
6753456
6753600
6753744
6753888
6754032
6754176
6754320
6754464
6754608
6754752
6754896
6755040
6755184
6755328
6755472
6755616
6755760
6755904
6756048
6756192
6756336
6756480
6756624
6756768
6756912
6757056
6757200
6757344
6757488
6757632
6757776
6757920
6758064
6758208
6758352
6758496
6758640
6758784
6758928
6759072
6759216
6759360
6759504
6759648
6759792
6759936
6760080
6760224
6760368
6760512
6760656
6760800
6760944
6761088
6761232
6761376
6761520
6761664
6761808
6761952
6762096
6762240
6762384
6762528
6762672
6762816
6762960
6763104
6763248
6763392
6763536
6763680
6763824
6763968
6764112
6764256
6764400
6764544
6764688
6764832
6764976
6765120
6765264
6765408
6765552
6765696
6765840
6765984
6766128
6766272
6766416
6766560
6766704
6766848
6766992
6767136
6767280
6767424
6767568
6767712
6767856
6768000
6768144
6768288
6768432
6768576
6768720
6768864
6769008
6769152
6769296
6769440
6769584
6769728
6769872
6770016
6770160
6770304
6770448
6770592
6770736
6770880
6771024
6771168
6771312
6771456
6771600
6771744
6771888
6772032
6772176
6772320
6772464
6772608
6772752
6772896
6773040
6773184
6773328
6773472
6773616
6773760
6773904
6774048
6774192
6774336
6774480
6774624
6774768
6774912
6775056
6775200
6775344
6775488
6775632
6775776
6775920
6776064
6776208
6776352
6776496
6776640
6776784
6776928
6777072
6777216
6777360
6777504
6777648
6777792
6777936
6778080
6778224
6778368
6778512
6778656
6778800
6778944
6779088
6779232
6779376
6779520
6779664
6779808
6779952
6780096
6780240
6780384
6780528
6780672
6780816
6780960
6781104
6781248
6781392
6781536
6781680
6781824
6781968
6782112
6782256
6782400
6782544
6782688
6782832
6782976
6783120
6783264
6783408
6783552
6783696
6783840
6783984
6784128
6784272
6784416
6784560
6784704
6784848
6784992
6785136
6785280
6785424
6785568
6785712
6785856
6786000
6786144
6786288
6786432
6786576
6786720
6786864
6787008
6787152
6787296
6787440
6787584
6787728
6787872
6788016
6788160
6788304
6788448
6788592
6788736
6788880
6789024
6789168
6789312
6789456
6789600
6789744
6789888
6790032
6790176
6790320
6790464
6790608
6790752
6790896
6791040
6791184
6791328
6791472
6791616
6791760
6791904
6792048
6792192
6792336
6792480
6792624
6792768
6792912
6793056
6793200
6793344
6793488
6793632
6793776
6793920
6794064
6794208
6794352
6794496
6794640
6794784
6794928
6795072
6795216
6795360
6795504
6795648
6795792
6795936
6796080
6796224
6796368
6796512
6796656
6796800
6796944
6797088
6797232
6797376
6797520
6797664
6797808
6797952
6798096
6798240
6798384
6798528
6798672
6798816
6798960
6799104
6799248
6799392
6799536
6799680
6799824
6799968
6800112
6800256
6800400
6800544
6800688
6800832
6800976
6801120
6801264
6801408
6801552
6801696
6801840
6801984
6802128
6802272
6802416
6802560
6802704
6802848
6802992
6803136
6803280
6803424
6803568
6803712
6803856
6804000
6804144
6804288
6804432
6804576
6804720
6804864
6805008
6805152
6805296
6805440
6805584
6805728
6805872
6806016
6806160
6806304
6806448
6806592
6806736
6806880
6807024
6807168
6807312
6807456
6807600
6807744
6807888
6808032
6808176
6808320
6808464
6808608
6808752
6808896
6809040
6809184
6809328
6809472
6809616
6809760
6809904
6810048
6810192
6810336
6810480
6810624
6810768
6810912
6811056
6811200
6811344
6811488
6811632
6811776
6811920
6812064
6812208
6812352
6812496
6812640
6812784
6812928
6813072
6813216
6813360
6813504
6813648
6813792
6813936
6814080
6814224
6814368
6814512
6814656
6814800
6814944
6815088
6815232
6815376
6815520
6815664
6815808
6815952
6816096
6816240
6816384
6816528
6816672
6816816
6816960
6817104
6817248
6817392
6817536
6817680
6817824
6817968
6818112
6818256
6818400
6818544
6818688
6818832
6818976
6819120
6819264
6819408
6819552
6819696
6819840
6819984
6820128
6820272
6820416
6820560
6820704
6820848
6820992
6821136
6821280
6821424
6821568
6821712
6821856
6822000
6822144
6822288
6822432
6822576
6822720
6822864
6823008
6823152
6823296
6823440
6823584
6823728
6823872
6824016
6824160
6824304
6824448
6824592
6824736
6824880
6825024
6825168
6825312
6825456
6825600
6825744
6825888
6826032
6826176
6826320
6826464
6826608
6826752
6826896
6827040
6827184
6827328
6827472
6827616
6827760
6827904
6828048
6828192
6828336
6828480
6828624
6828768
6828912
6829056
6829200
6829344
6829488
6829632
6829776
6829920
6830064
6830208
6830352
6830496
6830640
6830784
6830928
6831072
6831216
6831360
6831504
6831648
6831792
6831936
6832080
6832224
6832368
6832512
6832656
6832800
6832944
6833088
6833232
6833376
6833520
6833664
6833808
6833952
6834096
6834240
6834384
6834528
6834672
6834816
6834960
6835104
6835248
6835392
6835536
6835680
6835824
6835968
6836112
6836256
6836400
6836544
6836688
6836832
6836976
6837120
6837264
6837408
6837552
6837696
6837840
6837984
6838128
6838272
6838416
6838560
6838704
6838848
6838992
6839136
6839280
6839424
6839568
6839712
6839856
6840000
6840144
6840288
6840432
6840576
6840720
6840864
6841008
6841152
6841296
6841440
6841584
6841728
6841872
6842016
6842160
6842304
6842448
6842592
6842736
6842880
6843024
6843168
6843312
6843456
6843600
6843744
6843888
6844032
6844176
6844320
6844464
6844608
6844752
6844896
6845040
6845184
6845328
6845472
6845616
6845760
6845904
6846048
6846192
6846336
6846480
6846624
6846768
6846912
6847056
6847200
6847344
6847488
6847632
6847776
6847920
6848064
6848208
6848352
6848496
6848640
6848784
6848928
6849072
6849216
6849360
6849504
6849648
6849792
6849936
6850080
6850224
6850368
6850512
6850656
6850800
6850944
6851088
6851232
6851376
6851520
6851664
6851808
6851952
6852096
6852240
6852384
6852528
6852672
6852816
6852960
6853104
6853248
6853392
6853536
6853680
6853824
6853968
6854112
6854256
6854400
6854544
6854688
6854832
6854976
6855120
6855264
6855408
6855552
6855696
6855840
6855984
6856128
6856272
6856416
6856560
6856704
6856848
6856992
6857136
6857280
6857424
6857568
6857712
6857856
6858000
6858144
6858288
6858432
6858576
6858720
6858864
6859008
6859152
6859296
6859440
6859584
6859728
6859872
6860016
6860160
6860304
6860448
6860592
6860736
6860880
6861024
6861168
6861312
6861456
6861600
6861744
6861888
6862032
6862176
6862320
6862464
6862608
6862752
6862896
6863040
6863184
6863328
6863472
6863616
6863760
6863904
6864048
6864192
6864336
6864480
6864624
6864768
6864912
6865056
6865200
6865344
6865488
6865632
6865776
6865920
6866064
6866208
6866352
6866496
6866640
6866784
6866928
6867072
6867216
6867360
6867504
6867648
6867792
6867936
6868080
6868224
6868368
6868512
6868656
6868800
6868944
6869088
6869232
6869376
6869520
6869664
6869808
6869952
6870096
6870240
6870384
6870528
6870672
6870816
6870960
6871104
6871248
6871392
6871536
6871680
6871824
6871968
6872112
6872256
6872400
6872544
6872688
6872832
6872976
6873120
6873264
6873408
6873552
6873696
6873840
6873984
6874128
6874272
6874416
6874560
6874704
6874848
6874992
6875136
6875280
6875424
6875568
6875712
6875856
6876000
6876144
6876288
6876432
6876576
6876720
6876864
6877008
6877152
6877296
6877440
6877584
6877728
6877872
6878016
6878160
6878304
6878448
6878592
6878736
6878880
6879024
6879168
6879312
6879456
6879600
6879744
6879888
6880032
6880176
6880320
6880464
6880608
6880752
6880896
6881040
6881184
6881328
6881472
6881616
6881760
6881904
6882048
6882192
6882336
6882480
6882624
6882768
6882912
6883056
6883200
6883344
6883488
6883632
6883776
6883920
6884064
6884208
6884352
6884496
6884640
6884784
6884928
6885072
6885216
6885360
6885504
6885648
6885792
6885936
6886080
6886224
6886368
6886512
6886656
6886800
6886944
6887088
6887232
6887376
6887520
6887664
6887808
6887952
6888096
6888240
6888384
6888528
6888672
6888816
6888960
6889104
6889248
6889392
6889536
6889680
6889824
6889968
6890112
6890256
6890400
6890544
6890688
6890832
6890976
6891120
6891264
6891408
6891552
6891696
6891840
6891984
6892128
6892272
6892416
6892560
6892704
6892848
6892992
6893136
6893280
6893424
6893568
6893712
6893856
6894000
6894144
6894288
6894432
6894576
6894720
6894864
6895008
6895152
6895296
6895440
6895584
6895728
6895872
6896016
6896160
6896304
6896448
6896592
6896736
6896880
6897024
6897168
6897312
6897456
6897600
6897744
6897888
6898032
6898176
6898320
6898464
6898608
6898752
6898896
6899040
6899184
6899328
6899472
6899616
6899760
6899904
6900048
6900192
6900336
6900480
6900624
6900768
6900912
6901056
6901200
6901344
6901488
6901632
6901776
6901920
6902064
6902208
6902352
6902496
6902640
6902784
6902928
6903072
6903216
6903360
6903504
6903648
6903792
6903936
6904080
6904224
6904368
6904512
6904656
6904800
6904944
6905088
6905232
6905376
6905520
6905664
6905808
6905952
6906096
6906240
6906384
6906528
6906672
6906816
6906960
6907104
6907248
6907392
6907536
6907680
6907824
6907968
6908112
6908256
6908400
6908544
6908688
6908832
6908976
6909120
6909264
6909408
6909552
6909696
6909840
6909984
6910128
6910272
6910416
6910560
6910704
6910848
6910992
6911136
6911280
6911424
6911568
6911712
6911856
6912000
6912144
6912288
6912432
6912576
6912720
6912864
6913008
6913152
6913296
6913440
6913584
6913728
6913872
6914016
6914160
6914304
6914448
6914592
6914736
6914880
6915024
6915168
6915312
6915456
6915600
6915744
6915888
6916032
6916176
6916320
6916464
6916608
6916752
6916896
6917040
6917184
6917328
6917472
6917616
6917760
6917904
6918048
6918192
6918336
6918480
6918624
6918768
6918912
6919056
6919200
6919344
6919488
6919632
6919776
6919920
6920064
6920208
6920352
6920496
6920640
6920784
6920928
6921072
6921216
6921360
6921504
6921648
6921792
6921936
6922080
6922224
6922368
6922512
6922656
6922800
6922944
6923088
6923232
6923376
6923520
6923664
6923808
6923952
6924096
6924240
6924384
6924528
6924672
6924816
6924960
6925104
6925248
6925392
6925536
6925680
6925824
6925968
6926112
6926256
6926400
6926544
6926688
6926832
6926976
6927120
6927264
6927408
6927552
6927696
6927840
6927984
6928128
6928272
6928416
6928560
6928704
6928848
6928992
6929136
6929280
6929424
6929568
6929712
6929856
6930000
6930144
6930288
6930432
6930576
6930720
6930864
6931008
6931152
6931296
6931440
6931584
6931728
6931872
6932016
6932160
6932304
6932448
6932592
6932736
6932880
6933024
6933168
6933312
6933456
6933600
6933744
6933888
6934032
6934176
6934320
6934464
6934608
6934752
6934896
6935040
6935184
6935328
6935472
6935616
6935760
6935904
6936048
6936192
6936336
6936480
6936624
6936768
6936912
6937056
6937200
6937344
6937488
6937632
6937776
6937920
6938064
6938208
6938352
6938496
6938640
6938784
6938928
6939072
6939216
6939360
6939504
6939648
6939792
6939936
6940080
6940224
6940368
6940512
6940656
6940800
6940944
6941088
6941232
6941376
6941520
6941664
6941808
6941952
6942096
6942240
6942384
6942528
6942672
6942816
6942960
6943104
6943248
6943392
6943536
6943680
6943824
6943968
6944112
6944256
6944400
6944544
6944688
6944832
6944976
6945120
6945264
6945408
6945552
6945696
6945840
6945984
6946128
6946272
6946416
6946560
6946704
6946848
6946992
6947136
6947280
6947424
6947568
6947712
6947856
6948000
6948144
6948288
6948432
6948576
6948720
6948864
6949008
6949152
6949296
6949440
6949584
6949728
6949872
6950016
6950160
6950304
6950448
6950592
6950736
6950880
6951024
6951168
6951312
6951456
6951600
6951744
6951888
6952032
6952176
6952320
6952464
6952608
6952752
6952896
6953040
6953184
6953328
6953472
6953616
6953760
6953904
6954048
6954192
6954336
6954480
6954624
6954768
6954912
6955056
6955200
6955344
6955488
6955632
6955776
6955920
6956064
6956208
6956352
6956496
6956640
6956784
6956928
6957072
6957216
6957360
6957504
6957648
6957792
6957936
6958080
6958224
6958368
6958512
6958656
6958800
6958944
6959088
6959232
6959376
6959520
6959664
6959808
6959952
6960096
6960240
6960384
6960528
6960672
6960816
6960960
6961104
6961248
6961392
6961536
6961680
6961824
6961968
6962112
6962256
6962400
6962544
6962688
6962832
6962976
6963120
6963264
6963408
6963552
6963696
6963840
6963984
6964128
6964272
6964416
6964560
6964704
6964848
6964992
6965136
6965280
6965424
6965568
6965712
6965856
6966000
6966144
6966288
6966432
6966576
6966720
6966864
6967008
6967152
6967296
6967440
6967584
6967728
6967872
6968016
6968160
6968304
6968448
6968592
6968736
6968880
6969024
6969168
6969312
6969456
6969600
6969744
6969888
6970032
6970176
6970320
6970464
6970608
6970752
6970896
6971040
6971184
6971328
6971472
6971616
6971760
6971904
6972048
6972192
6972336
6972480
6972624
6972768
6972912
6973056
6973200
6973344
6973488
6973632
6973776
6973920
6974064
6974208
6974352
6974496
6974640
6974784
6974928
6975072
6975216
6975360
6975504
6975648
6975792
6975936
6976080
6976224
6976368
6976512
6976656
6976800
6976944
6977088
6977232
6977376
6977520
6977664
6977808
6977952
6978096
6978240
6978384
6978528
6978672
6978816
6978960
6979104
6979248
6979392
6979536
6979680
6979824
6979968
6980112
6980256
6980400
6980544
6980688
6980832
6980976
6981120
6981264
6981408
6981552
6981696
6981840
6981984
6982128
6982272
6982416
6982560
6982704
6982848
6982992
6983136
6983280
6983424
6983568
6983712
6983856
6984000
6984144
6984288
6984432
6984576
6984720
6984864
6985008
6985152
6985296
6985440
6985584
6985728
6985872
6986016
6986160
6986304
6986448
6986592
6986736
6986880
6987024
6987168
6987312
6987456
6987600
6987744
6987888
6988032
6988176
6988320
6988464
6988608
6988752
6988896
6989040
6989184
6989328
6989472
6989616
6989760
6989904
6990048
6990192
6990336
6990480
6990624
6990768
6990912
6991056
6991200
6991344
6991488
6991632
6991776
6991920
6992064
6992208
6992352
6992496
6992640
6992784
6992928
6993072
6993216
6993360
6993504
6993648
6993792
6993936
6994080
6994224
6994368
6994512
6994656
6994800
6994944
6995088
6995232
6995376
6995520
6995664
6995808
6995952
6996096
6996240
6996384
6996528
6996672
6996816
6996960
6997104
6997248
6997392
6997536
6997680
6997824
6997968
6998112
6998256
6998400
6998544
6998688
6998832
6998976
6999120
6999264
6999408
6999552
6999696
6999840
6999984
7000128
7000272
7000416
7000560
7000704
7000848
7000992
7001136
7001280
7001424
7001568
7001712
7001856
7002000
7002144
7002288
7002432
7002576
7002720
7002864
7003008
7003152
7003296
7003440
7003584
7003728
7003872
7004016
7004160
7004304
7004448
7004592
7004736
7004880
7005024
7005168
7005312
7005456
7005600
7005744
7005888
7006032
7006176
7006320
7006464
7006608
7006752
7006896
7007040
7007184
7007328
7007472
7007616
7007760
7007904
7008048
7008192
7008336
7008480
7008624
7008768
7008912
7009056
7009200
7009344
7009488
7009632
7009776
7009920
7010064
7010208
7010352
7010496
7010640
7010784
7010928
7011072
7011216
7011360
7011504
7011648
7011792
7011936
7012080
7012224
7012368
7012512
7012656
7012800
7012944
7013088
7013232
7013376
7013520
7013664
7013808
7013952
7014096
7014240
7014384
7014528
7014672
7014816
7014960
7015104
7015248
7015392
7015536
7015680
7015824
7015968
7016112
7016256
7016400
7016544
7016688
7016832
7016976
7017120
7017264
7017408
7017552
7017696
7017840
7017984
7018128
7018272
7018416
7018560
7018704
7018848
7018992
7019136
7019280
7019424
7019568
7019712
7019856
7020000
7020144
7020288
7020432
7020576
7020720
7020864
7021008
7021152
7021296
7021440
7021584
7021728
7021872
7022016
7022160
7022304
7022448
7022592
7022736
7022880
7023024
7023168
7023312
7023456
7023600
7023744
7023888
7024032
7024176
7024320
7024464
7024608
7024752
7024896
7025040
7025184
7025328
7025472
7025616
7025760
7025904
7026048
7026192
7026336
7026480
7026624
7026768
7026912
7027056
7027200
7027344
7027488
7027632
7027776
7027920
7028064
7028208
7028352
7028496
7028640
7028784
7028928
7029072
7029216
7029360
7029504
7029648
7029792
7029936
7030080
7030224
7030368
7030512
7030656
7030800
7030944
7031088
7031232
7031376
7031520
7031664
7031808
7031952
7032096
7032240
7032384
7032528
7032672
7032816
7032960
7033104
7033248
7033392
7033536
7033680
7033824
7033968
7034112
7034256
7034400
7034544
7034688
7034832
7034976
7035120
7035264
7035408
7035552
7035696
7035840
7035984
7036128
7036272
7036416
7036560
7036704
7036848
7036992
7037136
7037280
7037424
7037568
7037712
7037856
7038000
7038144
7038288
7038432
7038576
7038720
7038864
7039008
7039152
7039296
7039440
7039584
7039728
7039872
7040016
7040160
7040304
7040448
7040592
7040736
7040880
7041024
7041168
7041312
7041456
7041600
7041744
7041888
7042032
7042176
7042320
7042464
7042608
7042752
7042896
7043040
7043184
7043328
7043472
7043616
7043760
7043904
7044048
7044192
7044336
7044480
7044624
7044768
7044912
7045056
7045200
7045344
7045488
7045632
7045776
7045920
7046064
7046208
7046352
7046496
7046640
7046784
7046928
7047072
7047216
7047360
7047504
7047648
7047792
7047936
7048080
7048224
7048368
7048512
7048656
7048800
7048944
7049088
7049232
7049376
7049520
7049664
7049808
7049952
7050096
7050240
7050384
7050528
7050672
7050816
7050960
7051104
7051248
7051392
7051536
7051680
7051824
7051968
7052112
7052256
7052400
7052544
7052688
7052832
7052976
7053120
7053264
7053408
7053552
7053696
7053840
7053984
7054128
7054272
7054416
7054560
7054704
7054848
7054992
7055136
7055280
7055424
7055568
7055712
7055856
7056000
7056144
7056288
7056432
7056576
7056720
7056864
7057008
7057152
7057296
7057440
7057584
7057728
7057872
7058016
7058160
7058304
7058448
7058592
7058736
7058880
7059024
7059168
7059312
7059456
7059600
7059744
7059888
7060032
7060176
7060320
7060464
7060608
7060752
7060896
7061040
7061184
7061328
7061472
7061616
7061760
7061904
7062048
7062192
7062336
7062480
7062624
7062768
7062912
7063056
7063200
7063344
7063488
7063632
7063776
7063920
7064064
7064208
7064352
7064496
7064640
7064784
7064928
7065072
7065216
7065360
7065504
7065648
7065792
7065936
7066080
7066224
7066368
7066512
7066656
7066800
7066944
7067088
7067232
7067376
7067520
7067664
7067808
7067952
7068096
7068240
7068384
7068528
7068672
7068816
7068960
7069104
7069248
7069392
7069536
7069680
7069824
7069968
7070112
7070256
7070400
7070544
7070688
7070832
7070976
7071120
7071264
7071408
7071552
7071696
7071840
7071984
7072128
7072272
7072416
7072560
7072704
7072848
7072992
7073136
7073280
7073424
7073568
7073712
7073856
7074000
7074144
7074288
7074432
7074576
7074720
7074864
7075008
7075152
7075296
7075440
7075584
7075728
7075872
7076016
7076160
7076304
7076448
7076592
7076736
7076880
7077024
7077168
7077312
7077456
7077600
7077744
7077888
